game_id,sequence_id,frame,time_s,t_rel_s,n_players,rms_distance,along_axis_variance,perpendicular_variance,grid_entropy,defending_area_m2,defending_fraction,ball_x_m,pitch_control_fraction,own_third_control
1,1,5577,223.08,-2.0,10,18.224798930168777,226.42913502562496,105.71416101945601,2.302585092994046,4926.523515714423,0.6899892879151853,27.7662,0.6787998122407088,0.9317540838721323
1,1,5578,223.12,-1.960000000000008,10,18.241510017353416,227.36451591472502,105.38817179847999,2.302585092994046,4937.736212425036,0.6915596936169519,27.966749999999998,,
1,1,5579,223.16,-1.920000000000016,10,18.257315000318666,228.28114279372502,105.048408227136,2.302585092994046,4948.29085759338,0.6930379352371681,28.164149999999996,,
1,1,5580,223.2,-1.8800000000000239,10,18.274506391160912,229.220390326725,104.737193513856,2.302585092994046,4958.876905295923,0.694520574971418,28.360500000000002,,
1,1,5581,223.24,-1.8400000000000034,10,18.29250215917702,230.18315368859993,104.432481554896,2.302585092994046,4969.331833258705,0.6959848505964572,28.556849999999997,,
1,1,5582,223.28,-1.8000000000000114,10,18.310325267574466,231.15662679059997,104.111384613776,2.302585092994046,4979.421504325102,0.6973979697934317,28.754250000000003,0.685010118082995,0.9332522403405298
1,1,5583,223.32,-1.7600000000000193,10,18.32917740735672,232.1414864685001,103.81725796185601,2.302585092994046,4989.308677696521,0.6987827279687006,28.949550000000002,,
1,1,5584,223.36,-1.7199999999999989,10,18.346477583964422,233.12047164052507,103.472768098384,2.302585092994046,4998.559942611533,0.7000784233349486,29.142749999999996,,
1,1,5585,223.4,-1.6800000000000068,10,18.36568495748623,234.13639248090004,103.16199147673596,2.302585092994046,5007.775557765599,0.7013691257374789,29.337,,
1,1,5586,223.44,-1.6400000000000148,10,18.385375714945425,235.15825621522498,102.86378396447999,2.302585092994046,5016.547734680782,0.7025977219440871,29.533350000000002,,
1,1,5587,223.48,-1.6000000000000227,10,18.40458306101162,236.17513909709993,102.55353855257601,2.302585092994046,5024.995629349149,0.7037809004690685,29.727600000000002,0.6902511478743573,0.9356279720759066
1,1,5588,223.52,-1.5600000000000023,10,18.424100232447962,237.198991653225,102.24847772206401,2.302585092994046,5033.183617215458,0.7049276774811566,29.917650000000002,,
1,1,5589,223.56,-1.5200000000000102,10,18.444994184874254,238.24795641412507,101.96985406592,2.302585092994046,5041.231821894096,0.7060548770159797,30.106650000000005,,
1,1,5590,223.6,-1.4800000000000182,10,18.46596478709694,239.30670695400005,101.685148564304,2.302585092994046,5049.334441536581,0.7071896976941991,30.297749999999997,,
1,1,5591,223.64,-1.4400000000000261,10,18.48656678936035,240.36860506522507,101.384546592256,2.302585092994046,5056.594759662862,0.7082065489723897,30.485699999999998,,
1,1,5592,223.68,-1.4000000000000057,10,18.507129780949395,241.41939392340004,101.09445880550399,2.302585092994046,5064.018845725153,0.7092463369362959,30.6726,0.6955042625658652,0.9379335790006368
1,1,5593,223.72,-1.3600000000000136,10,18.527543533673427,242.4868306749,100.783038717264,2.302585092994046,5071.3900712839895,0.7102787214683458,30.8553,,
1,1,5594,223.76,-1.3200000000000216,10,18.549354124882328,243.594008064225,100.484530386064,2.302585092994046,5078.644571067985,0.7112947578526592,31.0338,,
1,1,5595,223.8,-1.2800000000000011,10,18.570755696905927,244.69023831209998,100.182728842064,2.302585092994046,5085.82721678378,0.712300730641986,31.214399999999998,,
1,1,5596,223.84,-1.240000000000009,10,18.590809965735893,245.77180056922504,99.84641461288001,2.302585092994046,5092.382944989038,0.7132188998584087,31.39185,,
1,1,5597,223.88,-1.200000000000017,10,18.610865503821792,246.87022986360003,99.49408493774399,2.302585092994046,5098.530698060107,0.7140799297002951,31.56615,0.6974704343601124,0.9395808656249633
1,1,5598,223.92,-1.160000000000025,10,18.630563454641436,247.966258596525,99.131636040896,2.302585092994046,5105.169574933992,0.7150097443885144,31.74045,,
1,1,5599,223.96,-1.1200000000000045,10,18.648729607657486,249.03341954662497,98.74169643289599,2.302585092994046,5111.32980535397,0.7158725217582591,31.912650000000003,,
1,1,5600,224.0,-1.0800000000000125,10,18.667006054983645,250.1210690811,98.336045975696,2.302585092994046,5117.4075023690375,0.7167237398275961,32.081700000000005,,
1,1,5601,224.04,-1.0400000000000205,10,18.685152544757056,251.205274427625,97.92965119321602,2.302585092994046,5123.2485329149695,0.7175418113326287,32.2539,,
1,1,5602,224.08,-1.0,10,18.710580535618234,252.39693817800003,97.68888580185599,2.302585092994046,5130.393388533694,0.7185424913912736,32.42295,0.6990439020044152,0.9413854904693904
1,1,5603,224.12,-0.960000000000008,10,18.726869708098818,253.450325562525,97.24532350158401,2.302585092994046,5135.304661906053,0.7192303448047693,32.594100000000005,,
1,1,5604,224.16,-0.9200000000000159,10,18.743055266736558,254.51829199912504,96.783828732816,2.302585092994046,5139.603309025755,0.7198323962220946,32.76525,,
1,1,5605,224.2,-0.8800000000000239,10,18.75870870881898,255.56657453302506,96.32257788929599,2.302585092994046,5144.13167002561,0.7204666204517661,32.93535,,
1,1,5606,224.24,-0.8400000000000034,10,18.774000889412598,256.58550027022505,95.87760912543999,2.302585092994046,5148.337422376559,0.7210556613972772,33.10335,,
1,1,5607,224.28,-0.8000000000000114,10,18.78902648783103,257.60524061160004,95.422275748816,2.302585092994046,5152.527517737382,0.7216425094870283,33.270300000000006,0.6968807222759713,0.9427479731363587
1,1,5608,224.32,-0.7600000000000193,10,18.803746641402718,258.6116505924,94.969237161664,2.302585092994046,5156.5394750382475,0.7222044082686623,33.43515,,
1,1,5609,224.36,-0.7199999999999989,10,18.817907182178256,259.6180507389,94.49557997817601,2.302585092994046,5160.2665996953165,0.7227264145231536,33.596849999999996,,
1,1,5610,224.4,-0.6800000000000068,10,18.832278478974047,260.607835648125,94.04687706150399,2.302585092994046,5164.371674780508,0.7233013550112757,33.759600000000006,,
1,1,5611,224.44,-0.6400000000000148,10,18.847457518700526,261.593097297525,93.633557621696,2.302585092994046,5168.251010947351,0.7238446794043908,33.9234,,
1,1,5612,224.48,-0.6000000000000227,10,18.86421788185304,262.6269145794,93.231801714624,2.302585092994046,5172.380613683743,0.7244230551377792,34.083,0.6992999545377682,0.944270050032158
1,1,5613,224.52,-0.5600000000000023,10,18.88067551552264,263.6397927954,92.84011512705601,2.302585092994046,5176.271508032973,0.7249679983239458,34.2405,,
1,1,5614,224.56,-0.5200000000000102,10,18.89756550346433,264.6748953497251,92.443086608,2.302585092994046,5180.212589406687,0.7255199705051382,34.39695,,
1,1,5615,224.6,-0.4800000000000182,10,18.913512211680544,265.6876238021251,92.03332037926398,2.302585092994046,5184.392804204206,0.726105434762494,34.54815,,
1,1,5616,224.64,-0.44000000000002615,10,18.929114097568565,266.701530474225,91.609830044544,2.302585092994046,5188.64519892726,0.7267010082531177,34.698299999999996,,
1,1,5617,224.68,-0.4000000000000057,10,18.945775808497917,267.73920779602497,91.20321318984,2.302585092994046,5192.6912582189025,0.7272676832239359,34.84845,0.7001107476272872,0.9459545453248657
1,1,5618,224.72,-0.36000000000001364,10,18.960811620140866,268.75089068152494,90.76148661294398,2.302585092994046,5196.199428250995,0.7277590235645649,34.9986,,
1,1,5619,224.76,-0.3200000000000216,10,18.975530975808844,269.73632039602495,90.33445541785599,2.302585092994046,5199.996936996117,0.7282908875344702,35.1456,,
1,1,5620,224.8,-0.28000000000000114,10,18.98727104072157,270.6968318795999,89.81962969422399,2.302585092994046,5202.06380926397,0.7285803654431331,35.288399999999996,,
1,1,5621,224.84,-0.2400000000000091,10,19.000834125269343,271.71433265760004,89.31736479839998,2.302585092994046,5203.8949888419465,0.728836833171141,35.43225,,
1,1,5622,224.88,-0.20000000000001705,10,19.016430958115382,272.792691623025,88.83195476174403,2.302585092994046,5205.491674152658,0.729060458564798,35.59185,0.6954043889316617,0.947237972875372
1,1,5623,224.92,-0.160000000000025,10,19.03111159056202,273.83410049940005,88.34910787302401,2.302585092994046,5206.608985954812,0.7292169448115983,35.75145,,
1,1,5624,224.96,-0.12000000000000455,10,19.04664638686047,274.898177415225,87.87656117088,2.163955656882057,5205.954423849597,0.7291252694467223,35.91105,,
1,1,5625,225.0,-0.0800000000000125,10,19.06113283007243,275.930036006625,87.39674875904,2.163955656882057,5205.321245927755,0.7290365890655118,36.0675,,
1,1,5626,225.04,-0.040000000000020464,10,19.076815383193704,276.98242737059996,86.94245779385601,2.302585092994046,5205.327208993393,0.7290374242287666,36.2229,,
1,1,5627,225.08,0.0,10,19.091870229127267,277.9893690651,86.51013978073601,2.302585092994046,5206.079313846136,0.7291427610428761,37.379999999999995,0.6955727334647714,0.9480654884357729
1,1,5628,225.12,0.03999999999999204,10,19.106359554182504,278.988809404725,86.064166008976,2.302585092994046,5206.484069363412,0.7291994494906741,37.3128,,
1,1,5629,225.16,0.07999999999998408,10,19.121726659554046,279.9911751399,85.64925530280001,2.302585092994046,5207.383702114948,0.729325448475483,37.20885,,
1,1,5630,225.2,0.11999999999997613,10,19.13340510602083,280.8984561264,85.188734824704,2.302585092994046,5207.006099154631,0.729272562906811,37.1049,,
1,1,5631,225.24,0.1599999999999966,10,19.14434230775923,281.8041098229,84.70173257376,2.302585092994046,5206.351559515317,0.7291808906884197,37.000949999999996,,
1,1,5632,225.28,0.19999999999998863,10,19.152767948332926,282.603513488625,84.225006594064,2.302585092994046,5205.478968799137,0.7290586791035206,36.897,0.6908319330979082,0.9496061163512579
1,1,5633,225.32,0.23999999999998067,10,19.160717581361194,283.3602842511,83.772813981584,2.302585092994046,5204.03078918918,0.7288558528276162,36.79305,,
1,1,5634,225.36,0.28000000000000114,10,19.165648964780086,284.0157767286,83.30632351257597,2.302585092994046,5202.42968005217,0.728631607850444,36.6891,,
1,1,5635,225.4,0.3199999999999932,10,19.1694186338257,284.6051502084,82.86146055046402,2.302585092994046,5200.487923455196,0.7283596531449855,36.58515,,
1,1,5636,225.44,0.3599999999999852,10,19.172243398772192,285.13923847289993,82.43567846886401,2.302585092994046,5198.200133227114,0.7280392343455342,36.481199999999994,,
1,1,5637,225.48,0.39999999999997726,10,19.17419154160133,285.62674417200003,82.022877102016,2.302585092994046,5195.756782437867,0.7276970283526426,36.377250000000004,0.6854225307577544,0.9510922713887607
1,1,5638,225.52,0.4399999999999977,10,19.17199687609981,285.99011085172503,81.57535336545598,2.302585092994046,5192.66609609686,0.7272641591172073,36.2733,,
1,1,5639,225.56,0.47999999999998977,10,19.167165281058022,286.2974655261,81.08275938529601,2.302585092994046,5189.595869258142,0.7268341553582832,36.16935,,
1,1,5640,225.6,0.5199999999999818,10,19.163404911547975,286.657092040725,80.57899576321601,2.302585092994046,5186.173041314749,0.7263547676911414,36.065400000000004,,
1,1,5641,225.64,0.5599999999999739,10,19.157284893445002,286.9047530874,80.096811401216,2.302585092994046,5182.957235650241,0.7259043747409303,35.96145,,
1,1,5642,225.68,0.5999999999999943,10,19.15389385176197,287.236975288725,79.63467439584002,2.302585092994046,5179.163904656385,0.72537309589025,35.8575,0.6778795475905889,0.9525487931906094
1,1,5643,225.72,0.6399999999999864,10,19.14531452818493,287.442928683225,79.100139699904,2.302585092994046,5175.468711840624,0.7248555618824403,35.75355,,
1,1,5644,225.76,0.6799999999999784,10,19.129878391628136,287.503109219025,78.449138059456,2.302585092994046,5170.368323862539,0.7241412218294873,35.6496,,
1,1,5645,225.8,0.7199999999999989,10,19.113784690520323,287.519093352225,77.81767184334402,2.302585092994046,5165.00452060046,0.7233899888796163,35.54565,,
1,1,5646,225.84,0.7599999999999909,10,19.095855000431612,287.447008947525,77.204669249984,2.302585092994046,5162.217501222187,0.7229996500311187,35.4417,,
1,1,5647,225.88,0.799999999999983,10,19.0722455695988,287.245154295225,76.50539677185601,2.302585092994046,5176.819158417995,0.7250447000585427,35.33775,0.6628916449413066,0.954418196392152
1,1,5648,225.92,0.839999999999975,10,19.05389249423844,287.1100538019,75.940765380096,2.302585092994046,5171.910109281842,0.724357158162723,35.233799999999995,,
1,1,5649,225.96,0.8799999999999955,10,19.023048236839017,286.48346322960003,75.39290099150399,2.302585092994046,5164.45371130661,0.7233128447208137,35.129850000000005,,
1,1,5650,226.0,0.9199999999999875,10,18.9973317614505,286.08494079059994,74.81367326401599,2.302585092994046,5156.418202397705,0.7221874233050004,35.0259,,
1,1,5651,226.04,0.9599999999999795,10,18.96895422322738,285.5639773475999,74.257246975296,2.302585092994046,5147.7576236659115,0.720974457096066,34.92195,,
1,1,5652,226.08,1.0,10,18.935887181992715,284.90108771250004,73.666735656656,2.302585092994046,5137.398131205063,0.7195235477878238,34.818,0.6570283542046259,0.9567710875016104
1,1,5653,226.12,1.039999999999992,10,18.899176454704186,284.064046350525,73.11482431552001,2.302585092994046,5125.501605805836,0.7178573677599213,34.71404999999999,,
1,1,5654,226.16,1.079999999999984,10,18.861233017816332,283.16384945572497,72.58226149664,2.302585092994046,5111.198469682653,0.715854127406534,34.6101,,
1,1,5655,226.2,1.1199999999999761,10,18.82093372747221,282.18597340972497,72.04157296417603,2.302585092994046,5091.8905077567815,0.7131499310583729,34.50615,,
1,1,5656,226.24,1.1599999999999966,10,18.780999844722032,281.19279215002507,71.53316301742399,2.302585092994046,5065.050505867646,0.7093908271523314,34.4022,,
1,1,5657,226.28,1.1999999999999886,10,18.73790641498887,280.109513840625,70.999622976256,2.302585092994046,5028.4404446960425,0.7042633676044877,34.29825,0.6476710679916466,0.9581846966497138
1,1,5658,226.32,1.2399999999999807,10,18.69449583810275,279.00983915122504,70.474335489616,2.302585092994046,4993.048033430687,0.6993064472591998,34.1943,,
1,1,5659,226.36,1.2800000000000011,10,18.649476547639747,277.852919530725,69.95005597023999,2.302585092994046,4956.993619103851,0.6942568093982986,34.09035,,
1,1,5660,226.4,1.3199999999999932,10,18.604225671561288,276.6794503599,69.43776247848,2.302585092994046,4920.277585026506,0.6891145077067936,33.986399999999996,,
1,1,5661,226.44,1.3599999999999852,10,18.559186581907653,275.48129905852505,68.96210752353602,2.302585092994046,4884.32132811067,0.6840786173824468,33.882450000000006,,
1,1,5662,226.48,1.3999999999999773,10,18.513876749906917,274.2727663745999,68.49086593614399,2.302585092994046,4851.779105577942,0.6795208831341656,33.7785,0.6384942781951649,0.9593395183765675
1,1,5663,226.52,1.4399999999999977,10,18.467113480705777,272.98973624422507,68.04454406503999,2.302585092994046,4825.742367168825,0.6758742811160819,33.674549999999996,,
1,1,5664,226.56,1.4799999999999898,10,18.41926050293195,271.66408728952507,67.60507018534402,2.302585092994046,4801.792390412107,0.672519942634749,33.539100000000005,,
1,1,5665,226.6,1.5199999999999818,10,18.371428368712895,270.2822720897249,67.22710821702401,2.302585092994046,4782.953799348064,0.6698814845025299,33.2556,,
1,1,5666,226.64,1.5599999999999739,10,18.32333241272343,268.88657160802506,66.857939099136,2.163955656882057,4764.0928319474,0.6672398924296078,32.9721,,
1,1,5667,226.68,1.5999999999999943,10,18.272728048503897,267.377057140725,66.51553319385599,2.163955656882057,4747.684135712226,0.6649417557019924,32.6886,0.6329847660739738,0.9597189186547556
1,1,5668,226.72,1.6399999999999864,10,18.221236881212015,265.850258384025,66.163215097216,2.163955656882057,4732.795263441802,0.6628564794736417,32.4051,,
1,1,5669,226.76,1.6799999999999784,10,18.16864054234339,264.28139430209995,65.81810485478401,2.163955656882057,4717.586461115265,0.6607263951141827,32.121599999999994,,
1,1,5670,226.8,1.7199999999999989,10,18.114963842466842,262.672771887225,65.47914312665601,2.163955656882057,4702.58057458131,0.658624730333517,31.83915,,
1,1,5671,226.84,1.759999999999991,10,18.060695178752226,261.0550990718999,65.133611267904,2.163955656882057,4687.055092035238,0.6564502930021341,31.555649999999996,,
1,1,5672,226.88,1.799999999999983,10,18.006731609203378,259.4350940391001,64.80728920678399,2.163955656882057,4669.980802853621,0.6540589359738965,31.272150000000003,0.6275822395967263,0.9597166832733881
1,1,5673,226.92,1.839999999999975,10,17.9519237244067,257.7668227029001,64.50474270401602,2.163955656882057,4655.794886777578,0.6520721129940585,30.98865,,
1,1,5674,226.96,1.8799999999999955,10,17.89653668344901,256.07331090810004,64.21271435393602,2.163955656882057,4641.165304836766,0.6500231519379225,30.705149999999996,,
1,1,5675,227.0,1.9199999999999875,10,17.842763945768045,254.4199482384,63.94427698600002,2.163955656882057,4626.313376464466,0.6479430499249953,30.42165,,
1,1,5676,227.04,1.9599999999999795,10,17.78985088729425,252.7536128481,63.725181744064,2.163955656882057,4615.275020149177,0.6463970616455432,30.13815,,
1,1,5677,227.08,2.0,10,17.737186176422263,251.10863121802498,63.49914223904,2.163955656882057,4603.556228423763,0.6447557742890424,29.854649999999996,0.6250665518004033,0.958656942352125
1,1,5678,227.12,2.039999999999992,10,17.684089509110837,249.45083807489996,63.27618369134401,2.163955656882057,4590.9094805275745,0.6429845210822933,29.5722,,
1,1,5679,227.16,2.079999999999984,10,17.63234439928477,247.813357369725,63.086211645263994,2.163955656882057,4579.619116241629,0.6414032375688556,29.288699999999995,,
1,1,5680,227.2,2.119999999999976,10,17.58136752582691,246.18467094322506,62.919813134975996,2.163955656882057,4569.638422234893,0.6400053812653911,29.005200000000006,,
1,1,5681,227.24,2.1599999999999966,10,17.530226961181537,244.5451565886,62.763700721936004,2.163955656882057,4559.4736098059,0.6385817380680532,28.721700000000002,,
1,1,5682,227.28,2.1999999999999886,10,17.479741703867482,242.9175823641,62.62378766982399,2.163955656882057,4548.333206953164,0.6370214575564657,28.4382,0.6211538921090398,0.956005454312014
1,1,5683,227.32,2.2399999999999807,10,17.430586522289605,241.31214457560003,62.513201935424014,2.163955656882057,4538.262217037781,0.6356109547671962,28.1547,,
1,1,5684,227.36,2.280000000000001,10,17.381099656959826,239.68426029502498,62.41836499014399,2.163955656882057,4525.959512422347,0.6338878868938861,27.8712,,
1,1,5685,227.4,2.319999999999993,10,17.333095267800843,238.07996442089998,62.356227141759994,2.163955656882057,4514.676707495069,0.6323076621141555,27.587699999999998,,
1,1,5686,227.44,2.359999999999985,10,17.285429696733633,236.46824451022502,62.31783529049602,2.163955656882057,4503.023724003293,0.6306755915970997,27.4848,,
1,1,5687,227.48,2.3999999999999773,10,17.238120595616593,234.85956837052504,62.293233298496,2.163955656882057,4491.565991693521,0.6290708671839665,27.349349999999998,0.6170286148296902,0.9525316488423459
1,1,5688,227.52,2.4399999999999977,10,17.19194599936377,233.26532112240002,62.297686122640016,2.163955656882057,4479.489805681989,0.6273795246053206,27.210749999999997,,
1,1,5689,227.56,2.4799999999999898,10,17.149915753020014,231.7566576969,62.362952638783995,2.163955656882057,4466.864985547625,0.6256113425136729,27.069000000000003,,
1,1,5690,227.6,2.519999999999982,10,17.10855911278083,230.24056364189997,62.46223127361601,2.163955656882057,4456.774017752075,0.6241980417019715,26.9199,,
1,1,5691,227.64,2.559999999999974,10,17.067814511497364,228.75502784399995,62.55526435488001,2.163955656882057,4446.065018922032,0.6226981819218533,26.766600000000004,,
1,1,5692,227.68,2.5999999999999943,10,17.028594286151428,227.28549003772505,62.687533324624,2.163955656882057,4435.910913080736,0.6212760382466016,26.6112,0.6116276986517842,0.9478967320896183
1,1,5693,227.72,2.6399999999999864,10,16.989857563665918,225.83070895140003,62.824551082255994,2.163955656882057,4427.483968761157,0.6200957939441396,26.450549999999996,,
1,1,5694,227.76,2.6799999999999784,10,16.95178461344082,224.404815548025,62.958186032464006,2.163955656882057,4417.592939901124,0.6187104957844712,26.288849999999996,,
1,1,5695,227.8,2.719999999999999,10,16.916168194968503,223.02245579039996,63.134290610064,2.163955656882057,4410.058405691494,0.617655238892366,26.125049999999998,,
1,1,5696,227.84,2.759999999999991,10,16.880497062573248,221.65480021860003,63.29638086094401,2.302585092994046,4401.168968220753,0.616410219638761,25.958099999999998,,
1,1,5697,227.88,2.799999999999983,10,16.84691216235782,220.32699808139995,63.49145132479998,2.302585092994046,4393.900117986801,0.6153921733875071,25.7859,0.6049464139875123,0.9408582142856811
1,1,5698,227.92,2.839999999999975,10,16.812845566650044,219.0237607026,63.64801534542401,2.163955656882057,4385.0946877851275,0.6141589198578611,25.611600000000003,,
1,1,5699,227.96,2.8799999999999955,10,16.779242589114357,217.71648717052503,63.82649469382401,2.163955656882057,4376.956008581794,0.6130190488209796,25.4331,,
1,1,5700,228.0,2.9199999999999875,10,16.748790005437527,216.48809339010003,64.03387325614399,2.163955656882057,4370.099541907197,0.6120587593707558,25.25145,,
1,1,5701,228.04,2.9599999999999795,10,16.717549021460684,215.27515685812506,64.20128842681602,2.163955656882057,4362.709437334023,0.6110237307190509,25.0719,,
1,1,5702,228.08,3.0,10,16.688361186984928,214.09530585502498,64.40609325224001,2.163955656882057,4356.718093729435,0.6101846069649068,24.88605,0.5979867012317572,0.9331280981573892
1,1,5703,228.12,3.039999999999992,10,16.657165037706775,212.89787557762497,64.56327151577601,2.163955656882057,4350.421316455433,0.609302705385915,24.69915,,
1,1,5704,228.16,3.079999999999984,10,16.626571191756405,211.7127982284,64.73007136614399,2.163955656882057,4345.507000252617,0.6086144258056886,24.510150000000003,,
1,1,5705,228.2,3.119999999999976,10,16.596511043789565,210.56845532152502,64.87572350510399,2.163955656882057,4339.813091934735,0.6078169596547248,24.317999999999998,,
1,1,5706,228.24,3.1599999999999966,10,16.565997087279595,209.4374558619,64.994803633856,2.163955656882057,4333.700896605171,0.6069609098886793,24.12375,,
1,1,5707,228.28,3.1999999999999886,10,16.53602199962663,208.33576178939998,65.10426178273599,2.163955656882057,4326.793982582341,0.6059935549835214,23.92425,0.5897054551442541,0.9254873712835067
1,1,5708,228.32,3.2399999999999807,10,16.506661454151654,207.25461765539998,65.21525470657602,2.163955656882057,4317.395138272119,0.6046771902341903,23.7279,,
1,1,5709,228.36,3.280000000000001,10,16.47802608578212,206.2027601109,65.322583572816,2.163955656882057,4307.224446582911,0.603252723611052,23.5284,,
1,1,5710,228.4,3.319999999999993,10,16.450386367026795,205.17331380052502,65.44189782393599,2.163955656882057,4296.93992884427,0.6018123149641835,23.325750000000003,,
1,1,5711,228.44,3.359999999999985,10,16.42274938464495,204.16271973300005,65.54397761785599,2.163955656882057,4287.1952385513405,0.6004475124021486,23.117849999999997,,
1,1,5712,228.48,3.3999999999999773,10,16.395450124713896,203.17856460772495,65.632220184256,2.163955656882057,4277.698889549487,0.5991174915335417,22.90575,0.5816567187156949,0.9171399962840733
1,1,5713,228.52,3.4399999999999977,10,16.368836338789176,202.20836941462503,65.73043367143998,2.163955656882057,4269.107414334228,0.5979142036882673,22.69575,,
1,1,5714,228.56,3.4799999999999898,10,16.34209040864797,201.26673958859993,65.797179335824,2.163955656882057,4260.563910563759,0.5967176345327394,22.47945,,
1,1,5715,228.6,3.519999999999982,10,16.316442192878814,200.36547913409999,65.86080669945598,2.163955656882057,4252.102748241466,0.5955325977929223,22.2621,,
1,1,5716,228.64,3.559999999999974,10,16.29218606326938,199.49183230252498,65.94349441766397,2.302585092994046,4244.221609937356,0.5944287969099938,22.0437,,
1,1,5717,228.68,3.5999999999999943,10,16.268627801760324,198.65163367822498,66.01661687398399,2.163955656882057,4235.901481252322,0.5932635127804374,21.82425,0.6396150836766062,0.9884643607202018
1,1,5718,228.72,3.6399999999999864,10,16.244883339701428,197.83104041452498,66.06519430598401,2.163955656882057,4227.7657000242925,0.59212404762245,21.6027,,
1,1,5719,228.76,3.6799999999999784,10,16.220507679026692,197.02276210889994,66.08210725646401,2.163955656882057,4219.7604911661965,0.591002869911232,21.379050000000003,,
1,1,5720,228.8,3.719999999999999,10,16.19730227519759,196.25190263122494,66.100698362896,2.163955656882057,4212.293397160602,0.5899570584258548,21.1512,,
1,1,5721,228.84,3.759999999999991,10,16.174333675479804,195.4958925276,66.11317731815998,2.163955656882057,4204.437355485397,0.5888567724769465,20.921249999999997,,
1,1,5722,228.88,3.799999999999983,10,16.152491588251518,194.7670381566,66.135946351936,2.163955656882057,4196.991168287075,0.5878138891158369,20.691300000000002,0.631251583149407,0.9862156774549634
1,1,5723,228.92,3.839999999999975,10,16.13203539240923,194.073937155,66.168628746944,2.163955656882057,4189.619634923793,0.5867814614739206,20.4624,,
1,1,5724,228.96,3.8799999999999955,10,16.111932081220086,193.40610599362503,66.188249396224,2.163955656882057,4182.11521611987,0.585730422425752,20.23035,,
1,1,5725,229.0,3.9199999999999875,10,16.09153606986406,192.75175053540002,66.18578255233601,2.163955656882057,4174.157283667136,0.584615866059823,19.99725,,
1,1,5726,229.04,3.9599999999999795,10,16.07212736215965,192.127744719225,66.18553322625601,2.163955656882057,4165.835429558618,0.5834503402743162,19.7631,,
1,1,5727,229.08,4.0,10,16.053780074507845,191.53937345602506,66.18448122464002,2.163955656882057,4157.264119764032,0.5822498767176517,19.53,0.6231478962530685,0.9836549664946288
1,1,5728,229.12,4.039999999999992,10,16.03579439799738,190.98410985990003,66.162592114944,2.163955656882057,4148.074100177556,0.5809627591285093,19.295849999999998,,
1,1,5729,229.16,4.079999999999984,10,16.01930891448005,190.46768836409996,66.15056973344001,2.163955656882057,4138.895367887521,0.5796772223932104,19.060650000000003,,
1,1,5730,229.2,4.119999999999976,10,16.003354233578815,189.970390579725,66.13695614567999,2.163955656882057,4129.322986037966,0.5783365526663818,18.82545,,
1,1,5731,229.24,4.159999999999997,10,15.990031334672736,189.56724067259995,66.11386141121599,2.163955656882057,4119.711459050504,0.5769904004272415,18.5913,,
1,1,5732,229.28,4.199999999999989,10,15.977771941202596,189.198846747225,66.09034945785598,2.163955656882057,4109.978108203976,0.5756271860229658,18.354000000000003,0.6145224905239126,0.9798715477480596
1,1,5733,229.32,4.239999999999981,10,15.96460455456633,188.83475775360003,66.03384083008,2.163955656882057,4099.309964771704,0.5741330482873535,18.1167,,
1,1,5734,229.36,4.280000000000001,10,15.952099844432269,188.4905166816,65.97897276513599,2.163955656882057,4087.7962964491903,0.5725204896987662,17.879399999999997,,
1,1,5735,229.4,4.319999999999993,10,15.941254403901345,188.18284809240004,65.940743877504,2.163955656882057,4076.1345569045147,0.5708871928437695,17.645249999999997,,
1,1,5736,229.44,4.359999999999985,10,15.930444497106913,187.88822159309993,65.89084028230401,2.163955656882057,4063.19397520913,0.5690747864438557,17.410050000000002,,
1,1,5737,229.48,4.399999999999977,10,15.918765284740678,187.58686950202497,65.82021868864001,2.0253262207700677,4049.834449448056,0.5672037044044896,17.1738,0.6052912811235738,0.9755127344701596
1,1,5738,229.52,4.439999999999998,10,15.908137959729418,187.3011043134,65.76774903238402,2.0253262207700677,4036.9280866928307,0.5653960905732256,16.9386,,
1,1,5739,229.56,4.47999999999999,10,15.8985581099339,187.05196216822497,65.71218780672,2.0253262207700677,4024.342600865858,0.5636334174882153,16.700250000000004,,
1,1,5740,229.6,4.519999999999982,10,15.88858406946258,186.80223563190003,65.64486810048001,2.0253262207700677,4011.678480704414,0.5618597311910944,16.464,,
1,1,5741,229.64,4.559999999999974,10,15.879118568457631,186.56447581799995,65.581930693136,2.0253262207700677,3998.990586516247,0.5600827151983538,16.227750000000004,,
1,1,5742,229.68,4.599999999999994,10,15.869938364058632,186.3358490259,65.51909465312,2.0253262207700677,3986.162853268242,0.5582861139031152,15.991499999999998,0.595540952361766,0.9698424412720756
1,1,5743,229.72,4.639999999999986,10,15.862023412907446,186.12355810859998,65.480228643024,2.0253262207700677,3973.7428310063656,0.556546614986886,15.756300000000003,,
1,1,5744,229.76,4.679999999999978,10,15.854497854444206,185.92874274239995,65.43635947417599,2.0253262207700677,3961.529664264617,0.5548360874320193,15.52005,,
1,1,5745,229.8,4.719999999999999,10,15.845930999950241,185.71109213160005,65.38243712358398,2.0253262207700677,3949.126104344908,0.5530988941659535,15.285899999999998,,
1,1,5746,229.84,4.759999999999991,10,15.838475270696387,185.514679165725,65.34261973473599,2.0253262207700677,3937.1282773908715,0.5514185262452201,15.0486,,
1,1,5747,229.88,4.799999999999983,10,15.831194871256688,185.32500871500002,65.30172233670402,2.0253262207700677,3925.1823130299917,0.549745421992996,14.811300000000003,0.5862865125390764,0.9638523398970286
1,1,5748,229.92,4.839999999999975,10,15.826913600309474,185.208200394525,65.282993717136,2.0253262207700677,3913.4963507912753,0.54810873260382,14.57505,,
1,1,5749,229.96,4.8799999999999955,10,15.823867793829324,185.10913644772492,65.28565550886398,2.0253262207700677,3902.2067797805585,0.5465275601933555,14.339850000000002,,
1,1,5750,230.0,4.9199999999999875,10,15.821823218769573,185.01388325909997,65.316206706896,2.0253262207700677,3891.281939465057,0.5449974705133134,14.104650000000001,,
1,1,5751,230.04,4.9599999999999795,10,15.821511036801637,184.9578423021,65.362369185536,2.0253262207700677,3880.303935041994,0.5434599348798311,13.868399999999998,,
1,1,5752,230.08,5.0,10,15.821918878055342,184.9105118889,65.422605094864,2.163955656882057,3869.50616318208,0.5419476419022521,13.6332,0.5774066869800795,0.957567844384891
1,1,5753,230.12,5.039999999999992,10,15.822721373228722,184.880313895725,65.478197759104,2.302585092994046,3858.4310131440984,0.5403965004403499,13.394850000000002,,
1,1,5754,230.16,5.079999999999984,10,15.824969055426333,184.89026237062504,65.539383234576,2.302585092994046,3847.237999562133,0.5388288514792904,13.156500000000003,,
1,1,5755,230.2,5.119999999999976,10,15.827063470365434,184.90458110039998,65.59135699457599,2.302585092994046,3835.850655439456,0.5372339853556662,12.917100000000001,,
1,1,5756,230.24,5.159999999999997,10,15.830683459684106,184.93897235309996,65.67156644761602,2.163955656882057,3824.766428964652,0.535681572684125,12.678750000000003,,
1,1,5757,230.28,5.199999999999989,10,15.835304629412848,184.98757888799997,65.769293818304,2.163955656882057,3813.546728760536,0.5341101861009154,12.439350000000003,0.567649734633646,0.9499689371545567
1,1,5758,230.32,5.239999999999981,10,15.840105432508363,185.02763938312495,65.881300729856,2.163955656882057,3802.4765906124367,0.5325597465843749,12.1989,,
1,1,5759,230.36,5.280000000000001,10,15.847212894319178,185.12161647210002,66.012540045776,2.163955656882057,3791.402940799532,0.5310088152380297,11.957399999999998,,
1,1,5760,230.4,5.319999999999993,10,15.853775832896371,185.209689431025,66.132518728704,2.163955656882057,3780.2666689672305,0.5294491133007325,11.716950000000002,,
1,1,5761,230.44,5.359999999999985,10,15.861328569502902,185.32972433902495,66.25201965070401,2.163955656882057,3769.049078450581,0.527878022191958,11.4744,,
1,1,5762,230.48,5.399999999999977,10,15.869872389333224,185.464671662025,66.388177991696,2.163955656882057,3757.7013272889953,0.5262887013009797,10.85175,0.5584485705353428,0.9427077325283866
1,1,5763,230.52,5.439999999999998,10,15.87906141639247,185.62176383310006,66.52282763246401,2.163955656882057,3746.4721971978042,0.5247159940052947,10.398150000000001,,
1,1,5764,230.56,5.47999999999999,10,15.889732569650631,185.78321318340002,66.70038795161601,2.302585092994046,3735.553953879563,0.5231868282744486,9.944550000000001,,
1,1,5765,230.6,5.519999999999982,10,15.90064511395563,185.960194256025,66.87032078393602,2.302585092994046,3724.5963302828713,0.5216521470984413,9.490950000000003,,
1,1,5766,230.64,5.559999999999974,10,15.911947232636741,186.15721522860002,67.03284950561601,2.302585092994046,3713.428820115025,0.5200880700441212,9.037349999999998,,
1,1,5767,230.68,5.599999999999994,10,15.922502538194836,186.331073800725,67.195013278096,2.302585092994046,3701.985283494091,0.5184853338227018,8.583749999999998,0.5501022249861485,0.9356208491143156
1,1,5768,230.72,5.639999999999986,10,15.933875566409322,186.5138678046,67.374522761216,2.302585092994046,3690.541905439105,0.5168826198093984,8.13015,,
1,1,5769,230.76,5.679999999999978,10,15.946337448486908,186.73223512859994,67.553442892416,2.302585092994046,3679.0680787239253,0.5152756412778607,7.676550000000001,,
1,1,5770,230.8,5.719999999999999,10,15.958636091298153,186.9373387161,67.74072717838399,2.302585092994046,3667.4130082006513,0.513643278459475,7.223999999999997,,
1,1,5771,230.84,5.759999999999991,10,15.971677635583589,187.179845553225,67.91464094177601,2.302585092994046,3655.445988425318,0.5119672252696523,6.770399999999998,,
1,1,5772,230.88,5.799999999999983,10,15.98546689355769,187.426309119525,68.108842685504,2.302585092994046,3643.4328014351468,0.510284706083354,6.316799999999999,0.5403762373100027,0.9274183671781628
1,1,5773,230.92,5.839999999999975,10,15.999132742120867,187.66868905889996,68.303559441104,2.302585092994046,3631.0543516898615,0.50855102964844,5.8632,,
1,1,5774,230.96,5.8799999999999955,10,16.012737621301486,187.8981083721,68.50965775654399,2.302585092994046,3618.6821705259945,0.5068182311661057,5.409600000000001,,
1,1,5775,231.0,5.9199999999999875,10,16.026014038758362,188.15641331760006,68.67671265288,2.163955656882057,3605.933758489762,0.5050327392842804,4.956000000000002,,
1,1,5776,231.04,5.9599999999999795,10,16.03704198487801,188.33861480489998,68.84810081984,2.163955656882057,3592.9276073500932,0.5032111494888086,4.502399999999997,,
1,1,5777,231.08,6.0,10,16.04817443608216,188.527804389225,69.016098341696,2.0253262207700677,3579.709344707814,0.5013598521999739,4.048799999999998,0.5295933779532049,0.9184477774776901
1,1,5778,231.12,6.039999999999992,10,16.061126486490323,188.72315830462497,69.23662571041602,2.0253262207700677,3566.983749213392,0.4995775559122396,3.5951999999999993,,
1,1,5779,231.16,6.079999999999984,10,16.074468893430474,188.93674826459997,69.45180194126401,2.0253262207700677,3554.561914999582,0.49783780322123,3.1416000000000004,,
1,1,5780,231.2,6.119999999999976,10,16.08799982764843,189.17616584159995,69.64757261281599,1.8866967846580787,3541.8968555510323,0.49606398537129304,2.688000000000001,,
1,1,5781,231.24,6.159999999999997,10,16.10120118051647,189.426525521625,69.82215393384,1.8866967846580787,3529.2176330697002,0.4942881839033194,2.2354499999999975,,
1,1,5782,231.28,6.199999999999989,10,16.1159945076433,189.70623025672498,70.019048713664,1.8866967846580787,3516.747458076733,0.49254166079506057,1.7818499999999984,0.5194290099830104,0.9090726215410838
1,1,5783,231.32,6.239999999999981,10,16.131044651843105,190.0107607671,70.19984079265599,1.8866967846580787,3504.2202286250476,0.4907871468662532,1.3282499999999995,,
1,1,5784,231.36,6.280000000000001,10,16.146766694189306,190.31248530472504,70.405589371856,1.8866967846580787,3491.635848266389,0.4890246286087379,0.8746500000000004,,
1,1,5785,231.4,6.319999999999993,10,16.163254963122498,190.6385023494,70.612308653504,2.0253262207700677,3479.5615697956173,0.48733355319266347,0.4210500000000014,,
1,1,5786,231.44,6.359999999999985,10,16.179969046833218,190.971225306225,70.820173050256,2.0253262207700677,3467.41014391277,0.48563167281691455,-0.03255000000000341,,
1,1,5787,231.48,6.399999999999977,10,16.197056568099157,191.3147222679,71.02991920230399,2.0253262207700677,3455.1793708456735,0.4839186793901505,-0.4861500000000024,0.5106226447512564,0.8999780775889863
1,1,5788,231.52,6.439999999999998,10,16.21463083963064,191.674389883725,71.239863381776,2.0253262207700677,3442.9590709345257,0.48220715279195037,-0.9397500000000014,,
1,1,5789,231.56,6.47999999999999,10,16.232913132505853,192.045933045225,71.46153572225602,2.163955656882057,3430.810263020704,0.4805056390785299,-1.3933500000000003,,
1,1,5790,231.6,6.519999999999982,10,16.250762130920783,192.423329555625,71.663940280144,2.163955656882057,3418.4702272383065,0.4787773427504631,-1.8469499999999994,,
1,1,5791,231.64,6.559999999999974,10,16.269034298536624,192.82569028222503,71.85578672473602,2.163955656882057,3405.936351295524,0.4770218979405496,-2.3005499999999985,,
1,1,5792,231.68,6.599999999999994,10,16.288134743379427,193.23944657009997,72.06388684838399,2.163955656882057,3393.7337028192424,0.4753128435321068,-2.7541499999999974,0.5013451941309683,0.8895301482346476
1,1,5793,231.72,6.639999999999986,10,16.306968018808433,193.656146819625,72.26105914681601,2.163955656882057,3381.3185514566267,0.47357402681465366,-3.2067000000000014,,
1,1,5794,231.76,6.679999999999978,10,16.3266398278911,194.10381428759996,72.45535378207998,2.163955656882057,3369.0901408717996,0.47186136426775904,-3.6603000000000003,,
1,1,5795,231.8,6.719999999999999,10,16.345941190835724,194.54616679050002,72.64362662375999,2.163955656882057,3356.5013506320474,0.47009822837983856,-4.113899999999999,,
1,1,5796,231.84,6.759999999999991,10,16.364632342387317,194.98601120512498,72.81518049638399,2.163955656882057,3344.0609739421516,0.4683558787033827,-4.567499999999998,,
1,1,5797,231.88,6.799999999999983,10,16.38290920377822,195.43244472202502,72.967269257216,2.163955656882057,3331.0613221184326,0.46653519917625097,-5.021099999999997,0.49177961037084983,0.8782946082572047
1,1,5798,231.92,6.839999999999975,10,16.401742199444822,195.91211142562503,73.10503575142401,2.163955656882057,3317.9155799260443,0.4646940588131714,-5.474699999999996,,
1,1,5799,231.96,6.8799999999999955,10,16.420190727437365,196.3731012831,73.24956224232002,2.163955656882057,3304.6671298340607,0.4628385335902046,-5.928299999999995,,
1,1,5800,232.0,6.9199999999999875,10,16.438641047573277,196.855605788625,73.373313702336,2.163955656882057,3291.497572174341,0.4609940577274987,-6.381899999999995,,
1,1,5801,232.04,6.9599999999999795,10,16.4573232800374,197.327930503725,73.515559039936,2.163955656882057,3278.399856752901,0.45915964380292734,-6.835500000000005,,
1,1,5802,232.08,7.0,10,16.476359097509043,197.82384108952502,73.64656802054401,2.163955656882057,3265.161570215797,0.4573055420470304,-7.289100000000004,0.48284547939700195,0.8668111175175357
1,1,5803,232.12,7.039999999999992,10,16.49521267917116,198.316807250625,73.775234080464,2.163955656882057,3251.6995388145197,0.45542010347542294,-7.742700000000003,,
1,1,5804,232.16,7.079999999999984,10,16.513777201271214,198.815141043225,73.88969641,2.163955656882057,3237.8195273023175,0.45347612427203327,-8.195249999999994,,
1,1,5805,232.2,7.119999999999976,10,16.533728549630784,199.3281886575,74.035991095376,2.163955656882057,3224.4873318568866,0.4516088700079673,-8.648850000000007,,
1,1,5806,232.24,7.159999999999997,10,16.55373281724533,199.86164815522497,74.16442202952001,2.163955656882057,3210.84722940916,0.4496984915138879,-9.102450000000005,,
1,1,5807,232.28,7.199999999999989,10,16.572954938275068,200.38759365239997,74.27524173369599,2.163955656882057,3197.17881225743,0.44778414737499017,-9.556050000000004,0.4309024496629882,0.7396294526368926
1,1,5808,232.32,7.239999999999981,10,16.59298005272362,200.9375383365,74.389448693584,2.163955656882057,3183.0714172952135,0.4458083217500299,-10.009650000000002,,
1,1,5809,232.36,7.280000000000001,10,16.61380445154032,201.513052167525,74.50544618649602,2.163955656882057,3169.1763193593324,0.4438622296021474,-10.463250000000002,,
1,1,5810,232.4,7.319999999999993,10,16.634911068646446,202.0957477056,74.624518556176,2.163955656882057,3155.353374824665,0.44192624297264216,-10.696350000000002,,
1,1,5811,232.44,7.359999999999985,10,16.655482926536955,202.66137011610002,74.743741400064,2.163955656882057,3141.4316922623966,0.43997642748773064,-10.943099999999998,,
1,1,5812,232.48,7.399999999999977,10,16.677666833357986,203.27946995002497,74.865101054464,2.302585092994046,3127.618390822482,0.4380417914317201,-11.189850000000005,0.42183086841313266,0.725839773138699
1,1,5813,232.52,7.439999999999998,10,16.697182193554966,203.87899031062497,74.916902894144,2.163955656882057,3113.0195077821627,0.4359971299414794,-11.436600000000002,,
1,1,5814,232.56,7.47999999999999,10,16.71851867536969,204.51745401412506,74.99141268456002,2.163955656882057,3098.336051794765,0.4339406235006674,-11.68545,,
1,1,5815,232.6,7.519999999999982,10,16.739433494179067,205.1575760871,75.05105761894401,2.163955656882057,3083.45765930963,0.4318568150293599,-11.938500000000003,,
1,1,5816,232.64,7.559999999999974,10,16.75971103218083,205.78612050989994,75.10179337230399,2.163955656882057,3068.4596803885124,0.42975625775749476,-12.189450000000003,,
1,1,5817,232.68,7.599999999999994,10,16.779603272259717,206.43606138172495,75.119024592704,2.0253262207700677,3053.3308784203255,0.42763737793001755,-12.442500000000006,0.41095505946249816,0.7093348255141024
1,1,5818,232.72,7.639999999999986,10,16.799605978387113,207.0879404265,75.13882060256,2.0253262207700677,3038.264854672322,0.42552729057035327,-12.696600000000004,,
1,1,5819,232.76,7.679999999999978,10,16.819792908945697,207.7739611731,75.13147232672,2.0253262207700677,3023.092266960568,0.4234022782857939,-12.953849999999997,,
1,1,5820,232.8,7.719999999999999,10,16.84081604521004,208.46400216389998,75.149082904704,2.0253262207700677,3008.1065986411454,0.42130344518783547,-13.211100000000005,,
1,1,5821,232.84,7.759999999999991,10,16.86106673644642,209.1702896829,75.125281808,2.0253262207700677,2992.908533527535,0.41917486463971076,-13.470450000000001,,
1,1,5822,232.88,7.799999999999983,10,16.882448943353097,209.89923278310002,75.11784954182401,2.0253262207700677,2977.9016341240413,0.41707305800056593,-13.728750000000003,0.4009798684723079,0.6917908365824448
1,1,5823,232.92,7.839999999999975,10,16.902229148211454,210.63368614522497,75.05166403342398,2.0253262207700677,2962.41092844303,0.41490349137857563,-13.988100000000001,,
1,1,5824,232.96,7.8799999999999955,10,16.92260296759222,211.375367883225,74.99912331553602,2.0253262207700677,2947.1304180030397,0.41276336386597196,-14.248500000000005,,
1,1,5825,233.0,7.9199999999999875,10,16.94300507415187,212.12284602600002,74.94257491673599,2.0253262207700677,2931.8779568959517,0.4106271648313658,-14.509950000000003,,
1,1,5826,233.04,7.9599999999999795,10,16.96433091351781,212.88047988059998,74.908043462736,2.0253262207700677,2916.937113989205,0.4085346098024097,-14.770349999999995,,
1,1,5827,233.08,8.0,10,16.98441076658737,213.660622298025,74.80958679014401,2.0253262207700677,2901.1666542299545,0.40632586193696846,-15.032850000000002,0.3907781277484855,0.6708433395280914
1,1,5828,233.12,8.039999999999992,10,17.004765996774584,214.45226188312503,74.70980472193601,1.834371970281624,2885.552021722081,0.4041389386165379,-15.296400000000004,,
1,1,5829,233.16,8.079999999999984,10,17.024178358616194,215.22789642059996,74.594752365376,1.973001406393613,2869.6748750831193,0.40191524861108113,-15.561,,
1,1,5830,233.2,8.119999999999976,10,17.044992447110822,216.05112409702497,74.48064342503999,1.973001406393613,2853.697866785518,0.39967757237892404,-15.827699999999998,,
1,1,5831,233.24,8.159999999999997,10,17.065628246537802,216.88747093912497,74.34819650990397,1.973001406393613,2836.9846840474056,0.39733679048283,-16.094399999999997,,
1,1,5832,233.28,8.199999999999989,10,17.085551645934324,217.71611130622506,74.199963739664,1.973001406393613,2820.01175998041,0.39495963024935704,-16.362150000000003,0.37866070273736857,0.6454578424852078
1,1,5833,233.32,8.23999999999998,10,17.10579761260246,218.56339176210003,74.04492020121599,1.973001406393613,2803.1642625242107,0.39260003676809674,-16.630950000000002,,
1,1,5834,233.36,8.280000000000001,10,17.125389689945305,219.42479989552498,73.85417213695999,1.973001406393613,2785.6732740530333,0.39015031849482257,-16.896599999999996,,
1,1,5835,233.4,8.319999999999993,10,17.1468887125706,220.328725136625,73.68706738465599,1.973001406393613,2768.299337815446,0.3877169940917991,-17.165399999999995,,
1,1,5836,233.44,8.359999999999985,10,17.16793975259469,221.22199639102502,73.51615895769599,1.973001406393613,2750.800102725731,0.38526612082993433,-17.434199999999997,,
1,1,5837,233.48,8.399999999999977,10,17.189413172973182,222.14356836840003,73.33235686278401,1.973001406393613,2733.0436795591186,0.3827792268290083,-17.704050000000002,0.3668990340090522,0.6186104219962295
1,1,5838,233.52,8.439999999999998,10,17.212628458790398,223.09307833522507,73.18150012513601,1.973001406393613,2715.8133226750997,0.3803660115791456,-17.974949999999996,,
1,1,5839,233.56,8.47999999999999,10,17.234263392517825,224.03500793100002,72.98482675167999,1.973001406393613,2698.1566123555313,0.37789308296295954,-18.2448,,
1,1,5840,233.6,8.519999999999982,10,17.255281993752057,224.98691110559997,72.757845578304,1.973001406393613,2679.8080101278165,0.3753232507181816,-18.51465,,
1,1,5841,233.64,8.559999999999974,10,17.278244616048124,225.98029601910002,72.557440992896,2.163955656882057,2661.781093007812,0.3727984724100577,-18.786599999999996,,
1,1,5842,233.68,8.599999999999994,10,17.301660286758292,226.9973190287251,72.350129649664,2.163955656882057,2644.0437577851717,0.3703142517906403,-19.058549999999993,0.3555478099398907,0.5917590168460322
1,1,5843,233.72,8.639999999999986,10,17.3254294793242,228.01451030189997,72.15599634113599,2.163955656882057,2626.1573376597116,0.36780915093273275,-19.33155,,
1,1,5844,233.76,8.679999999999978,10,17.349565137770483,229.05755010652496,71.94986036321598,2.163955656882057,2608.1990678941675,0.3652939871000234,-19.604550000000003,,
1,1,5845,233.8,8.719999999999999,10,17.375041688389587,230.13222299550003,71.759850677776,2.163955656882057,2590.52237743813,0.36281826014539637,-19.878600000000006,,
1,1,5846,233.84,8.759999999999991,10,17.400094343300097,231.23816460360004,71.52511855214402,2.163955656882057,2572.945342050323,0.36035649048323837,-20.1537,,
1,1,5847,233.88,8.799999999999983,10,17.42469545957128,232.3354901300999,71.284521728704,2.163955656882057,2554.992587119649,0.35784209903636544,-20.426700000000004,0.3451961031407016,0.5676612209191234
1,1,5848,233.92,8.839999999999975,10,17.451113329325324,233.47509560550003,71.06626082745599,2.163955656882057,2537.4752279292356,0.35538868738504703,-20.7018,,
1,1,5849,233.96,8.879999999999995,10,17.47815450898132,234.62706826439998,70.85881677542397,2.163955656882057,2520.063422254943,0.3529500591393477,-20.976899999999997,,
1,1,5850,234.0,8.919999999999987,10,17.505095353219186,235.8121075884,70.61625573689601,2.163955656882057,2502.6914282460884,0.35051700675715525,-21.250949999999996,,
1,1,5851,234.04,8.95999999999998,10,17.532053435916627,236.98386271349995,70.38903496633601,2.163955656882057,2485.1896217479452,0.348065773354054,-21.52395,,
1,1,5852,234.08,9.0,10,17.55934284177688,238.18576262512497,70.14475840993599,2.163955656882057,2467.8253566743883,0.3456338034557967,-21.799049999999998,0.33524766089504837,0.5447323587447384
1,1,5853,234.12,9.039999999999992,10,17.58761189196899,239.42735839102502,69.89673367150401,2.163955656882057,2451.3094018268016,0.34332064451355765,-22.074150000000003,,
1,1,5854,234.16,9.079999999999984,10,17.615037124959148,240.657017654025,69.632515259664,2.0253262207700677,2434.3337299807663,0.3409430994370821,-22.349249999999998,,
1,1,5855,234.2,9.119999999999976,10,17.64270485630083,241.91363767252497,69.351396974016,2.0253262207700677,2417.3808823913005,0.3385687510351961,-22.6254,,
1,1,5856,234.24,9.159999999999997,10,17.67081640951985,243.1817250471,69.076027531856,2.0253262207700677,2400.114537250853,0.33615049541328473,-22.9026,,
1,1,5857,234.28,9.199999999999989,10,17.70004320867336,244.4914419066,68.800087682304,2.0253262207700677,2383.233223633016,0.33378616577493225,-23.180850000000003,0.3251109091631244,0.5234846752017926
1,1,5858,234.32,9.23999999999998,10,17.72987201281106,245.802782715525,68.54557887513599,1.8866967846580787,2366.8338861975303,0.3314893398035757,-23.459099999999996,,
1,1,5859,234.36,9.280000000000001,10,17.758178931939643,247.11818988622503,68.23472909256,1.8866967846580787,2350.0754091627864,0.32914221416845746,-23.736300000000004,,
1,1,5860,234.4,9.319999999999993,10,17.786946512863555,248.46011826772502,67.915347983744,1.8866967846580787,2333.349466277018,0.3267996451368373,-24.0135,,
1,1,5861,234.44,9.359999999999985,10,17.816607938231787,249.82297420499998,67.60854421966403,2.0253262207700677,2316.8002094092617,0.32448182204611514,-24.290699999999998,,
1,1,5862,234.48,9.399999999999977,10,17.847142750722565,251.20235187652497,67.31815248814398,2.0253262207700677,2300.5449777082626,0.3222051789507371,-24.567899999999998,0.3163460961648935,0.5042942057798081
1,1,5863,234.52,9.439999999999998,10,17.878174792439108,252.5995797617251,67.02955414727998,2.0253262207700677,2284.51615984052,0.31996024647626325,-24.84615,,
1,1,5864,234.56,9.47999999999999,10,17.909376978222447,254.0043137205001,66.741470027584,2.0253262207700677,2268.716227711262,0.3177473708279079,-25.122300000000003,,
1,1,5865,234.6,9.519999999999982,10,17.94171035907639,255.440370696525,66.46459991246401,2.0253262207700677,2253.4400130930135,0.31560784497101035,-25.3995,,
1,1,5866,234.64,9.559999999999974,10,17.97358580020862,256.88356533472495,66.16622118273601,2.163955656882057,2238.104583418518,0.31346002568886805,-25.672500000000007,,
1,1,5867,234.68,9.599999999999994,10,18.00602947564132,258.343157268,65.87394020966401,2.163955656882057,2222.912374898611,0.3113322653919623,-25.9476,0.30831139254631834,0.48755619248368687
1,1,5868,234.72,9.639999999999986,10,18.038920852935327,259.823061198225,65.57960434024002,2.163955656882057,2207.985054631882,0.30924160429017955,-26.222699999999996,,
1,1,5869,234.76,9.679999999999978,10,18.072264930868073,261.3290390991,65.277720632384,2.163955656882057,2193.0749881347856,0.3071533596827431,-26.4957,,
1,1,5870,234.8,9.719999999999999,10,18.106066002566102,262.84458556440006,64.98504052487999,2.163955656882057,2178.407163356371,0.3050990424868867,-26.766600000000004,,
1,1,5871,234.84,9.759999999999991,10,18.1389471877757,264.3649189965,64.656486084416,2.163955656882057,2163.761293493108,0.30304780020911876,-27.03645,,
1,1,5872,234.88,9.799999999999983,10,18.174642812979183,265.94091624239996,64.37672513697598,2.163955656882057,2150.0788040985717,0.3011314851678672,-27.30525,0.3009355665066332,0.4757193515532889
1,1,5873,234.92,9.839999999999975,10,18.20993254522567,267.50540754472496,64.09623575694401,2.163955656882057,2136.6589724303176,0.29925195692301365,-27.570900000000005,,
1,1,5874,234.96,9.879999999999995,10,18.24461391695313,269.10219854699994,63.76373843167998,2.163955656882057,2121.9033936072487,0.2971853492447127,-27.836549999999995,,
1,1,5875,235.0,9.919999999999987,10,18.278096769808283,270.6781888251,63.41063270137602,2.163955656882057,2108.091450013424,0.2952509033632246,-28.095900000000004,,
1,1,5876,235.04,9.95999999999998,10,18.312092807184982,272.2787810379,63.053961941056,2.163955656882057,2094.782654509952,0.2933869264019541,-28.35525,,
1,1,5877,235.08,10.0,10,18.346133091231216,273.887756892225,62.692842508944,2.163955656882057,2082.158612890551,0.29161885334601556,-28.612499999999997,0.2942973496785038,0.46307955053779687
1,1,5878,235.12,10.039999999999992,10,18.380353098507005,275.4918912501001,62.34548877569599,2.163955656882057,2070.1218479135196,0.28993303192066094,-28.864500000000003,,
1,1,5879,235.16,10.079999999999984,10,18.414503490167313,277.10274222540005,61.99119656398401,2.163955656882057,2059.1635445894294,0.2883982555447381,-29.115450000000003,,
1,1,5880,235.2,10.119999999999976,10,18.446669537212102,278.67114211072504,61.60847490438399,2.163955656882057,2047.968502343616,0.28683032245708906,-29.3601,,
1,1,5881,235.24,10.159999999999997,10,18.47824631070982,280.2492866297251,61.196300089535995,2.163955656882057,2036.7669955920699,0.2852614839764804,-29.599500000000003,,
1,1,5882,235.28,10.199999999999989,10,18.508291628122354,281.79012416940003,60.766734822223995,2.163955656882057,2025.518273771573,0.28368603274111664,-29.836799999999997,0.28744187645671504,0.4524742589958287
1,1,5883,235.32,10.23999999999998,10,18.53680025569149,283.3094071395,60.30355657990401,2.163955656882057,2014.1073595799726,0.2820878654873912,-30.06885,,
1,1,5884,235.36,10.280000000000001,10,18.565491831439747,284.83177261139997,59.845714331856,1.834371970281624,2003.9534501898083,0.2806657493263036,-30.2967,,
1,1,5885,235.4,10.319999999999993,10,18.59428154752802,286.34552765752505,59.401778611216,2.0253262207700677,1994.5237801237681,0.2793450672442252,-30.519300000000005,,
1,1,5886,235.44,10.359999999999985,10,18.621446512196524,287.8222406661,58.936029540495994,2.0253262207700677,1985.410926976457,0.2780687572796158,-30.736650000000004,,
1,1,5887,235.48,10.399999999999977,10,18.648063732636587,289.29050068590004,58.459780290575985,2.0253262207700677,1976.0924229663135,0.2767636446731531,-30.949800000000003,0.2817913518528898,0.4414127839107652
1,1,5888,235.52,10.439999999999998,10,18.674708519202355,290.74818796222496,57.996550314944,1.8866967846580787,1968.142738334443,0.2756502434642077,-31.156650000000006,,
1,1,5889,235.56,10.47999999999999,10,18.70077853239969,292.19565990352504,57.52345781433603,1.8866967846580787,1960.271472191881,0.2745478252369581,-31.36035,,
1,1,5890,235.6,10.519999999999982,10,18.725830501771185,293.614118091,57.042609890064,1.8866967846580787,1952.700955215677,0.2734875287416914,-31.555649999999996,,
1,1,5891,235.64,10.559999999999974,10,18.750507793523912,295.020387722025,56.56115479297599,1.8866967846580787,1946.8985559280693,0.2726748677770406,-31.74465,,
1,1,5892,235.68,10.599999999999994,10,18.7732837712038,296.37993981959994,56.056243734544026,1.8866967846580787,1941.8681803694237,0.27197033338507337,-31.9263,0.27569970409727196,0.426926982755507
1,1,5893,235.72,10.639999999999986,10,18.7951108704499,297.7147202526,55.54147237990399,1.8866967846580787,1937.5613429966322,0.2713671348734779,-32.1006,,
1,1,5894,235.76,10.679999999999978,10,18.815599604987877,299.0193710805,55.00741741471999,1.8866967846580787,1933.5145974122042,0.27080036378322186,-32.26965,,
1,1,5895,235.8,10.719999999999999,10,18.836130475809753,300.32702936302496,54.47278193870402,2.0253262207700677,1929.0943025484066,0.2701812748667236,-32.4324,,
1,1,5896,235.84,10.759999999999991,10,18.85440506386876,301.5770608746,53.91152943784001,2.0253262207700677,1925.795531728485,0.2697192621468467,-32.592,,
1,1,5897,235.88,10.799999999999983,10,18.871414451296996,302.794674454125,53.335608938496,2.0253262207700677,1921.526685788124,0.269121384564163,-32.74635,0.26512041382958446,0.3979561332946816
1,1,5898,235.92,10.839999999999975,10,18.887490521548806,303.9436068039,52.79369139769599,2.0253262207700677,1916.8102606050106,0.26846082081302663,-32.8944,,
1,1,5899,235.96,10.879999999999995,10,18.901968691067104,305.052208535025,52.23221186305601,2.0253262207700677,1911.0477157552862,0.267653741702421,-33.03615,,
1,1,5900,236.0,10.919999999999987,10,18.9159324237977,306.1266341222251,51.685865339456015,2.0253262207700677,1904.7015408999187,0.2667649216946664,-33.172650000000004,,
1,1,5901,236.04,10.95999999999998,10,18.92858250890988,307.170746604225,51.120489192384,2.0253262207700677,1895.7764505501682,0.26551490904063973,-33.30284999999999,,
1,1,5902,236.08,11.0,10,18.938882668281703,308.12288655172506,50.55839017121601,2.163955656882057,1885.4359994250774,0.2640666665861453,-33.429899999999996,0.2535419506162941,0.3630350667750056
1,1,5903,236.12,11.039999999999992,10,18.94907791130917,309.0576065582251,50.00994713063999,2.163955656882057,1873.4114906849509,0.26238256172058133,-33.55485,,
1,1,5904,236.16,11.079999999999984,10,18.957604269806776,309.90383584650004,49.486923804096,2.163955656882057,1858.3085551797094,0.26026730464701825,-33.6735,,
1,1,5905,236.2,11.119999999999976,10,18.965530518209714,310.7257552854,48.965592551743995,2.163955656882057,1842.4917451737583,0.2580520651503863,-33.79005,,
1,1,5906,236.24,11.159999999999997,10,18.972833402549263,311.509495557225,48.45891176366401,2.163955656882057,1824.3548593778505,0.25551188506692585,-33.9045,,
1,1,5907,236.28,11.199999999999989,10,18.9779279037661,312.2353031363999,47.926444384144006,2.163955656882057,1805.364504059679,0.2528521714369299,-34.015800000000006,0.24200874579892415,0.3291486904214113
1,1,5908,236.32,11.23999999999998,10,18.98144562001169,312.89285606512505,47.40242176033599,2.0253262207700677,1787.3859819782574,0.25033417114541423,-34.1208,,
1,1,5909,236.36,11.280000000000001,10,18.985213758470273,313.55422592602497,46.884115528784,2.0253262207700677,1765.8033849558683,0.24731139845320277,-34.2237,,
1,1,5910,236.4,11.319999999999993,10,18.98711077658526,314.1673636500001,46.343011992320015,2.0253262207700677,1741.881208583446,0.24396095358311573,-34.32135,,
1,1,5911,236.44,11.359999999999985,10,18.989110681177912,314.74705313362506,45.83927132840002,2.0253262207700677,1713.2363279292604,0.239949065536311,-34.4127,,
1,1,5912,236.48,11.399999999999977,10,18.99062426723358,315.301533723225,45.342276336016,2.0253262207700677,1667.8314840729024,0.23358984370768937,-34.49985,0.23237977815983946,0.30107821004777324
1,1,5913,236.52,11.439999999999998,10,18.99146080434017,315.817517967525,44.85806551526401,2.0253262207700677,1602.2598063710159,0.22440613534608064,-34.583850000000005,,
1,1,5914,236.56,11.47999999999999,10,18.99126303288881,316.284428261025,44.38364332334401,1.8866967846580787,1575.5887216292622,0.2206706893038182,-34.6626,,
1,1,5915,236.6,11.519999999999982,10,18.990982358423935,316.7350462946251,43.922364643344004,1.8866967846580787,1543.2477228670966,0.21614113765645615,-34.73714999999999,,
1,1,5916,236.64,11.559999999999974,10,18.990679077952137,317.149218765225,43.496673076544006,1.8866967846580787,1510.7448740604543,0.21158891793563786,-34.8096,,
1,1,5917,236.68,11.599999999999994,10,18.988078050917526,317.49424092539994,43.052867142336,1.8866967846580787,1472.5053515687293,0.20623324251662875,-34.873650000000005,0.22708190528810632,0.2838409054683291
1,1,5918,236.72,11.639999999999986,10,18.985152734851937,317.80655977140003,42.629464594256,1.8866967846580787,1429.1724268527628,0.20016420544156335,-34.9356,,
1,1,5919,236.76,11.679999999999978,10,18.982445447832585,318.1041849825,42.22905019744,1.8866967846580787,1528.9786036323908,0.21414266157316397,-34.9902,,
1,1,5920,236.8,11.719999999999999,10,18.979512188005494,318.35962899562503,41.862253899024,1.7480673485460896,1493.4795032654627,0.20917079877667544,-35.04165,,
1,1,5921,236.84,11.759999999999991,10,18.975904065941126,318.578071466025,41.506863653776,1.7480673485460896,1464.9294942323859,0.20517219807176273,-35.08995,,
1,1,5922,236.88,11.799999999999983,10,18.971454127500508,318.75558868440004,41.160483027455996,1.7480673485460896,1440.5036169995813,0.20175120686268644,-35.134049999999995,0.2248003585368962,0.27556043132118674
1,1,5923,236.92,11.839999999999975,10,18.966384500730996,318.919876895025,40.803864134543986,1.7480673485460896,1567.534636241527,0.2195426661402699,-35.17395,0.22466467111866004,0.2743750873850184
1,2,9304,372.16,-2.0,10,17.940721665790065,170.25732410872502,151.61216978062401,2.302585092994046,5715.072883745008,0.8004303758746512,33.51285,0.770894039561573,0.9956483363767913
1,2,9305,372.2,-1.9600000000000364,10,17.907445253596755,169.723421637525,150.95317387304001,2.302585092994046,5715.943070691863,0.8005522507971796,33.626250000000006,,
1,2,9306,372.24,-1.920000000000016,10,17.874338617552706,169.21288690739996,150.279094107536,2.302585092994046,5714.946637511042,0.8004126943292776,33.7386,,
1,2,9307,372.28,-1.8800000000000523,10,17.84076905141729,168.70892129122498,149.58411905478397,2.302585092994046,5714.475733084426,0.8003467413283509,33.7029,,
1,2,9308,372.32,-1.8400000000000318,10,17.80874158819258,168.23835386189995,148.91292309312,2.302585092994046,5712.592517150936,0.8000829855953692,33.50025,,
1,2,9309,372.36,-1.8000000000000114,10,17.778004678418807,167.77309583002497,148.28435451585597,2.302585092994046,5711.185527136089,0.7998859281703206,33.2976,0.7699322541172962,0.9960027824981457
1,2,9310,372.4,-1.7600000000000477,10,17.747476180244895,167.313004929,147.65990583936,2.302585092994046,5710.488249019516,0.7997882701708005,33.09495,,
1,2,9311,372.44,-1.7200000000000273,10,17.71708563005846,166.8520771974,147.043046025424,2.302585092994046,5708.422410024263,0.799498936978188,32.8923,,
1,2,9312,372.48,-1.6800000000000068,10,17.684989820730713,166.375098796725,146.38376616262397,2.302585092994046,5706.93630964586,0.7992907996702884,32.68965,,
1,2,9313,372.52,-1.6400000000000432,10,17.653683630379128,165.9114284751,145.741117246416,2.302585092994046,5706.130138858951,0.7991778905964917,32.487,,
1,2,9314,372.56,-1.6000000000000227,10,17.621474513067994,165.445717007025,145.07064700767995,2.163955656882057,5705.59328479661,0.7991027009519062,32.28435,0.7711092705124305,0.9963520093110891
1,2,9315,372.6,-1.5600000000000023,10,17.589497331242555,164.978225034525,144.41219133126398,2.163955656882057,5705.986085761044,0.7991577150925832,32.081700000000005,,
1,2,9316,372.64,-1.5200000000000387,10,17.557957698167062,164.50753024440002,143.77434828622398,2.163955656882057,5706.951278968143,0.7992928962140257,31.8801,,
1,2,9317,372.68,-1.4800000000000182,10,17.526014598551633,164.02458749512505,143.13660021351998,2.0253262207700677,5707.436379907048,0.7993608375219956,31.67745,,
1,2,9318,372.72,-1.4399999999999977,10,17.49385564706423,163.54110997822502,142.493875422096,2.0253262207700677,5708.334670025366,0.7994866484629363,31.474800000000002,,
1,2,9319,372.76,-1.400000000000034,10,17.461570059764988,163.046481203025,141.85994774905603,2.0253262207700677,5709.5752313438625,0.7996603965467594,31.272150000000003,0.7717532242258305,0.9966646776720114
1,2,9320,372.8,-1.3600000000000136,10,17.430110157594644,162.5686109019,141.240129203984,2.0253262207700677,5709.899326868703,0.7997057880768491,31.069499999999998,,
1,2,9321,372.84,-1.32000000000005,10,17.398542314496606,162.09136128622498,140.61791338310397,2.0253262207700677,5710.470983391453,0.7997858520156099,30.86685,,
1,2,9322,372.88,-1.2800000000000296,10,17.36783215431552,161.6148016371,140.02679210337598,2.163955656882057,5712.303009309835,0.8000424382786885,30.664199999999997,,
1,2,9323,372.92,-1.240000000000009,10,17.336853369105395,161.12753660272497,139.43894813913602,2.163955656882057,5714.2812301045715,0.8003195000146461,30.46155,,
1,2,9324,372.96,-1.2000000000000455,10,17.306642561591893,160.64805224160003,138.87182451310403,2.163955656882057,5716.2721426761445,0.8005983393103845,30.2589,0.7725582595399222,0.9968312243888441
1,2,9325,373.0,-1.160000000000025,10,17.27722644218232,160.17980527710003,138.322748257344,2.163955656882057,5718.524111999079,0.8009137411763415,30.056250000000002,,
1,2,9326,373.04,-1.1200000000000045,10,17.246530552130768,159.6759498999,137.76686618568002,2.163955656882057,5720.057192939152,0.801128458394839,29.8536,,
1,2,9327,373.08,-1.080000000000041,10,17.216770228157458,159.175302588225,137.241874500944,2.163955656882057,5720.699428039921,0.8012184072885044,29.65095,,
1,2,9328,373.12,-1.0400000000000205,10,17.187596938624345,158.66683593862498,136.74665258598398,2.163955656882057,5721.353305748109,0.801309986799455,29.4483,,
1,2,9329,373.16,-1.0,10,17.15887569298936,158.141743456725,136.285271590736,2.163955656882057,5722.778625154911,0.8015096113662339,29.24565,0.7757539380009371,0.9969566028584143
1,2,9330,373.2,-0.9600000000000364,10,17.130509465296235,157.61118066749998,135.84317387310398,2.163955656882057,5725.042880858084,0.8018267340137372,29.043000000000003,,
1,2,9331,373.24,-0.9200000000000159,10,17.102489094246486,157.0769660565,135.41816716232,2.163955656882057,5728.052294129933,0.8022482204663772,28.840349999999997,,
1,2,9332,373.28,-0.8800000000000523,10,17.073910689071322,156.5302230324,134.988203185984,2.163955656882057,5731.39035319391,0.802715735741444,28.6377,,
1,2,9333,373.32,-0.8400000000000318,10,17.04566150155778,155.962483083225,134.592092942464,2.163955656882057,5736.256830643782,0.8033973152162158,28.43505,,
1,2,9334,373.36,-0.8000000000000114,10,17.018196803839,155.3800192245,134.23900322969598,2.163955656882057,5742.469014183219,0.8042673689332239,28.232400000000002,0.7839682458779684,0.9971659533942303
1,2,9335,373.4,-0.7600000000000477,10,16.99008993375656,154.78048655999999,133.882669397136,2.163955656882057,5748.644350866396,0.8051322620261058,28.029750000000003,,
1,2,9336,373.44,-0.7200000000000273,10,16.96185446595142,154.16941530690002,133.53509161721604,2.163955656882057,5756.38177184844,0.8062159344325545,27.827100000000005,,
1,2,9337,373.48,-0.6800000000000068,10,16.933491736941203,153.53529642360002,133.20784598145605,2.163955656882057,5765.70139643547,0.8075212039825589,27.62445,,
1,2,9338,373.52,-0.6400000000000432,10,16.90695602903243,152.8929785565,132.952183611136,2.163955656882057,5776.268955380992,0.809001254255041,27.49005,,
1,2,9339,373.56,-0.6000000000000227,10,16.878888587100306,152.220127007025,132.67675292872002,2.163955656882057,5786.908170748709,0.8104913404409959,27.47955,0.7929598393622451,0.9973386458757086
1,2,9340,373.6,-0.5600000000000023,10,16.851412668660274,151.5495060135,132.42060291598403,2.302585092994046,5797.086330681026,0.8119168530365583,27.46905,,
1,2,9341,373.64,-0.5200000000000387,10,16.825200703032372,150.85483819402498,132.232540503296,2.302585092994046,5807.516777677567,0.8133776999548413,27.458550000000002,,
1,2,9342,373.68,-0.4800000000000182,10,16.797627647348328,150.162165050625,131.998129528336,2.302585092994046,5817.920152521254,0.8148347552550774,27.448050000000002,,
1,2,9343,373.72,-0.4399999999999977,10,16.77075624729201,149.4602338509,131.798031255184,2.302585092994046,5829.012152018462,0.8163882565852186,27.437549999999998,,
1,2,9344,373.76,-0.4000000000000341,10,16.74351436947456,148.74573902422506,131.59953441657598,2.302585092994046,5840.403522050168,0.8179836865616483,27.4281,0.7989731905142468,0.997357258555688
1,2,9345,373.8,-0.36000000000001364,10,16.71623087922681,148.026003552,131.40637125561597,2.302585092994046,5851.923239047268,0.8195970923035392,27.4176,,
1,2,9346,373.84,-0.32000000000005,10,16.687934366876686,147.2721323976,131.215021035584,2.302585092994046,5863.327229846573,0.8211942898944777,27.407100000000003,,
1,2,9347,373.88,-0.28000000000002956,10,16.66109499476478,146.5352154,131.05687102457597,2.302585092994046,5874.638644981789,0.8227785217061331,27.396600000000003,,
1,2,9348,373.92,-0.2400000000000091,10,16.63400258212869,145.79135820899998,130.898683693264,2.302585092994046,5885.847607579326,0.8243484044228747,27.3861,,
1,2,9349,373.96,-0.20000000000004547,10,16.606416707574244,145.05534183262498,130.717734032976,2.302585092994046,5896.802310596417,0.82588267655412,27.375600000000002,0.8020818698300513,0.997181239711813
1,2,9350,374.0,-0.160000000000025,10,16.580158568047082,144.33534847462502,130.56630966696002,2.302585092994046,5907.074279293372,0.8273213276321248,27.365099999999995,,
1,2,9351,374.04,-0.12000000000000455,10,16.554098682190464,143.61075657810002,130.42742660160002,2.302585092994046,5917.3421814078265,0.82875940916076,27.355650000000004,,
1,2,9352,374.08,-0.08000000000004093,10,16.528329502809683,142.89596301802501,130.289713135424,2.302585092994046,5926.627611907856,0.8300598896229491,27.34515,,
1,2,9353,374.12,-0.040000000000020464,10,16.50307204570155,142.1836886484,130.16769829721602,2.302585092994046,5935.316392667574,0.8312768056957387,27.33465,,
1,2,9354,374.16,0.0,10,16.4769503223359,141.48523290352503,130.00465902119998,2.302585092994046,5942.8516439438845,0.8323321630173508,28.98525,0.8015464099014467,0.9966823032142417
1,2,9355,374.2,0.03999999999996362,10,16.452404226949476,140.79697721302497,129.88462763392002,2.302585092994046,5949.8527269053675,0.8333127068494914,28.981049999999996,,
1,2,9356,374.24,0.07999999999998408,10,16.428997167242922,140.1436520631,129.768295858176,2.302585092994046,5955.776391239406,0.8341423517142025,28.8036,,
1,2,9357,374.28,0.1199999999999477,10,16.40458702495802,139.49535755452501,129.615117904896,2.302585092994046,5960.188356816663,0.8347602740639585,28.6209,,
1,2,9358,374.32,0.15999999999996817,10,16.380526887324503,138.860055909225,129.461605197136,2.302585092994046,5963.627051523923,0.835241883966936,28.432949999999998,,
1,2,9359,374.36,0.19999999999998863,10,16.357732915086398,138.234618022725,129.340808098576,2.302585092994046,5965.628134794031,0.8355221477302563,28.2366,0.7976394472246262,0.996031769807739
1,2,9360,374.4,0.23999999999995225,10,16.33431670981021,137.63363658502502,129.17626579136,2.302585092994046,5965.859132310892,0.8355545003236544,28.046549999999996,,
1,2,9361,374.44,0.2799999999999727,10,16.311712768951303,137.05239911422498,129.019574342544,2.302585092994046,5964.343620161303,0.8353422437200704,27.849149999999998,,
1,2,9362,374.48,0.3199999999999932,10,16.289854179728067,136.49217338609998,128.86717581070403,2.302585092994046,5961.070386339159,0.8348838076105265,27.6591,,
1,2,9363,374.52,0.3599999999999568,10,16.267526253514884,135.9527623839,128.67964802489604,2.302585092994046,5955.596895567399,0.8341172122643415,27.4596,,
1,2,9364,374.56,0.39999999999997726,10,16.244431223580097,135.438080589,128.443465188624,2.302585092994046,5949.88740310706,0.8333175634603726,27.2664,0.7917748149960717,0.9953454303726471
1,2,9365,374.6,0.4399999999999977,10,16.22224432905829,134.94489555959998,128.216315512064,2.302585092994046,5943.247399930273,0.8323875910266488,27.0774,,
1,2,9366,374.64,0.47999999999996135,10,16.200702964081067,134.469367740225,127.99340879016002,2.302585092994046,5935.0346401884635,0.8312373445642105,26.8905,,
1,2,9367,374.68,0.5199999999999818,10,16.180496099567808,134.014972982625,127.79348104550402,2.302585092994046,5925.791512699273,0.8299427888934556,26.70045,,
1,2,9368,374.72,0.5600000000000023,10,16.161187402364963,133.586639109,127.59733914536,2.302585092994046,5916.059608093476,0.8285797770439042,26.508300000000002,,
1,2,9369,374.76,0.5999999999999659,10,16.141339663971543,133.15891299952503,127.38393314817597,2.302585092994046,5906.472085279023,0.8272369867337569,26.3151,0.7853905468537221,0.993881170819392
1,2,9370,374.8,0.6399999999999864,10,16.121219225899633,132.7574965311,127.13621279841604,2.302585092994046,5895.77875379435,0.825739321259713,26.12715,,
1,2,9371,374.84,0.67999999999995,10,16.10310137438714,132.40436155852498,126.90551231526399,2.302585092994046,5884.406972134222,0.824146634752692,25.935,,
1,2,9372,374.88,0.7199999999999704,10,16.084298973529464,132.05636082922499,126.64831264065599,2.302585092994046,5872.716778551503,0.8225093527383058,25.744950000000003,,
1,2,9373,374.92,0.7599999999999909,10,16.065799091485022,131.752184960025,126.357715487936,2.302585092994046,5860.924116562275,0.8208577194064811,25.54965,,
1,2,9374,374.96,0.7999999999999545,10,16.046634590092122,131.46253047112498,126.03195119681602,2.302585092994046,5847.811985319158,0.8190212864592658,25.3533,0.7746155434790025,0.992116814916505
1,2,9375,375.0,0.839999999999975,10,16.029055186411362,131.21018700772498,125.720423161296,2.302585092994046,5834.585225930514,0.817168799149932,25.1538,,
1,2,9376,375.04,0.8799999999999955,10,16.01172927146422,130.98011584140002,125.39535842126402,2.302585092994046,5821.334285780018,0.8153129251792741,24.94905,,
1,2,9377,375.08,0.9199999999999591,10,15.99593170523443,130.80102031710004,125.06881080142402,2.302585092994046,5807.847884451887,0.8134240734526452,24.7443,,
1,2,9378,375.12,0.9599999999999795,10,15.981810392459423,130.6659076191,124.752355801424,2.302585092994046,5794.311737668692,0.8115282545754469,24.54165,,
1,2,9379,375.16,1.0,10,15.968585099197394,130.55933142472503,124.436378645584,2.302585092994046,5779.976768552817,0.8095205558197223,24.342149999999997,0.7601595142598938,0.989454302299014
1,2,9380,375.2,1.0399999999999636,10,15.9551953776919,130.480047342225,124.08821219809602,2.302585092994046,5765.471018843815,0.8074889382134195,24.14685,,
1,2,9381,375.24,1.079999999999984,10,15.942676533199185,130.4313092019,123.73762584031999,2.302585092994046,5750.934029469282,0.8054529453038209,23.949450000000002,,
1,2,9382,375.28,1.1199999999999477,10,15.931660906720337,130.426640831025,123.39117841569605,2.302585092994046,5736.297777125912,0.8034030500176348,23.75625,,
1,2,9383,375.32,1.1599999999999682,10,15.920748161780116,130.459210533225,123.0110114976,2.302585092994046,5721.1621123828045,0.8012832090171995,23.565150000000003,,
1,2,9384,375.36,1.1999999999999886,10,15.911571659618323,130.536563609025,122.641549070144,2.302585092994046,5705.061666362602,0.7990282445885998,23.377200000000002,0.744345537758542,0.9860307904750855
1,2,9385,375.4,1.2399999999999523,10,15.903176081172719,130.63517031600003,122.27583915278402,2.302585092994046,5689.3779944981,0.7968316518904902,23.1882,,
1,2,9386,375.44,1.2799999999999727,10,15.894272000339745,130.7605908924,121.86729152838402,2.302585092994046,5673.6459613744,0.7946282859067787,23.00025,,
1,2,9387,375.48,1.3199999999999932,10,15.88796674704715,130.9148057259,121.51268162937602,2.302585092994046,5657.842525756303,0.7924149195737121,22.81125,,
1,2,9388,375.52,1.3599999999999568,10,15.882377020954042,131.103402606225,121.146497229504,2.302585092994046,5641.722622774889,0.7901572300805164,22.626450000000002,,
1,2,9389,375.56,1.3999999999999773,10,15.877413276647712,131.311783176525,120.78046918094401,2.302585092994046,5625.8401815842735,0.7879327985412148,22.440600000000003,0.7297223611949374,0.9819922420717475
1,2,9390,375.6,1.4399999999999977,10,15.874273491034009,131.57770798462502,120.41485088352002,2.302585092994046,5609.686000784452,0.7856703082331166,22.2579,,
1,2,9391,375.64,1.4799999999999613,10,15.871960368520456,131.8729620159,120.046163923984,2.302585092994046,5593.64170462197,0.783423207930248,21.798000000000002,,
1,2,9392,375.68,1.5199999999999818,10,15.87105554789602,132.19741176862505,119.692992435776,2.302585092994046,5578.021923747352,0.7812355635500495,21.26775,,
1,2,9393,375.72,1.5600000000000023,10,15.869490925417361,132.5367277416,119.30401449030398,2.302585092994046,5561.72599770699,0.7789532209673656,20.7375,,
1,2,9394,375.76,1.599999999999966,10,15.869781817085075,132.91011004950002,118.939864872384,2.163955656882057,5545.959672998559,0.7767450522406945,20.207250000000002,0.7162766362829669,0.9776442125937256
1,2,9395,375.8,1.6399999999999864,10,15.8700366693623,133.2935882586,118.56447562830401,2.163955656882057,5530.362985709211,0.774560642256192,19.677,,
1,2,9396,375.84,1.67999999999995,10,15.872975731772538,133.72615166399996,118.22520691743998,2.163955656882057,5514.367126200652,0.7723203257984105,19.14675,,
1,2,9397,375.88,1.7199999999999704,10,15.876246879533085,134.1717907635,117.88342421638399,2.163955656882057,5498.321051287525,0.7700729763708017,18.616500000000002,,
1,2,9398,375.92,1.759999999999991,10,15.880199506496005,134.66352754890002,117.51720881721596,2.163955656882057,5482.470132655916,0.7678529597557304,18.087300000000003,,
1,2,9399,375.96,1.7999999999999545,10,15.885977803363097,135.18370500862503,117.18058576031999,2.163955656882057,5466.96294627584,0.7656810849125827,17.557050000000004,0.7035668880218259,0.9728382066162579
1,2,9400,376.0,1.839999999999975,10,15.891860913965393,135.720110110725,116.831133198096,2.163955656882057,5450.643214284044,0.7633954081630314,17.0268,,
1,2,9401,376.04,1.8799999999999955,10,15.898537063885344,136.2749722866,116.48850848513601,2.163955656882057,5434.7801457143405,0.761173689875958,16.496550000000003,,
1,2,9402,376.08,1.919999999999959,10,15.90691811402413,136.876923406125,116.153120480144,2.163955656882057,5418.67323183567,0.7589178195848277,15.966299999999997,,
1,2,9403,376.12,1.9599999999999795,10,15.915419153223738,137.496109500225,115.80445732257601,2.163955656882057,5402.248158876786,0.7566173891984294,15.436049999999998,,
1,2,9404,376.16,2.0,10,15.924006158395693,138.13814216159997,115.435829971024,2.163955656882057,5385.553192205851,0.7542791585722478,14.905799999999997,0.6903299516920565,0.967701913428918
1,2,9405,376.2,2.0399999999999636,10,15.934493156451385,138.7957898061,115.11228234689602,2.163955656882057,5368.650080565817,0.7519117759896103,14.375549999999997,,
1,2,9406,376.24,2.079999999999984,10,15.946372629741346,139.49151228809995,114.79528775846397,2.163955656882057,5351.742863133188,0.7495438183659927,13.845299999999998,,
1,2,9407,376.28,2.1199999999999477,10,15.95844926842317,140.1994786941,114.47262435873597,2.163955656882057,5334.750654778078,0.7471639572518316,13.315049999999998,,
1,2,9408,376.32,2.159999999999968,10,15.971623406676606,140.93422694190002,114.15852730279998,2.163955656882057,5317.776065681135,0.7447865638208874,12.784799999999997,,
1,2,9409,376.36,2.1999999999999886,10,15.986602467000454,141.69095089222498,113.88050754568,2.163955656882057,5300.622079267234,0.7423840447152988,12.254549999999998,0.677939174176197,0.9624903167299811
1,2,9410,376.4,2.2399999999999523,10,16.001235705219646,142.4603892915,113.579154802496,2.163955656882057,5283.440930609146,0.7399777213738299,11.725349999999999,,
1,2,9411,376.44,2.2799999999999727,10,16.01753322074997,143.246189121525,113.31518135630401,2.302585092994046,5266.392254065167,0.7375899515497434,11.1951,,
1,2,9412,376.48,2.319999999999993,10,16.03251133081851,144.0405386406,113.00088093222398,2.302585092994046,5249.142101112411,0.735173963741234,10.66485,,
1,2,9413,376.52,2.359999999999957,10,16.04923462939554,144.86414623852502,112.71378595086398,2.302585092994046,5231.921046201285,0.7327620512886953,10.134599999999999,,
1,2,9414,376.56,2.3999999999999773,10,16.067529245662538,145.714643844525,112.450852215696,2.302585092994046,5214.712304464501,0.7303518633703784,9.60435,0.6660347925504422,0.9577070934584873
1,2,9415,376.6,2.4399999999999977,10,16.085328126815316,146.56122774089997,112.17655320641602,2.302585092994046,5197.813524588979,0.7279850874774481,9.0741,,
1,2,9416,376.64,2.4799999999999613,10,16.10350688490752,147.4348216194,111.88811237286397,2.302585092994046,5180.805514923075,0.7256030132945485,8.543849999999999,,
1,2,9417,376.68,2.519999999999982,10,16.123338401548732,148.33553148540003,111.626509725456,2.163955656882057,5163.8023362346885,0.7232216157191442,8.0136,,
1,2,9418,376.72,2.5600000000000023,10,16.143164832791772,149.234409492525,111.36736132616,2.163955656882057,5147.374578071278,0.7209208092536803,7.48335,,
1,2,9419,376.76,2.599999999999966,10,16.164808052441234,150.160139758125,111.140879614144,2.163955656882057,5131.451007096373,0.7186906172403884,6.9531,0.6548384817009832,0.9537407231827999
1,2,9420,376.8,2.6399999999999864,10,16.186773889851676,151.09128624239997,110.920362718784,2.163955656882057,5115.711432505898,0.7164861950288373,6.42285,,
1,2,9421,376.84,2.67999999999995,10,16.210154465862438,152.04324260159996,110.72586520552,2.0253262207700677,5099.996131490239,0.7142851724776246,5.893650000000001,,
1,2,9422,376.88,2.7199999999999704,10,16.233238730696474,152.99015330340004,110.52788638438399,2.0253262207700677,5084.778326263253,0.7121538272077385,5.363400000000001,,
1,2,9423,376.92,2.759999999999991,10,16.25624460759523,153.95470313422504,110.310785607744,2.0253262207700677,5069.30401290978,0.7099865564299411,4.833150000000002,,
1,2,9424,376.96,2.7999999999999545,10,16.279824259607967,154.92304025100003,110.10963767272001,2.0253262207700677,5054.111800120912,0.7078587955351417,4.302900000000002,0.6437270125431427,0.9503885821589199
1,2,9425,377.0,2.839999999999975,10,16.304947798074792,155.918237895,109.933084802944,2.0253262207700677,5038.765117394254,0.7057094001952737,3.772650000000002,,
1,2,9426,377.04,2.8799999999999955,10,16.330827791496795,156.91889331090005,109.77704304462402,2.0253262207700677,5023.706624578817,0.7036003675880697,3.2424000000000017,,
1,2,9427,377.08,2.919999999999959,10,16.356232600288646,157.92142801522505,109.60491685952002,2.0253262207700677,5008.857297430585,0.7015206298922388,2.712150000000002,,
1,2,9428,377.12,2.9599999999999795,10,16.382624782309456,158.9253062481,109.46508850984,2.0253262207700677,4993.804655495924,0.6994124167361238,2.1819000000000024,,
1,2,9429,377.16,3.0,10,16.408258084402163,159.930890599725,109.30004276462398,2.0253262207700677,4978.8086152288615,0.6973121309844343,1.6516500000000023,0.6334256028663083,0.9473412182675202
1,2,9430,377.2,3.0399999999999636,10,16.434520647504172,160.947510392025,109.14595852121599,2.0253262207700677,4964.116696671796,0.6952544393097754,1.1214000000000024,,
1,2,9431,377.24,3.079999999999984,10,16.46145832650683,161.968278803625,109.011331431696,2.0253262207700677,4949.630738689817,0.693225593654036,0.5911500000000025,,
1,2,9432,377.28,3.1199999999999477,10,16.487891321112016,162.990401702625,108.86015851417599,2.0253262207700677,4934.878829984611,0.6911594999978447,0.06090000000000262,,
1,2,9433,377.32,3.159999999999968,10,16.515716529757498,164.04170116162499,108.72719132967998,2.0253262207700677,4920.028002655794,0.6890795521926882,-0.46830000000000205,,
1,2,9434,377.36,3.1999999999999886,10,16.544240730026296,165.104357649525,108.60754368353601,2.0253262207700677,4905.054227802953,0.686982384846352,-0.9985500000000019,0.6226931955957409,0.9442480217732547
1,2,9435,377.4,3.2399999999999523,10,16.57227264387718,166.15161537659998,108.48860520640002,2.0253262207700677,4890.451487435554,0.6849371831142232,-1.5288000000000017,,
1,2,9436,377.44,3.2799999999999727,10,16.60142965407043,167.21191010002502,108.395556459024,2.0253262207700677,4875.789095373433,0.6828836268030019,-2.059050000000002,,
1,2,9437,377.48,3.319999999999993,10,16.630320993320606,168.29120616840004,108.27637017248,2.0253262207700677,4860.450645388846,0.6807353845082418,-2.5893000000000015,,
1,2,9438,377.52,3.359999999999957,10,16.660453167025917,169.37513839259995,108.195561338064,2.163955656882057,4845.69792713569,0.6786691774699848,-3.1195500000000016,,
1,2,9439,377.56,3.3999999999999773,10,16.690098747536396,170.46046757250002,108.09892863001603,2.163955656882057,4830.99626734364,0.6766101214767003,-3.6498000000000013,0.6108893557025247,0.9398046777896558
1,2,9440,377.6,3.4399999999999977,10,16.720544303085234,171.5720393835,108.004562407936,2.163955656882057,4816.056583090409,0.6745177287241471,-4.180050000000001,,
1,2,9441,377.64,3.4799999999999613,10,16.750336545533646,172.67501235599997,107.89876203264005,2.163955656882057,4801.334602347279,0.6724558266592827,-4.710300000000001,,
1,2,9442,377.68,3.519999999999982,10,16.78030915051734,173.79142564139997,107.78734954553599,2.163955656882057,4786.619924675472,0.6703949474335396,-5.240550000000001,,
1,2,9443,377.72,3.5600000000000023,10,16.810021112383055,174.8961613791,107.680648419664,2.163955656882057,4771.898612566476,0.6683331390149125,-5.444249999999995,,
1,2,9444,377.76,3.599999999999966,10,16.83961779633935,176.004008691525,107.56871883526401,2.163955656882057,4756.936623238811,0.6662376223023546,-5.656349999999997,0.5991314278121341,0.9345239807600917
1,2,9445,377.8,3.6399999999999864,10,16.869395162998256,177.12523028812498,107.45126287726399,2.163955656882057,4741.968793313892,0.6641412875789764,-5.8705500000000015,,
1,2,9446,377.84,3.67999999999995,10,16.899132860060867,178.23360414352499,107.34708727846396,2.163955656882057,4726.890033452829,0.6620294164499758,-6.084749999999994,,
1,2,9447,377.88,3.7199999999999704,10,16.92970907127515,179.3565047484,107.258544489616,2.163955656882057,4712.196871801237,0.659971550672442,-6.302099999999996,,
1,2,9448,377.92,3.759999999999991,10,16.961051988239998,180.4819334409,107.19535110687998,2.163955656882057,4697.263401347684,0.6578800281999557,-6.5215499999999995,,
1,2,9449,377.96,3.7999999999999545,10,16.992518679747274,181.6130034054,107.13268767616,2.163955656882057,4682.355645038185,0.655792107148205,-6.741000000000003,0.5875160203215869,0.9274405763077231
1,2,9450,378.0,3.839999999999975,10,17.024317372574913,182.75197167990004,107.07541032225599,2.0253262207700677,4667.331848086598,0.6536879339056859,-6.963600000000005,,
1,2,9451,378.04,3.8799999999999955,10,17.05533523969963,183.87943580790005,107.00502433064,2.0253262207700677,4652.542849638482,0.6516166456076306,-7.1872500000000015,,
1,2,9452,378.08,3.919999999999959,10,17.086901090970827,185.02245823949997,106.93973065312,2.0253262207700677,4637.711627115622,0.6495394435736165,-7.412999999999999,,
1,2,9453,378.12,3.9599999999999795,10,17.11891106994674,186.161736548025,106.89537967272001,2.0253262207700677,4622.677027211972,0.6474337573126011,-7.639800000000005,,
1,2,9454,378.16,4.0,10,17.150599504559864,187.29948400222503,106.84357936358404,2.0253262207700677,4607.645336835043,0.6453284785483254,-7.869749999999996,0.5750600208728399,0.9173915137208836
1,2,9455,378.2,4.039999999999964,10,17.18273746904343,188.43460975552503,106.811857174544,2.0253262207700677,4592.633539314888,0.6432259858984437,-8.102849999999997,,
1,2,9456,378.24,4.079999999999984,10,17.215518477123947,189.59639178690003,106.77768464929599,2.0253262207700677,4577.258601147432,0.641072633213926,-8.339100000000006,,
1,2,9457,378.28,4.119999999999948,10,17.249316778652307,190.7724860874,106.766443242896,2.0253262207700677,4561.7454231152005,0.6388999192038096,-8.575350000000002,,
1,2,9458,378.32,4.159999999999968,10,17.282651353367083,191.95094376202502,106.73909404001601,2.0253262207700677,4545.955831478311,0.636688491803685,-8.8137,,
1,2,9459,378.36,4.199999999999989,10,17.315781831440937,193.13337610349998,106.70292433056002,2.0253262207700677,4529.755712284794,0.6344195675468899,-9.053099999999997,0.5617912159271472,0.9056185692643232
1,2,9460,378.4,4.239999999999952,10,17.349425884053023,194.324524655625,106.67805385062402,2.0253262207700677,4512.730887693251,0.6320351383323882,-9.294600000000004,,
1,2,9461,378.44,4.279999999999973,10,17.38295937747543,195.51011496502505,106.65716175393598,2.0253262207700677,4493.993241860637,0.6294108181877641,-9.536100000000001,,
1,2,9462,378.48,4.319999999999993,10,17.416062749540984,196.687430041725,106.631811654224,2.0253262207700677,4469.1198019917265,0.6259271431360961,-9.778650000000004,,
1,2,9463,378.52,4.359999999999957,10,17.44958038127476,197.88405703762498,106.60379844494398,2.0253262207700677,4438.813703719052,0.6216825915572901,-10.024350000000005,,
1,2,9464,378.56,4.399999999999977,10,17.48301742936845,199.091052252225,106.56484618337599,2.0253262207700677,4403.959571966234,0.6168010604994725,-10.272149999999996,0.5485974059486812,0.891267570340754
1,2,9465,378.6,4.439999999999998,10,17.516175442670725,200.30477655352502,106.511625584896,2.0253262207700677,4362.9651189617825,0.611059540470838,-10.523099999999998,,
1,2,9466,378.64,4.479999999999961,10,17.549350136989716,201.522290941125,106.45739928953599,2.0253262207700677,4312.120668019363,0.6039384689102749,-10.774049999999997,,
1,2,9467,378.68,4.519999999999982,10,17.583182108798425,202.74897014662503,106.419322924544,2.0253262207700677,4248.316079310023,0.595002252004205,-11.028149999999995,,
1,2,9468,378.72,4.560000000000002,10,17.616066751774188,203.9606310861,106.365176716864,2.0253262207700677,4176.844365330742,0.5849922080295158,-11.282250000000005,,
1,2,9469,378.76,4.599999999999966,10,17.649893559357686,205.2124705764,106.30627208025598,2.0253262207700677,4115.663546345212,0.5764234658746795,-11.5395,0.5357607313507821,0.8743884058353316
1,2,9470,378.8,4.639999999999986,10,17.683768265001554,206.4647308689,106.250929181376,2.0253262207700677,4066.313304779924,0.5695116673361239,-11.802000000000007,,
1,2,9471,378.84,4.67999999999995,10,17.71674660948629,207.71254852739995,106.17056189734399,2.0253262207700677,4021.9366250913677,0.563296446091228,-12.062399999999998,,
1,2,9472,378.88,4.71999999999997,10,17.75067038582997,208.99894699372507,106.08735215265601,2.0253262207700677,3983.3909697465997,0.5578978949224931,-12.326999999999995,,
1,2,9473,378.92,4.759999999999991,10,17.784030412785622,210.2886556281,105.98308209478398,2.0253262207700677,3947.378747073,0.5528541662567228,-12.592649999999997,,
1,2,9474,378.96,4.7999999999999545,10,17.81721530930229,211.57234841609994,105.88081296193602,2.163955656882057,3914.7061411862214,0.5482781710344847,-12.860400000000004,0.5219651712043415,0.8547388694268769
1,2,9475,379.0,4.839999999999975,10,17.850379843201768,212.8675144806,105.768546065984,2.163955656882057,3884.6097539407165,0.5440629907479995,-13.128149999999998,,
1,2,9476,379.04,4.8799999999999955,10,17.883281141670313,214.18065545152498,105.63108894049601,2.163955656882057,3854.801927497021,0.5398882251396389,-13.400099999999995,,
1,2,9477,379.08,4.919999999999959,10,17.916433865844954,215.4936705831,105.50493188609599,2.163955656882057,3827.7292780914017,0.5360965375478154,-13.675200000000002,,
1,2,9478,379.12,4.9599999999999795,10,17.948982300942415,216.80767396260003,105.358291676944,2.0253262207700677,3800.87054466283,0.5323348101768669,-13.950299999999999,,
1,2,9479,379.16,5.0,10,17.98112067959283,218.13522306502495,105.18547782905603,2.0253262207700677,3774.6147448438414,0.5286575272890535,-14.22645,0.5086603592379467,0.8326423799749714
1,2,9480,379.2,5.039999999999964,10,18.01250146778631,219.45132841590004,104.998880711104,2.0253262207700677,3749.9239890833255,0.5251994382469644,-14.502600000000003,,
1,2,9481,379.24,5.079999999999984,10,18.04425248305288,220.79570796360002,104.79933970856,2.0253262207700677,3725.2621007117914,0.5217453922565534,-14.781900000000002,,
1,2,9482,379.28,5.119999999999948,10,18.074822714345387,222.1267578894,104.572458265616,2.0253262207700677,3702.034477932543,0.518492223800076,-15.061200000000001,,
1,2,9483,379.32,5.159999999999968,10,18.10590511906146,223.46932682340002,104.35447335705598,2.0253262207700677,3679.41927732332,0.5153248287567674,-15.341549999999996,,
1,2,9484,379.36,5.199999999999989,10,18.137058616343747,224.82226006222496,104.130635190464,2.0253262207700677,3656.259543289233,0.5120811685279038,-15.622949999999998,0.4958675484488967,0.8078571992844126
1,2,9485,379.4,5.239999999999952,10,18.168217403549555,226.182298064625,103.90182555801599,2.163955656882057,3634.54253182906,0.5090395702841821,-15.905399999999995,,
1,2,9486,379.44,5.279999999999973,10,18.19840176107957,227.5431679584,103.63865869926401,2.163955656882057,3612.405756050399,0.5059391815196637,-16.189950000000007,,
1,2,9487,379.48,5.319999999999993,10,18.22936485324404,228.91940496022502,103.39033799246401,2.163955656882057,3590.3008303429633,0.5028432535494346,-16.474500000000003,,
1,2,9488,379.52,5.359999999999957,10,18.26126749799422,230.3229605229,103.15093011040001,2.0253262207700677,3568.4583994941067,0.49978408956500087,-16.759050000000002,,
1,2,9489,379.56,5.399999999999977,10,18.293310486630354,231.7377730185,102.90743554176001,2.0253262207700677,3546.9349285015014,0.49676959782934194,-17.044649999999997,0.48319717993122013,0.7811757706353883
1,2,9490,379.6,5.439999999999998,10,18.32544910456614,233.1682343991,102.653850484944,2.0253262207700677,3526.521313779972,0.4939105481484555,-17.329199999999997,,
1,2,9491,379.64,5.479999999999961,10,18.35714029595253,234.61189949610008,102.37270034918402,2.0253262207700677,3505.702926045342,0.49099480756937564,-17.611650000000004,,
1,2,9492,379.68,5.519999999999982,10,18.3880160100981,236.05782052859996,102.06131225902402,2.0253262207700677,3485.2834707229263,0.48813493987716056,-17.8941,,
1,2,9493,379.72,5.560000000000002,10,18.418760968637496,237.50633905110004,101.744416568704,2.0253262207700677,3465.229933352475,0.48532632119782565,-18.17655,,
1,2,9494,379.76,5.599999999999966,10,18.450887410451454,238.9818852729,101.453360960256,2.0253262207700677,3445.339867176932,0.482540597643828,-18.460050000000003,0.4717536811137117,0.7539472848868897
1,2,9495,379.8,5.639999999999986,10,18.482807525649992,240.46953416639994,101.144639863824,2.0253262207700677,3425.6405295590375,0.47978158677297444,-18.743549999999995,,
1,2,9496,379.84,5.67999999999995,10,18.514932565682784,241.97453545072494,100.828192461056,2.0253262207700677,3405.551416186986,0.4769679854603622,-19.026000000000003,,
1,2,9497,379.88,5.71999999999997,10,18.547981164746986,243.50232980902496,100.52527547878398,2.0253262207700677,3386.1308879168587,0.47424802351776746,-19.30845,,
1,2,9498,379.92,5.759999999999991,10,18.580126908684477,245.02524503152503,100.195870911296,2.0253262207700677,3367.1266906723044,0.4715863712426196,-19.590899999999998,,
1,2,9499,379.96,5.7999999999999545,10,18.6137777191994,246.59928779850003,99.87343318126399,2.0253262207700677,3348.355635586755,0.46895737193091813,-19.870199999999997,0.4608168073610339,0.7260231321324447
1,2,9500,380.0,5.839999999999975,10,18.646068455601814,248.15836437052502,99.517504480464,1.8866967846580787,3329.2364505958144,0.46627961492938585,-20.150550000000003,,
1,2,9501,380.04,5.8799999999999955,10,18.67805364279972,249.70545811259998,99.16422977070401,1.8866967846580787,3310.7356955981686,0.4636884727728528,-20.429850000000002,,
1,2,9502,380.08,5.919999999999959,10,18.712005877964792,251.30683977052496,98.83232420646401,2.0253262207700677,3292.925956538902,0.4611941115600703,-20.7123,,
1,2,9503,380.12,5.9599999999999795,10,18.74479663492888,252.90255359722497,98.464847287616,2.0253262207700677,3274.6225187219097,0.45863060486301255,-20.992650000000005,,
1,2,9504,380.16,6.0,10,18.77723327463724,254.5005415176,98.08394793254399,2.0253262207700677,3256.5155326162453,0.45609461241123883,-21.271950000000004,0.44985587614413336,0.6941776539498307
1,2,9505,380.2,6.039999999999964,10,18.81079161689683,256.1272669935,97.71861426081604,2.163955656882057,3238.0179764388067,0.4535039182687404,-21.551250000000003,,
1,2,9506,380.24,6.079999999999984,10,18.84315397818518,257.75979889589996,97.30465294969599,2.163955656882057,3219.220695073356,0.4508712458085933,-21.831599999999998,,
1,2,9507,380.28,6.119999999999948,10,18.876643417396245,259.42139266522497,96.906274042304,2.163955656882057,3201.808717621746,0.4484325935044462,-22.110899999999997,,
1,2,9508,380.32,6.159999999999968,10,18.90936140278738,261.0756868592251,96.48826180200001,2.163955656882057,3184.6114059356005,0.44602400643355755,-22.388099999999998,,
1,2,9509,380.36,6.199999999999989,10,18.94309121335153,262.75090724189994,96.08979747545601,2.163955656882057,3167.8146884231646,0.44367152498923873,-22.665300000000006,0.4401013162245683,0.6622845977937097
1,2,9510,380.4,6.239999999999952,10,18.97620694599424,264.4289200476,95.66751000960001,2.163955656882057,3151.1367926340554,0.44133568524286493,-22.94355,,
1,2,9511,380.44,6.279999999999973,10,19.008628208930833,266.10773455822493,95.22021182713601,2.163955656882057,3134.8921499844464,0.43906052520790567,-23.218650000000004,,
1,2,9512,380.48,6.319999999999993,10,19.0410703389257,267.82170693390003,94.740652718016,2.163955656882057,3118.2618649145916,0.4367313536294946,-23.492700000000006,,
1,2,9513,380.52,6.359999999999957,10,19.073936362283586,269.5304483991,94.28459995334399,2.163955656882057,3102.8268868615323,0.43456959199741346,-23.7678,,
1,2,9514,380.56,6.399999999999977,10,19.106186560716427,271.23614494672495,93.81021994617602,2.163955656882057,3087.3346452669844,0.43239981026148244,-24.039749999999998,0.43066974199552094,0.6304816038621086
1,2,9515,380.6,6.439999999999998,10,19.13909171306938,272.97444589222505,93.33038570905599,2.163955656882057,3071.895610250189,0.43023748042719734,-24.310650000000003,,
1,2,9516,380.64,6.479999999999961,10,19.17320824546742,274.7320455158999,92.87986890816,2.163955656882057,3057.220462626774,0.42818213762279744,-24.5826,,
1,2,9517,380.68,6.519999999999982,10,19.205962321522552,276.46107231959996,92.407916376144,2.0253262207700677,3042.047038086739,0.4260570081353976,-24.852449999999994,,
1,2,9518,380.72,6.560000000000002,10,19.239593243437245,278.23732440210006,91.92462377081601,2.0253262207700677,3027.0851019228085,0.4239614988687407,-25.12335,,
1,2,9519,380.76,6.599999999999966,10,19.274289420343596,280.03598855662506,91.46224410254402,2.0253262207700677,3012.6899747589387,0.4219453746160979,-25.393200000000007,0.4219544130197546,0.6001841288640145
1,2,9520,380.8,6.639999999999986,10,19.308522339977856,281.8575690336,90.96146591982401,2.0253262207700677,2997.2172444451735,0.4197783255525452,-25.661999999999995,,
1,2,9521,380.84,6.67999999999995,10,19.34278468329563,283.67204148359997,90.471277820736,2.0253262207700677,2982.600466979776,0.4177311578403047,-25.928700000000006,,
1,2,9522,380.88,6.71999999999997,10,19.377545239219955,285.5124115704,89.97684792761602,2.0253262207700677,2967.764541364536,0.415653297109879,-26.1933,,
1,2,9523,380.92,6.759999999999991,10,19.41260161895989,287.3580030531001,89.49109856334398,2.0253262207700677,2953.4665500750525,0.41365077732143585,-26.456850000000003,,
1,2,9524,380.96,6.7999999999999545,10,19.44781651842088,289.2033203661,89.01424696806399,2.0253262207700677,2939.8370608204973,0.4117418852689772,-26.71935,0.41447811161276255,0.5700362347702298
1,2,9525,381.0,6.839999999999975,10,19.48359681230827,291.075901368525,88.53464337606403,2.0253262207700677,2925.801538991684,0.40977612590919943,-26.980799999999995,,
1,2,9526,381.04,6.8799999999999955,10,19.519097732404564,292.939775123625,88.05540116353599,2.0253262207700677,2911.812357248271,0.407816856757461,-27.2412,,
1,2,9527,381.08,6.919999999999959,10,19.55575064374518,294.8380082361,87.58937500424001,2.0253262207700677,2898.1847135589455,0.4059082231875274,-27.500549999999997,,
1,2,9528,381.12,6.9599999999999795,10,19.591283157683904,296.724029595525,87.09434616902399,2.0253262207700677,2884.4993338613695,0.4039915033419285,-27.756749999999997,,
1,2,9529,381.16,7.0,10,19.62707253979472,298.61640706590003,86.60556941646401,2.0253262207700677,2871.7051915384454,0.40219960665804555,-28.008750000000006,0.40743448046887776,0.5425146678709415
1,2,9530,381.2,7.039999999999964,10,19.664141747689396,300.53643578752497,86.142034885696,2.0253262207700677,2858.506078535894,0.4003509913915818,-28.257600000000004,,
1,2,9531,381.24,7.079999999999984,10,19.702057461850046,302.46064037122505,85.71042785881599,2.163955656882057,2845.9587940135007,0.3985936686293418,-28.50645,,
1,2,9532,381.28,7.119999999999948,10,19.738785163904616,304.37652646012504,85.243113286656,2.163955656882057,2834.201748255321,0.39694702356517103,-28.751099999999994,,
1,2,9533,381.32,7.159999999999968,10,19.7758550360414,306.3227515299,84.761690876624,2.163955656882057,2822.3883720946437,0.3952924890888857,-28.99365,,
1,2,9534,381.36,7.199999999999989,10,19.813088544530455,308.27345417189997,84.285023501504,2.163955656882057,2809.8540619590653,0.3935369834676562,-29.230950000000004,0.40096528686481975,0.5204423769908615
1,2,9535,381.4,7.239999999999952,10,19.850825941908713,310.2434712909,83.81181928505602,2.163955656882057,2797.785391699442,0.39184669351532797,-29.4693,,
1,2,9536,381.44,7.279999999999973,10,19.88808769883472,312.204151216125,83.33188110041598,2.302585092994046,2785.8872011774747,0.3901802802769572,-29.70555,,
1,2,9537,381.48,7.319999999999993,10,19.926173090449883,314.161416776025,82.89095725454399,2.302585092994046,2773.820010578209,0.3884901975599732,-29.937600000000003,,
1,2,9538,381.52,7.359999999999957,10,19.963814048101156,316.136976824025,82.41689452313601,2.302585092994046,2761.7724673364983,0.38680286657373925,-30.167549999999995,,
1,2,9539,381.56,7.399999999999977,10,20.001159624020904,318.1092544539,81.937131851664,2.302585092994046,2749.611656918097,0.3850996718372685,-30.392249999999997,0.3938977469077682,0.5027598636359978
1,2,9540,381.6,7.439999999999998,10,20.03808452153451,320.079156527025,81.44567476513602,2.302585092994046,2737.8174530692904,0.3834478225587241,-30.61485,,
1,2,9541,381.64,7.479999999999961,10,20.074271085284888,322.034985882225,80.94137372328001,2.302585092994046,2725.611712997429,0.3817383351537016,-30.834300000000002,,
1,2,9542,381.68,7.519999999999982,10,20.10969670310522,323.971267295025,80.428634195856,2.302585092994046,2713.501599732164,0.38004224085884647,-31.0527,,
1,2,9543,381.72,7.560000000000002,10,20.14548513613718,325.9243919421,79.916179428224,2.302585092994046,2701.26916021272,0.378329014035395,-31.268999999999995,,
1,2,9544,381.76,7.599999999999966,10,20.180965164369344,327.849470687025,79.42188427846402,2.302585092994046,2689.5749171681155,0.37669116486948395,-31.485300000000002,0.3878561667484947,0.49185667895578883
1,2,9545,381.8,7.639999999999986,10,20.21671359561808,329.786790390225,78.92871821702401,2.302585092994046,2678.629370883922,0.37515817519382655,-31.696349999999995,,
1,2,9546,381.84,7.67999999999995,10,20.251682492567376,331.7229634824,78.40768029735999,2.302585092994046,2667.4127947301986,0.37358722615268886,-31.904249999999994,,
1,2,9547,381.88,7.71999999999997,10,20.28484271571907,333.606759423525,77.868084577936,2.302585092994046,2655.3467328946517,0.3718973015258616,-32.10795,,
1,2,9548,381.92,7.759999999999991,10,20.318416011239066,335.503507248,77.33452195777598,2.302585092994046,2644.281817643691,0.3703475935075197,-32.3106,,
1,2,9549,381.96,7.7999999999999545,10,20.351558109251588,337.3810686729001,76.804848801344,2.302585092994046,2633.0219365850962,0.3687705793536549,-32.5122,0.3825859357776882,0.48869139255956984
1,2,9550,382.0,7.839999999999975,10,20.38512007396182,339.2661233162251,76.286997113616,2.302585092994046,2622.621014805881,0.3673138676198712,-32.71170000000001,,
1,2,9551,382.04,7.8799999999999955,10,20.41935373682049,341.145102556125,75.80490447327999,2.302585092994046,2612.714343984904,0.3659263787093703,-32.90595,,
1,2,9552,382.08,7.919999999999959,10,20.452726896943204,343.00901872439994,75.305018796544,2.302585092994046,2602.2862876009367,0.3644658666107754,-33.09915,,
1,2,9553,382.12,7.9599999999999795,10,20.485919682951238,344.85371053402497,74.81919472230399,2.302585092994046,2592.195259315501,0.363052557327101,-33.2892,,
1,2,9554,382.16,8.0,10,20.51918600841322,346.69608042352496,74.340914024336,2.302585092994046,2582.815225617136,0.361738827117246,-33.4761,0.3791879506966934,0.4926450364185818
1,2,9555,382.2,8.039999999999964,10,20.552013936772255,348.510096482625,73.875180374656,2.163955656882057,2573.487480904906,0.36043242029480477,-33.65775,,
1,2,9556,382.24,8.079999999999984,10,20.585083256009433,350.3220062706,73.42364638624,2.163955656882057,2564.13858263506,0.359123050789224,-33.8394,,
1,2,9557,382.28,8.119999999999948,10,20.617332484014124,352.0878134004,72.98658535598399,2.163955656882057,2555.123347572133,0.3578604128252287,-34.017900000000004,,
1,2,9558,382.32,8.159999999999968,10,20.649895419531887,353.8720782765,72.546102561104,2.163955656882057,2546.2837012931077,0.35662236712788625,-34.19429999999999,,
1,2,9559,382.36,8.199999999999989,10,20.681396877066017,355.6078416639,72.112335122816,2.302585092994046,2537.9428482626654,0.3554541804289448,-34.36860000000001,0.3773016188488721,0.5022333913935784
1,2,9560,382.4,8.239999999999952,10,20.713666650191996,357.33774089790006,71.71824519737599,2.302585092994046,2530.1796108458957,0.35436689227533547,-34.53764999999999,,
1,2,9561,382.44,8.279999999999973,10,20.744773213637114,359.0268477200999,71.31876796513603,2.302585092994046,2522.595255198817,0.35330465759087076,-34.70355,,
1,2,9562,382.48,8.319999999999993,10,20.776430218441497,360.714935799225,70.94511682254401,2.302585092994046,2515.4015832332834,0.3522971405088632,-34.8663,,
1,2,9563,382.52,8.359999999999957,10,20.807478106147222,362.36318735609996,70.587957781696,2.163955656882057,2508.3680671763404,0.3513120542263782,-35.0259,,
1,2,9564,382.56,8.399999999999977,10,20.83856445327137,364.01218907602504,70.23357939712001,2.163955656882057,2501.571843917782,0.3503602022293812,-35.180249999999994,0.3754113112175173,0.5114295594809225
1,2,9565,382.6,8.439999999999998,10,20.868764578777657,365.60377029172497,69.90156475271999,2.163955656882057,2495.952559743003,0.34957318763907597,-35.3346,,
1,2,9566,382.64,8.479999999999961,10,20.899063705942808,367.21550131559997,69.555362469456,2.163955656882057,2489.588248776,0.34868182755966387,-35.485800000000005,,
1,2,9567,382.68,8.519999999999982,10,20.927793484958798,368.77742960309996,69.19511054598397,2.163955656882057,2483.3578007436327,0.3478092157904247,-35.6307,,
1,2,9568,382.72,8.560000000000002,10,20.955306974919836,370.30830103889997,68.81658937422398,2.163955656882057,2476.6022013119864,0.34686305340504014,-35.775600000000004,,
1,2,9569,382.76,8.599999999999966,10,20.982762723875997,371.8458755424,68.43045598408,2.163955656882057,2467.2370545062113,0.3455514081941473,-35.9142,0.37068364425193395,0.5160641656573968
1,2,9570,382.8,8.639999999999986,10,21.01025832906109,373.362069980025,68.06888507385602,2.163955656882057,2457.394998904545,0.34417296903424993,-36.04859999999999,,
1,2,9571,382.84,8.67999999999995,10,21.036525337073037,374.85815007689996,67.677248180416,2.163955656882057,2446.94531553928,0.34270942794667775,-36.17565,,
1,2,9572,382.88,8.71999999999997,10,21.062291192995694,376.33833019440004,67.28178010414399,2.163955656882057,2436.559317051898,0.34125480630978955,-36.3006,,
1,2,9573,382.92,8.759999999999991,10,21.08789788049034,377.80469829112496,66.89473872686399,2.0253262207700677,2426.0401601240956,0.3397815350313859,-36.421350000000004,,
1,2,9574,382.96,8.799999999999955,10,21.11337113280134,379.27301303902493,66.501427552384,2.0253262207700677,2415.538600629149,0.3383107283794326,-36.5421,0.365399244731408,0.5181264218914163
1,2,9575,383.0,8.839999999999975,10,21.136794493912838,380.6751268404,66.088954637504,2.0253262207700677,2405.555759693697,0.3369125713856719,-36.6618,,
1,2,9576,383.04,8.879999999999995,10,21.160982647374766,382.11051886559994,65.67666773689601,2.0253262207700677,2396.176272111132,0.3355989176626236,-36.77625,,
1,2,9577,383.08,8.919999999999959,10,21.18534476394038,383.5268975286,65.29193523841602,2.0253262207700677,2386.7663304069724,0.33428099865643873,-36.88965,,
1,2,9578,383.12,8.95999999999998,10,21.20836277355725,384.89010527362495,64.90454626118398,2.0253262207700677,2378.53795778228,0.33312856551572556,-36.999900000000004,,
1,2,9579,383.16,9.0,10,21.230395490956948,386.219347231725,64.51034547072001,2.0253262207700677,2369.879133471611,0.33191584502403515,-37.107000000000006,0.35961684770666463,0.5161693957323522
1,2,9580,383.2,9.039999999999964,10,21.251945216263756,387.5217314409,64.12344403417599,2.0253262207700677,2359.626529305146,0.3304799060651465,-37.214099999999995,,
1,2,9581,383.24,9.079999999999984,10,21.273167947878402,388.80195634822496,63.74571819041599,2.0253262207700677,2348.894721246669,0.32897685171521973,-37.31595,,
1,2,9582,383.28,9.119999999999948,10,21.29357840621637,390.04751184210005,63.368969499584,2.163955656882057,2338.0902407550134,0.3274636191533632,-37.41885,,
1,2,9583,383.32,9.159999999999968,10,21.313664402203603,391.262543366625,63.009746883135996,2.163955656882057,2326.8311041120783,0.3258867092593947,-37.519650000000006,,
1,2,9584,383.36,9.199999999999989,10,21.332919800201775,392.45067427702503,62.642792924816,2.163955656882057,2315.102376056563,0.3242440302600229,-37.6173,0.3533753956304339,0.5118932651969814
1,2,9585,383.4,9.239999999999952,10,21.351694728710434,393.608116967625,62.286750820416,2.163955656882057,2303.616645791857,0.32263538456468577,-37.712849999999996,,
1,2,9586,383.44,9.279999999999973,10,21.37065319022657,394.78470518812503,61.920112588816,2.163955656882057,2292.60585516562,0.3210932570259972,-37.803149999999995,,
1,2,9587,383.48,9.319999999999993,10,21.38884192827842,395.93382792862496,61.548731104256,2.163955656882057,2282.1399339353675,0.31962744172764246,-37.886100000000006,,
1,2,9588,383.52,9.359999999999957,10,21.407519555011064,397.10758651672506,61.174306981455985,2.163955656882057,2271.6231122459812,0.31815449751344277,-37.96484999999999,,
1,2,9589,383.56,9.399999999999977,10,21.425754009361935,398.262897722025,60.800037147664,2.163955656882057,2261.1881571112726,0.31669301920325943,-38.03940000000001,0.34625818542920866,0.5033119467536256
1,2,9590,383.6,9.439999999999998,10,21.444178020788392,399.4202040444,60.432566942864,2.163955656882057,2252.0024832561617,0.31540651025996663,-38.1108,,
1,2,9591,383.64,9.479999999999961,10,21.46277725393142,400.55239115009994,60.09841630177601,2.163955656882057,2243.5459762479322,0.31422212552492046,-38.17275000000001,,
1,2,9592,383.68,9.519999999999982,10,21.480919584742292,401.67388503112505,59.75602117503998,2.163955656882057,2235.6889797086064,0.31312170584154153,-38.2305,,
1,2,9593,383.72,9.560000000000002,10,21.498402618760515,402.77359742602505,59.407717732304,2.163955656882057,2228.367251833848,0.312096253758242,-38.281949999999995,,
1,2,9594,383.76,9.599999999999966,10,21.515588410947096,403.88905338862503,59.031491280656,2.163955656882057,2221.5832164891035,0.3111461087519753,-38.32395,0.33836534167312293,0.4907024777989379
1,2,9595,383.8,9.639999999999986,10,21.531875135511562,404.96366150572504,58.657985345536,2.163955656882057,2216.2655143511365,0.310401332542176,-38.361749999999994,,
1,2,9596,383.84,9.67999999999995,10,21.54781705283997,406.04104205752503,58.26737768513599,2.163955656882057,2210.7719952775283,0.30963193211169865,-38.39535000000001,,
1,2,9597,383.88,9.71999999999997,10,21.5641035546012,407.11249326510006,57.89806884846401,2.163955656882057,2206.5167940817805,0.3090359655576723,-38.423700000000004,,
1,2,9598,383.92,9.759999999999991,10,21.581106904165413,408.215345139,57.528830070016,2.163955656882057,2203.09726510484,0.30855703993064987,-38.45099999999999,,
1,2,9599,383.96,9.799999999999955,10,21.596203085157445,409.25204666009995,57.14394103526399,2.163955656882057,2200.043465752551,0.3081293369401332,-38.47305,0.3298098156466645,0.4745907896634017
1,2,9600,384.0,9.839999999999975,10,21.613222104603587,410.378400096525,56.75296964639999,2.163955656882057,2197.844591038142,0.3078213712938574,-38.648399999999995,,
1,2,9601,384.04,9.879999999999995,10,21.630323474736016,411.49080468089994,56.38008894081601,2.163955656882057,2198.634179317565,0.3079319578876142,-38.97915,,
1,2,9602,384.08,9.919999999999959,10,21.64866278913663,412.66753063672496,55.99706992102399,2.163955656882057,2201.3710572703344,0.3083152741274978,-39.30885,,
1,2,9603,384.12,9.95999999999998,10,21.666428516166874,413.8238852480251,55.610239398143996,2.163955656882057,2203.8644844921423,0.30866449362635046,-39.63855,,
1,2,9604,384.16,10.0,10,21.68443410204066,414.98276646960005,55.231915856144,2.163955656882057,2206.433304674853,0.3090242723634248,-39.9693,0.3233726020653353,0.463211296241594
1,2,9605,384.2,10.039999999999964,10,21.702701370972605,416.1688165656001,54.838430232016016,2.163955656882057,2206.188229923562,0.3089899481685662,-40.29900000000001,,
1,2,9606,384.24,10.079999999999984,10,21.72156806652687,417.36768079859996,54.45883847016,2.163955656882057,2205.0252335855653,0.3088270635273901,-40.628699999999995,,
1,2,9607,384.28,10.119999999999948,10,21.74049125315178,418.5678805670251,54.08107936134401,2.163955656882057,2208.4796582217805,0.3093108765016499,-40.959450000000004,,
1,2,9608,384.32,10.159999999999968,10,21.757741648607194,419.7531807756001,53.646140871936,2.163955656882057,2215.020895116107,0.3102270161227041,-41.28915,,
1,2,9609,384.36,10.199999999999989,10,21.774063805739825,420.88307883772507,53.22677577870402,2.163955656882057,2221.002791827906,0.3110648167826199,-41.61885,0.32119666029048394,0.460399863939521
1,2,9610,384.4,10.239999999999952,10,21.792162277765,422.08872131789997,52.80961542254399,2.163955656882057,2226.4431460970322,0.3118267711620493,-41.9496,,
1,2,9611,384.44,10.279999999999973,10,21.810441660518848,423.2804240196001,52.414941407296,2.163955656882057,2230.9762703487686,0.3124616625138331,-42.2793,,
1,2,9612,384.48,10.319999999999993,10,21.830168240609233,424.52108923139997,52.03515618190399,2.163955656882057,2237.507833581804,0.3133764472803647,-42.609,,
1,2,9613,384.52,10.359999999999957,10,21.850816043039767,425.7781165575,51.680045189264014,2.0253262207700677,2242.478819849003,0.3140726638443981,-42.939750000000004,,
1,2,9614,384.56,10.399999999999977,10,21.872988391555666,427.094189825625,51.33343135150399,2.0253262207700677,2248.110408692136,0.31486140177761013,-43.26944999999999,0.3218685470898029,0.46510033545363777
1,2,9615,384.6,10.439999999999998,10,21.892508390180875,428.32197672390004,50.959946890240005,2.0253262207700677,2251.2773423634603,0.3153049499108488,-43.59915,,
1,2,9616,384.64,10.479999999999961,10,21.914904949421157,429.6323192301,50.630739712064006,2.0253262207700677,2256.2236965673405,0.3159977166060701,-43.929899999999996,,
1,2,9617,384.68,10.519999999999982,10,21.937102531979033,430.90615263622493,50.33031486233601,1.973001406393613,2261.478460981539,0.3167336780086189,-44.2596,,
1,2,9618,384.72,10.560000000000002,10,21.960584093224593,432.209344371525,50.057909344064,1.973001406393613,2265.3233799653954,0.3172721820679826,-44.59035,,
1,2,9619,384.76,10.599999999999966,10,21.982869762287294,433.434637822725,49.81192516295999,2.0253262207700677,2268.87450775787,0.3177695389016625,-44.92005,0.325083762961615,0.477406079238249
1,2,9620,384.8,10.639999999999986,10,22.00718065311102,434.7393499386,49.576650360063994,2.0253262207700677,2270.785353664823,0.3180371643788268,-45.249750000000006,,
1,2,9621,384.84,10.67999999999995,10,22.03040211706323,435.98815565760003,49.350461781904,2.0253262207700677,2273.0264934968695,0.3183510495093655,-45.58050000000001,,
1,2,9622,384.88,10.71999999999997,10,22.054981585345498,437.301552188025,49.12066054190399,2.0253262207700677,2275.9945050219585,0.31876673739803346,-45.910199999999996,,
1,2,9623,384.92,10.759999999999991,10,22.07867581128508,438.56182567102496,48.9060999088,2.0253262207700677,2278.929554856288,0.3191778088034017,-46.2399,,
1,2,9624,384.96,10.799999999999955,10,22.10382899308751,439.8757866594,48.703469496256005,2.0253262207700677,2282.7041349173223,0.3197064614730143,-46.57065,0.3279186981767394,0.4892756849069131
1,2,9625,385.0,10.839999999999975,10,22.128137128647072,441.14199195622507,48.512460827984,2.0253262207700677,2285.823843449304,0.32014339544107895,-46.90035,,
1,2,9626,385.04,10.879999999999995,10,22.15429326083195,442.47377013839997,48.33893974854399,2.0253262207700677,2288.8047227016186,0.3205608855324396,-47.230050000000006,,
1,2,9627,385.08,10.919999999999959,10,22.180237036287597,443.7971631576,48.16575182830401,2.0253262207700677,2291.338825608263,0.3209158019059192,-47.5608,,
1,2,9628,385.12,10.95999999999998,10,22.208092971695272,445.201479202725,47.997914236736,2.0253262207700677,2293.3742563908963,0.3212008762452236,-47.890499999999996,0.32971645957684176,0.49582898979836804
1,3,19066,762.64,-2.0,10,14.557893958285621,123.85811693902497,88.07415956166402,2.0253262207700677,4117.7258026659965,0.5767122972921563,10.089450000000001,0.5467948232734892,0.948876211072894
1,3,19067,762.68,-1.9600000000000364,10,14.538168279682315,123.34524813922503,88.01308878913602,2.0253262207700677,4119.661416375327,0.5769833916492053,10.294200000000002,,
1,3,19068,762.72,-1.919999999999959,10,14.519004336673504,122.842768671,87.958718257344,2.0253262207700677,4121.401495929349,0.5772271002702171,10.498950000000002,,
1,3,19069,762.76,-1.8799999999999955,10,14.501729968109494,122.35912949452498,87.94104257344,2.163955656882057,4123.19962205837,0.5774789386636372,10.703700000000003,,
1,3,19070,762.8,-1.8400000000000318,10,14.48557226765736,121.8934963701,87.93830755142402,2.163955656882057,4124.832630292887,0.5777076513015248,10.9095,,
1,3,19071,762.84,-1.7999999999999545,10,14.470533251858583,121.45686532402496,87.93946726911999,2.163955656882057,4126.406523104752,0.5779280844684526,11.11425,0.5428401098987424,0.9471059422616444
1,3,19072,762.88,-1.759999999999991,10,14.455937405729212,121.03366584802504,87.940460430336,2.163955656882057,4127.852340368147,0.578130579883494,11.319,,
1,3,19073,762.92,-1.7200000000000273,10,14.44283501901275,120.62701335352502,87.968470032896,2.163955656882057,4129.219535112641,0.5783220637412663,11.523750000000001,,
1,3,19074,762.96,-1.67999999999995,10,14.431120907671067,120.23724741052501,88.020003241296,2.163955656882057,4130.670501488464,0.5785252803205132,11.729549999999998,,
1,3,19075,763.0,-1.6399999999999864,10,14.42106431495127,119.86595570722497,88.10114026873599,2.163955656882057,4132.229636792357,0.5787436466095738,11.934299999999999,,
1,3,19076,763.04,-1.6000000000000227,10,14.411636901459737,119.51259161309997,88.18268656641601,2.163955656882057,4133.552182553156,0.5789288771082852,12.13905,0.539041476230922,0.9460420131032601
1,3,19077,763.08,-1.5599999999999454,10,14.403531113557152,119.16859746802497,88.29311107118399,2.163955656882057,4134.887875065653,0.579115948888747,12.3438,,
1,3,19078,763.12,-1.5199999999999818,10,14.396919236384429,118.85150496240001,88.41977853657602,2.163955656882057,4136.0388539878,0.5792771504184594,12.549599999999996,,
1,3,19079,763.16,-1.4800000000000182,10,14.392300985435096,118.55419206749998,88.58413558785603,2.163955656882057,4137.279690828327,0.5794509370908021,12.754349999999997,,
1,3,19080,763.2,-1.4399999999999409,10,14.38801382386478,118.25254912589999,88.762392669824,2.163955656882057,4138.440691065695,0.5796135421660638,12.959099999999998,,
1,3,19081,763.24,-1.3999999999999773,10,14.385057500781983,117.97105485690001,88.95882444390399,2.163955656882057,4139.540093938804,0.5797675201594963,13.163849999999998,0.5353417830112177,0.9455472913155677
1,3,19082,763.28,-1.3600000000000136,10,14.382659336901366,117.68996436750004,89.170925233856,2.163955656882057,4140.4035235620995,0.5798884486781652,13.369650000000005,,
1,3,19083,763.32,-1.3199999999999363,10,14.38205012861393,117.42973203149998,89.413633870464,2.163955656882057,4141.123073534097,0.5799892259851677,13.574399999999995,,
1,3,19084,763.36,-1.2799999999999727,10,14.383386151214046,117.19263415859996,89.68916301633601,2.302585092994046,4141.718983858125,0.5800726868148635,13.779149999999996,,
1,3,19085,763.4,-1.240000000000009,10,14.38583512749538,116.9773832934,89.97486902208001,2.302585092994046,4141.65134736712,0.5800632139169636,13.983899999999997,,
1,3,19086,763.44,-1.1999999999999318,10,14.388940547234219,116.758463760225,90.283146311616,2.302585092994046,4140.739863691639,0.5799355551388848,14.189700000000004,0.5324211591394646,0.9460419439058825
1,3,19087,763.48,-1.1599999999999682,10,14.392847070626749,116.55388509502495,90.60016170342402,2.302585092994046,4138.214142855159,0.5795818127248121,14.394450000000004,,
1,3,19088,763.52,-1.1200000000000045,10,14.397490530124893,116.36603456309999,90.92169900193599,2.302585092994046,4132.3625566994515,0.5787622628430605,14.599200000000005,,
1,3,19089,763.56,-1.080000000000041,10,14.402649217737132,116.18926893,91.247035559184,2.302585092994046,4118.27921865698,0.5767898065345912,14.803949999999995,,
1,3,19090,763.6,-1.0399999999999636,10,14.40931895348715,116.0129119275,91.61556077582398,2.302585092994046,4083.246412681662,0.571883251075863,15.009750000000002,,
1,3,19091,763.64,-1.0,10,14.417135484951924,115.85157251849998,92.00222307295999,2.302585092994046,4036.0632937480505,0.5652749711131724,15.214500000000003,0.5298692861327333,0.946763816807213
1,3,19092,763.68,-0.9600000000000364,10,14.425188071020633,115.69382002709997,92.392230857216,2.302585092994046,3999.017069879148,0.5600864243528219,15.419250000000003,,
1,3,19093,763.72,-0.9199999999999591,10,14.434007145167138,115.53755383799998,92.803008428736,2.302585092994046,3970.71038115203,0.556121902122133,15.624000000000004,,
1,3,19094,763.76,-0.8799999999999955,10,14.444864655849878,115.40086003372502,93.25325489209598,2.302585092994046,3948.80129634943,0.5530534028500602,15.8298,,
1,3,19095,763.8,-0.8400000000000318,10,14.455175301362104,115.25364938272499,93.69844361038399,2.302585092994046,3929.988823399962,0.5504186027170815,16.034550000000003,,
1,3,19096,763.84,-0.7999999999999545,10,14.466167981076536,115.1111628009,94.158853255824,2.302585092994046,3915.0663883750613,0.5483286258228377,16.239300000000004,0.5280349833236323,0.9480842640457581
1,3,19097,763.88,-0.7599999999999909,10,14.478165965807445,114.97546680322503,94.64182293024,2.302585092994046,3901.968716099012,0.5464942179410381,16.444050000000004,,
1,3,19098,763.92,-0.7200000000000273,10,14.49027283773018,114.82933100152502,95.138675910336,2.302585092994046,3890.3170536875614,0.5448623324492383,16.649849999999997,,
1,3,19099,763.96,-0.67999999999995,10,14.502612249335256,114.687669674025,95.63809238054401,2.302585092994046,3879.8589311345604,0.5433976094025994,16.854599999999998,,
1,3,19100,764.0,-0.6399999999999864,10,14.516175073534386,114.53942598052504,96.17991278497598,2.302585092994046,3870.4723580966493,0.5420829633188584,17.059350000000002,,
1,3,19101,764.04,-0.6000000000000227,10,14.530191918454106,114.401164101525,96.72531308558402,2.302585092994046,3863.2380623994277,0.5410697566385753,17.264100000000003,0.5267456669756513,0.9493336106914169
1,3,19102,764.08,-0.5599999999999454,10,14.54532331838299,114.25730411339998,97.30912632289599,2.302585092994046,3858.2041139551916,0.5403647218424638,17.469899999999996,,
1,3,19103,764.12,-0.5199999999999818,10,14.560362244341313,114.10394601059997,97.90020267584,2.302585092994046,3854.333995194389,0.5398226884025755,17.674649999999996,,
1,3,19104,764.16,-0.4800000000000182,10,14.575921702154687,113.95381152960002,98.503681937744,2.302585092994046,3851.062982033902,0.5393645633100703,17.879399999999997,,
1,3,19105,764.2,-0.4399999999999409,10,14.593356176125525,113.80954063972501,99.156503843536,2.302585092994046,3848.326816458625,0.5389813468429447,18.08415,,
1,3,19106,764.24,-0.39999999999997726,10,14.611299059798071,113.659880355,99.83017985985599,2.302585092994046,3845.6917334373443,0.5386122875962667,18.289949999999994,0.5268079972519978,0.951413108657133
1,3,19107,764.28,-0.36000000000001364,10,14.629574245911465,113.50612222110001,100.518320395536,2.302585092994046,3842.988767178358,0.5382337208933274,18.494699999999995,,
1,3,19108,764.32,-0.31999999999993634,10,14.648744894930623,113.35805885249997,101.227668144256,2.302585092994046,3840.0815533519435,0.5378265480885075,18.699449999999995,,
1,3,19109,764.36,-0.2799999999999727,10,14.668924515809467,113.1989735709,101.97837287961599,2.302585092994046,3837.2489373416665,0.5374298231570962,18.904199999999996,,
1,3,19110,764.4,-0.2400000000000091,10,14.689660887973861,113.05017630112502,102.735960702544,2.302585092994046,3834.266591688164,0.5370121276874179,19.10895,,
1,3,19111,764.44,-0.1999999999999318,10,14.711558210186167,112.89728595600002,103.532659015696,2.302585092994046,3830.944917240333,0.5365469071765171,19.314749999999993,0.527564363030754,0.9540841469192967
1,3,19112,764.48,-0.15999999999996817,10,14.733024797687033,112.73624313052498,104.32577655873604,2.302585092994046,3827.160820487109,0.5360169216368501,19.519499999999994,,
1,3,19113,764.52,-0.12000000000000455,10,14.754215904506921,112.56256718752502,105.12431976927996,2.302585092994046,3822.7544257516456,0.5353997795170372,19.724249999999994,,
1,3,19114,764.56,-0.08000000000004093,10,14.775151180816527,112.3985706984,105.90652171758401,2.302585092994046,3817.8069210933472,0.5347068516937461,19.928999999999995,,
1,3,19115,764.6,-0.03999999999996362,10,14.796992889281388,112.23495991889997,106.71603864654398,2.302585092994046,3811.6996653586275,0.5338514937477069,,,
1,3,19116,764.64,0.0,10,14.818849290829602,112.06652311102502,107.53177119329601,2.302585092994046,3804.3134020513744,0.5328170030884278,19.588799999999996,0.5283808580604226,0.9560026916406985
1,3,19117,764.68,0.03999999999996362,10,14.84162198273157,111.89856945172501,108.37517362657597,2.302585092994046,3795.7065688546745,0.5316115642653606,19.589850000000002,,
1,3,19118,764.72,0.08000000000004093,10,14.864230871716336,111.72762770872495,109.21773169896001,2.302585092994046,3786.2678376418216,0.530289613115101,19.615050000000004,,
1,3,19119,764.76,0.12000000000000455,10,14.887171500447657,111.55812097972498,110.06975430401599,2.302585092994046,3781.2997726115573,0.5295938056878932,19.632900000000003,,
1,3,19120,764.8,0.15999999999996817,10,14.910127662027715,111.38520504510002,110.92670185286404,2.302585092994046,3779.211233429628,0.5293012931974269,19.64655,,
1,3,19121,764.84,0.20000000000004547,10,14.933395531641958,111.22097986440001,111.785322240064,2.302585092994046,3778.7362825397363,0.5292347734649491,19.6539,0.5292090577986762,0.9585198206963812
1,3,19122,764.88,0.2400000000000091,10,14.956567029063986,111.06236737889996,112.63652991598399,2.302585092994046,3779.275794124475,0.529310335311551,19.656000000000002,,
1,3,19123,764.92,0.2799999999999727,10,14.979813679447584,110.89912277272497,113.49569509824,2.302585092994046,3780.595358506699,0.5294951482502379,19.652849999999994,,
1,3,19124,764.96,0.32000000000005,10,15.00308919417451,110.74885395209995,114.343831416256,2.302585092994046,3782.43536688729,0.5297528525052227,19.64445,,
1,3,19125,765.0,0.36000000000001364,10,15.02762240124951,110.6013008646,115.22813416993604,2.302585092994046,3784.5896690943555,0.530054575503411,19.6287,,
1,3,19126,765.04,0.39999999999997726,10,15.051899871483368,110.45627167522503,116.10341806593598,2.302585092994046,3786.8672611435013,0.5303735659864848,19.608749999999997,0.5300418213065172,0.9602804304877675
1,3,19127,765.08,0.44000000000005457,10,15.07576149428758,110.31885602010004,116.95972861254404,2.302585092994046,3789.2388501949504,0.5307057213158194,19.581450000000004,,
1,3,19128,765.12,0.4800000000000182,10,15.100109857378389,110.18424866400001,117.82906904089597,2.302585092994046,3791.685334102407,0.5310483661207853,19.5489,,
1,3,19129,765.16,0.5199999999999818,10,15.124280911819541,110.04356839612497,118.700304703504,2.302585092994046,3793.985591621333,0.5313705310394023,19.510050000000003,,
1,3,19130,765.2,0.5600000000000591,10,15.148727731052398,109.90026411209999,119.58368775745598,2.302585092994046,3796.354393820684,0.5317022960533171,19.465950000000007,,
1,3,19131,765.24,0.6000000000000227,10,15.172972117312945,109.76256980010002,120.45651307265602,2.302585092994046,3798.630242843817,0.5320210424151004,19.414499999999997,0.5304006571447333,0.9619258345174087
1,3,19132,765.28,0.6399999999999864,10,15.198247388418705,109.63561247099999,121.35111120857604,2.302585092994046,3800.954855628269,0.5323466184353318,19.35675,,
1,3,19133,765.32,0.6800000000000637,10,15.223867900983935,109.50537415702499,122.260779709584,2.302585092994046,3803.3918902649925,0.5326879398130242,19.2927,,
1,3,19134,765.36,0.7200000000000273,10,15.248925966526429,109.37251279710001,123.15723033550398,2.302585092994046,3805.681514162892,0.5330086154289766,19.222349999999995,,
1,3,19135,765.4,0.7599999999999909,10,15.273601957974943,109.2411594036,124.04175736705602,2.302585092994046,3807.8765912624717,0.5333160491964246,19.14675,,
1,3,19136,765.44,0.8000000000000682,10,15.298379547640364,109.11418118212501,124.92623560153598,2.302585092994046,3810.0212759358637,0.5336164252011014,19.063800000000004,0.530154063394451,0.9631364805358186
1,3,19137,765.48,0.8400000000000318,10,15.322773097930284,108.9914144004,125.795961010256,2.302585092994046,3812.073094302111,0.5339037947201836,18.974550000000004,,
1,3,19138,765.52,0.8799999999999955,10,15.346721315443276,108.86709201322499,126.65476312065599,2.302585092994046,3814.2044493328303,0.5342023038281274,18.881099999999996,,
1,3,19139,765.56,0.9199999999999591,10,15.36959461229853,108.7423857135,127.48205283289599,2.302585092994046,3816.282981769309,0.5344934148136288,18.782400000000003,,
1,3,19140,765.6,0.9600000000000364,10,15.392774197850105,108.6277658004,128.30973170559997,2.302585092994046,3818.1580199469345,0.534756025202652,18.677400000000006,,
1,3,19141,765.64,1.0,10,15.415889312280497,108.50154458850002,129.148098699984,2.302585092994046,3819.9025608728734,0.5350003586656685,18.5661,0.5291718217962689,0.9635152089963749
1,3,19142,765.68,1.0399999999999636,10,15.439070930686244,108.38105815162501,129.983853051136,2.302585092994046,3821.462467163426,0.5352188329360541,18.449550000000002,,
1,3,19143,765.72,1.080000000000041,10,15.46154561194737,108.27697968202497,130.782413028304,2.302585092994046,3822.6861815742063,0.5353902215089925,18.326700000000002,,
1,3,19144,765.76,1.1200000000000045,10,15.483856118002905,108.172827819,131.576972464016,2.302585092994046,3823.692441375131,0.53553115425422,18.19965,,
1,3,19145,765.8,1.1599999999999682,10,15.505588456345956,108.073887275025,132.349386102544,2.302585092994046,3824.369736080575,0.5356260134566632,18.067349999999994,,
1,3,19146,765.84,1.2000000000000455,10,15.526929342434098,107.97382680052499,133.111708004416,2.302585092994046,3824.939659479075,0.5357058346609349,17.931900000000006,0.5277832368064204,0.9641645837963184
1,3,19147,765.88,1.240000000000009,10,15.547441043650752,107.87909178689998,133.843831218896,2.302585092994046,3825.2059600426355,0.5357431316586324,17.791200000000003,,
1,3,19148,765.92,1.2799999999999727,10,15.567441912494294,107.7872443641,134.558003334784,2.302585092994046,3825.3206605069713,0.5357591961494358,17.647350000000007,,
1,3,19149,765.96,1.32000000000005,10,15.588137173375143,107.69752613340003,135.29249440255998,2.302585092994046,3825.3109486919875,0.5357578359512588,17.498249999999995,,
1,3,19150,766.0,1.3600000000000136,10,15.607520412843323,107.60714125402501,135.987552183296,2.302585092994046,3824.959664617974,0.5357086365011168,17.344949999999994,,
1,3,19151,766.04,1.3999999999999773,10,15.625506995919974,107.51659582860002,136.639873050944,2.302585092994046,3824.412461991841,0.535631997477849,17.187450000000002,0.5253561692019083,0.9637677863928285
1,3,19152,766.08,1.4400000000000546,10,15.643836341835753,107.437673112525,137.291942377616,2.302585092994046,3823.5872287411885,0.5355164185912029,17.027850000000004,,
1,3,19153,766.12,1.4800000000000182,10,15.660295809689835,107.34763149652501,137.897233350464,2.302585092994046,3822.4590790256834,0.5353584144293674,16.862999999999996,,
1,3,19154,766.16,1.5199999999999818,10,15.675681838255203,107.27572290750004,138.451278186704,2.302585092994046,3820.945351784724,0.5351464078129865,16.693949999999997,,
1,3,19155,766.2,1.5600000000000591,10,15.690617739497096,107.19405994972499,139.001425097296,2.302585092994046,3819.1181749574707,0.5348905006943236,16.522800000000007,,
1,3,19156,766.24,1.6000000000000227,10,15.705403723755115,107.12119704772502,139.538509078416,2.302585092994046,3817.061939206785,0.5346025124939475,16.348499999999994,0.5219782225131261,0.9624650250056423
1,3,19157,766.28,1.6399999999999864,10,15.719294877793374,107.048540004525,140.04769145049602,2.302585092994046,3814.574947242658,0.5342541942916887,16.171049999999997,,
1,3,19158,766.32,1.6800000000000637,10,15.734324490092225,106.98777301589999,140.581194143616,2.302585092994046,3811.743915342956,0.5338576912245035,15.989399999999996,,
1,3,19159,766.36,1.7200000000000273,10,15.748873723318152,106.92508276012498,141.101940792896,2.302585092994046,3808.3637007025322,0.5333842718070774,15.806700000000001,,
1,3,19160,766.4,1.759999999999991,10,15.761877318581725,106.85996708152501,141.576809524496,2.302585092994046,3804.523583579063,0.5328464402771798,15.621900000000002,,
1,3,19161,766.44,1.8000000000000682,10,15.774113000089228,106.80405775199999,142.018583187584,2.302585092994046,3800.669477129223,0.5323066494578744,15.435000000000002,0.5182589029464435,0.9611686207772995
1,3,19162,766.48,1.8400000000000318,10,15.785161484097145,106.7431478904,142.428175188624,2.302585092994046,3796.7391122908953,0.5317561781920022,15.2481,,
1,3,19163,766.52,1.8799999999999955,10,15.795062381850096,106.68356446860003,142.80043117793602,2.302585092994046,3792.767646753037,0.5311999505256355,15.058050000000003,,
1,3,19164,766.56,1.919999999999959,10,15.805112111308036,106.63251519059997,143.169053660416,2.163955656882057,3788.8624227618316,0.5306530003868112,14.867999999999995,,
1,3,19165,766.6,1.9600000000000364,10,15.81437504044722,106.58430462960003,143.51015329032003,2.163955656882057,3784.8292621421715,0.5300881319526851,14.675849999999995,,
1,3,19166,766.64,2.0,10,15.823511572117896,106.54506397552503,143.83845449742398,2.163955656882057,3780.771558224292,0.5295198260818335,14.481600000000004,0.5140867706482127,0.9597643219921599
1,3,19167,766.68,2.0399999999999636,10,15.83158659100979,106.49609934862501,144.14303464001597,2.163955656882057,3776.5207864536637,0.5289244798954711,14.285250000000001,,
1,3,19168,766.72,2.080000000000041,10,15.839457525063665,106.44633292859999,144.44208175969598,2.163955656882057,3772.1711383798056,0.5283152854873677,14.087850000000001,,
1,3,19169,766.76,2.1200000000000045,10,15.84695849991414,106.411293990225,144.714799707776,2.163955656882057,3767.672111434811,0.527685169668741,13.890450000000001,,
1,3,19170,766.8,2.159999999999968,10,15.852657400551523,106.37026665772501,144.93648000153598,2.163955656882057,3763.095285456914,0.5270441576270187,13.689900000000005,,
1,3,19171,766.84,2.2000000000000455,10,15.858345938636255,106.329720147525,145.157415761936,2.163955656882057,3758.5047164063617,0.5264012207852048,13.488300000000002,0.5094965784260278,0.9585747158232633
1,3,19172,766.88,2.240000000000009,10,15.863952963262216,106.2990611109,145.36594250969603,2.163955656882057,3753.835578043291,0.525747279837996,13.287750000000006,,
1,3,19173,766.92,2.2799999999999727,10,15.869427525094563,106.27426704352499,145.564462930704,2.163955656882057,3749.090829259936,0.5250827491960695,13.08405,,
1,3,19174,766.96,2.32000000000005,10,15.873808222339369,106.24750562002501,145.73028185958395,2.163955656882057,3744.3016596085076,0.5244119971440488,12.881400000000001,,
1,3,19175,767.0,2.3600000000000136,10,15.876911559847178,106.22660274922501,145.84971792998397,2.163955656882057,3739.4150218466166,0.5237275940961648,12.67665,,
1,3,19176,767.04,2.3999999999999773,10,15.880192838569561,106.20593910989999,145.974585480256,2.163955656882057,3734.584830961262,0.523051096773286,12.470850000000004,0.5048447597419612,0.9574918108919628
1,3,19177,767.08,2.4400000000000546,10,15.882302933711502,106.18279623472499,146.06475024345602,2.163955656882057,3729.5437180083263,0.5223450585445836,12.262949999999995,,
1,3,19178,767.12,2.480000000000018,10,15.883951130805583,106.15845205350001,146.14145147231997,2.163955656882057,3724.458003750019,0.5216327736344565,12.057149999999998,,
1,3,19179,767.16,2.519999999999982,10,15.884648392269687,106.1351218305,146.186932715536,2.163955656882057,3719.358538494751,0.5209185628143909,11.850299999999995,,
1,3,19180,767.2,2.560000000000059,10,15.884845326199466,106.12485778702498,146.20345325025602,2.163955656882057,3714.1045637289844,0.5201827120068606,11.641350000000003,,
1,3,19181,767.24,2.6000000000000227,10,15.884357309597672,106.11357092122498,146.19923621774402,2.163955656882057,3708.8359038421017,0.5194448044596781,11.433450000000004,0.4999042093926325,0.9566357618008605
1,3,19182,767.28,2.6399999999999864,10,15.882867665300243,106.0978181256,146.16766714784,2.163955656882057,3703.576600064279,0.5187082072919157,11.226600000000001,,
1,3,19183,767.32,2.6800000000000637,10,15.882405712706246,106.08999297750002,146.160818245504,2.163955656882057,3698.3373812679683,0.5179744231467742,11.017649999999996,,
1,3,19184,767.36,2.7200000000000273,10,15.881545579042236,106.09284607109996,146.130643908096,2.163955656882057,3693.0801417246657,0.5172381150874882,10.806600000000001,,
1,3,19185,767.4,2.759999999999991,10,15.880733325251578,106.10254842390005,146.095142523856,2.163955656882057,3687.9431701652693,0.5165186512836512,10.5966,,
1,3,19186,767.44,2.800000000000068,10,15.879776604727189,106.114566699225,146.052738316816,2.163955656882057,3682.7232104950463,0.5157875644951044,10.388700000000004,0.4953773706140995,0.9562559744269692
1,3,19187,767.48,2.840000000000032,10,15.878816288473017,106.12419032249997,146.012616400576,2.163955656882057,3677.4534202570035,0.5150494986354347,10.178700000000003,,
1,3,19188,767.52,2.8799999999999955,10,15.878085591119886,106.12938915022501,145.98421288870395,2.163955656882057,3672.111763092694,0.514301367379929,9.968700000000002,,
1,3,19189,767.56,2.919999999999959,10,15.877453267250043,106.14072368812504,145.95279856558403,2.163955656882057,3666.6910533707655,0.5135421643376422,9.758700000000003,,
1,3,19190,767.6,2.9600000000000364,10,15.876902322246112,106.16100760439997,145.91501974574402,2.163955656882057,3661.0151957585954,0.5127472262967221,9.547649999999996,,
1,3,19191,767.64,3.0,10,15.87608174770072,106.17905716109996,145.87091449857598,2.163955656882057,3655.2055419350963,0.5119335492906297,9.3366,0.49072297741879056,0.9553554671263564
1,3,19192,767.68,3.0399999999999636,10,15.875856362681793,106.1969566014,145.84585864710397,2.163955656882057,3649.3655567765836,0.5111156241984011,9.125550000000004,,
1,3,19193,767.72,3.080000000000041,10,15.87664496347528,106.221085795125,145.84676950111998,2.163955656882057,3643.317923618394,0.5102686167532765,8.915550000000005,,
1,3,19194,767.76,3.1200000000000045,10,15.87738443711054,106.243612461,145.8477241028,2.163955656882057,3637.0986847075105,0.509397574889007,8.7066,,
1,3,19195,767.8,3.159999999999968,10,15.879296828618576,106.28788489200001,145.864182879376,2.163955656882057,3630.9139267217756,0.5085313622859631,8.498700000000001,,
1,3,19196,767.84,3.2000000000000455,10,15.88145297253589,106.32908157952502,145.89146693934404,2.163955656882057,3624.598081991343,0.5076467901948659,8.290800000000003,0.48649862575165514,0.9547788903207973
1,3,19197,767.88,3.240000000000009,10,15.884024919045045,106.37262529109998,145.92962233774398,2.163955656882057,3618.2000817809703,0.5067507117340293,8.084999999999996,,
1,3,19198,767.92,3.2799999999999727,10,15.887481544234127,106.41113446949998,146.00093534888,2.163955656882057,3611.7662323827335,0.505849612378534,7.881300000000001,,
1,3,19199,767.96,3.32000000000005,10,15.891134888031754,106.44901663409999,146.07915139551997,2.0253262207700677,3605.2663838552344,0.5049392694475118,7.678650000000003,,
1,3,19200,768.0,3.3600000000000136,10,15.8954281212638,106.50660916139998,146.158025996864,2.163955656882057,3598.64214623919,0.5040115050755168,7.4791500000000015,,
1,3,19201,768.04,3.3999999999999773,10,15.900073808801015,106.547545251,146.26480187431997,2.163955656882057,3591.894743588519,0.5030664906986722,7.280699999999996,0.48205363708845106,0.9533930188393339
1,3,19202,768.08,3.4400000000000546,10,15.904995004149985,106.59708538290002,146.37178069913597,2.163955656882057,3585.1055557287177,0.5021156240516411,7.083299999999996,,
1,3,19203,768.12,3.480000000000018,10,15.909858935525136,106.64148315712502,146.482128191184,2.163955656882057,3578.2941444730236,0.501161644884177,6.889049999999994,,
1,3,19204,768.16,3.519999999999982,10,15.914902770722824,106.68596863522501,146.59816156633602,2.163955656882057,3571.421534357093,0.5001990944477721,6.695849999999999,,
1,3,19205,768.2,3.560000000000059,10,15.92022525444587,106.73829962460005,146.71527252769602,2.163955656882057,3564.046229628818,0.4991661386034759,6.503699999999999,,
1,3,19206,768.24,3.6000000000000227,10,15.926094408343845,106.78066738762504,146.85981571585603,2.163955656882057,3557.1940904002026,0.49820645523812357,6.312599999999994,0.4778196919136009,0.9511871810107079
1,3,19207,768.28,3.6399999999999864,10,15.932323742557111,106.829823452625,147.00911638502402,2.163955656882057,3550.385914308048,0.4972529291747967,6.121500000000002,,
1,3,19208,768.32,3.6800000000000637,10,15.938963870063857,106.87479663262502,147.175772618576,2.163955656882057,3543.571575554732,0.49629853999365997,5.931450000000004,,
1,3,19209,768.36,3.7200000000000273,10,15.945259726671246,106.9186037535,147.33270399750398,2.163955656882057,3536.6773127265133,0.4953329569644976,5.741399999999995,,
1,3,19210,768.4,3.759999999999991,10,15.95205561897889,106.95857290649994,147.509505564496,2.163955656882057,3529.832650112078,0.49437432074398857,5.553449999999999,,
1,3,19211,768.44,3.800000000000068,10,15.959258014039031,106.98682646452502,147.711089894144,2.163955656882057,3522.9898327429682,0.49341594296120006,5.367600000000006,0.4734242926213714,0.9480555061045495
1,3,19212,768.48,3.840000000000032,10,15.967783199774756,107.02313562622498,147.94696468878396,2.163955656882057,3516.198987132695,0.49246484413623165,5.183850000000002,,
1,3,19213,768.52,3.8799999999999955,10,15.974941901980895,107.04991402822498,148.14885474344,2.163955656882057,3509.3388355641373,0.491504038594417,5.0001,,
1,3,19214,768.56,3.919999999999959,10,15.983277235044415,107.07836734822502,148.38678382406403,2.163955656882057,3502.1482472746293,0.49049695339980803,4.817400000000004,,
1,3,19215,768.6,3.9600000000000364,10,15.992093761554301,107.10013306859999,148.646929809744,2.163955656882057,3495.2190761301513,0.48952648125072146,4.622099999999994,,
1,3,19216,768.64,4.0,10,16.00185257723308,107.12186419252502,148.937421710976,2.302585092994046,3488.7459536655424,0.48861988146576224,4.365899999999995,0.4690538220146307,0.9438839087839154
1,3,19217,768.68,4.039999999999964,10,16.011102309388352,107.13333680752501,149.222060354176,2.302585092994046,3482.0269993504244,0.4876788514496393,4.110750000000002,,
1,3,19218,768.72,4.080000000000041,10,16.020770359647784,107.14666193122503,149.518420985344,2.302585092994046,3475.444356421751,0.48675691266411075,3.8555999999999973,,
1,3,19219,768.76,4.1200000000000045,10,16.03134101959487,107.15194467022499,149.85195021632,2.302585092994046,3468.8421813165783,0.4858322382796328,3.5993999999999975,,
1,3,19220,768.8,4.159999999999968,10,16.04228955443131,107.14519197899999,150.209862169216,2.302585092994046,3462.2304496200477,0.4849062254369814,3.3442500000000046,,
1,3,19221,768.84,4.2000000000000455,10,16.054317964366344,107.15759704439999,150.583528256576,2.302585092994046,3455.578919891418,0.48397463864025464,3.0891,0.4652708971398525,0.9372656691729799
1,3,19222,768.88,4.240000000000009,10,16.066419415303585,107.15878628909998,150.97104653934403,2.302585092994046,3449.012487344374,0.48305497021629895,2.8329000000000004,,
1,3,19223,768.92,4.279999999999973,10,16.079522280523637,107.16522546239999,151.385811307456,2.302585092994046,3442.457913454324,0.48213696266867284,2.577749999999996,,
1,3,19224,768.96,4.32000000000005,10,16.09291814845039,107.15694423209997,151.82507030062396,2.302585092994046,3435.9557204248244,0.48122629137602585,2.322600000000003,,
1,3,19225,769.0,4.360000000000014,10,16.1065767351309,107.14151223089998,152.28030189376003,2.302585092994046,3429.4202948073867,0.4803109656592978,2.0664000000000033,,
1,3,19226,769.04,4.399999999999977,10,16.121847657834042,107.145350750025,152.768621152384,2.302585092994046,3422.960130168615,0.4794061806958844,1.8112499999999987,0.4616481014578946,0.9296587586910324
1,3,19227,769.08,4.440000000000055,10,16.13726973127056,107.12602202872499,153.28545235105602,2.302585092994046,3416.3997108584867,0.4784873544619728,1.5561000000000058,,
1,3,19228,769.12,4.480000000000018,10,16.15304531660083,107.11338309000003,153.80748991016,2.302585092994046,3409.812005476339,0.47756470664934714,1.2998999999999943,,
1,3,19229,769.16,4.519999999999982,10,16.169534157262046,107.08972784999996,154.364107012864,2.302585092994046,3403.3031417825614,0.4766531010899946,1.0447500000000014,,
1,3,19230,769.2,4.560000000000059,10,16.186146975844373,107.0638327269,154.927521196736,2.302585092994046,3396.7916666063566,0.47574112977680066,0.7885500000000017,,
1,3,19231,769.24,4.600000000000023,10,16.202723253428264,107.03355504502497,155.49468578216002,2.302585092994046,3390.293994776101,0.4748310917053363,0.5333999999999972,0.4581493982347288,0.9218255282626572
1,3,19232,769.28,4.639999999999986,10,16.219492328226583,107.00483933002504,156.06709205537598,2.302585092994046,3383.8124440827355,0.47392331149618144,0.2782500000000043,,
1,3,19233,769.32,4.680000000000064,10,16.236474449353345,106.97115415140001,156.651948393104,2.302585092994046,3377.3613623641836,0.4730197986504458,0.022050000000004566,,
1,3,19234,769.36,4.720000000000027,10,16.253379117738717,106.93782435262499,157.23450839232004,2.302585092994046,3370.83390414479,0.4721055888157969,-0.23309999999999997,,
1,3,19235,769.4,4.759999999999991,10,16.270167535198922,106.89611651302498,157.82223511041602,2.302585092994046,3364.378511092559,0.471201472141815,-0.4882499999999987,,
1,3,19236,769.44,4.800000000000068,10,16.28715330463433,106.85606599552503,158.41529677313596,2.302585092994046,3357.88594297814,0.4702921488764902,-0.7444499999999985,0.45476308177766794,0.9135182352301208
1,3,19237,769.48,4.840000000000032,10,16.30454168928265,106.81212139289998,159.02595830465597,2.302585092994046,3351.396890683417,0.4693833180228876,-0.9995999999999972,,
1,3,19238,769.52,4.8799999999999955,10,16.321187237004544,106.77560954760001,159.60554327775998,2.302585092994046,3344.838597448073,0.46846478955855364,-1.2547500000000018,,
1,3,19239,769.56,4.919999999999959,10,16.337666546138742,106.74338749672506,160.17596067609603,2.302585092994046,3338.286354133047,0.4675471084219954,-1.5109500000000016,,
1,3,19240,769.6,4.960000000000036,10,16.35360599602672,106.68515534302503,160.75527373025602,2.302585092994046,3331.8289795306227,0.46664271421997516,-1.7661000000000002,,
1,3,19241,769.64,5.0,10,16.370720825199356,106.63302269339997,161.36747764321598,2.302585092994046,3325.342934102283,0.4657343044961181,-2.021249999999999,0.45154122370670424,0.9049705653255787
1,3,19242,769.68,5.039999999999964,10,16.387979499504173,106.577217153225,161.98865492294402,2.302585092994046,3318.7679132291923,0.46481343322537716,-2.2774499999999986,,
1,3,19243,769.72,5.080000000000041,10,16.405131707130426,106.5192390486,162.60910727969602,2.302585092994046,3312.2223982779674,0.4638966944366901,-2.5325999999999973,,
1,3,19244,769.76,5.1200000000000045,10,16.422454943407697,106.45967555999997,163.237350808256,2.302585092994046,3305.6119913058606,0.46297086712967234,-2.7877500000000017,,
1,3,19245,769.8,5.159999999999968,10,16.440047051746202,106.39540577452502,163.87974128910398,2.302585092994046,3298.883266846948,0.46202846874607123,-3.0439500000000015,,
1,3,19246,769.84,5.2000000000000455,10,16.45743009050976,106.34493088800002,164.50207429601602,2.302585092994046,3292.24164021206,0.4610982689372633,-3.2991,0.44843121897176397,0.8967220577264613
1,3,19247,769.88,5.240000000000009,10,16.475053233128232,106.28709224962503,165.140286784784,2.302585092994046,3285.6000800745046,0.46016807844180724,-3.5542499999999992,,
1,3,19248,769.92,5.279999999999973,10,16.4912809773577,106.22657248559995,165.73577578856,2.302585092994046,3278.9783864821216,0.45924067037564725,-3.810449999999999,,
1,3,19249,769.96,5.32000000000005,10,16.508819332959003,106.17108437722501,166.370031391056,2.302585092994046,3272.4544687346934,0.45832695640541926,-4.065599999999997,,
1,3,19250,770.0,5.360000000000014,10,16.52632613953313,106.11083547539997,167.00862019481596,2.302585092994046,3266.0208325743597,0.4574258869151765,-4.321799999999997,,
1,3,19251,770.04,5.399999999999977,10,16.54316412556404,106.06656398152502,167.60971530382398,2.302585092994046,3259.531759978538,0.4565170532182826,-4.576950000000002,0.44603742665848983,0.8889666006723068
1,3,19252,770.08,5.440000000000055,10,16.559998646126907,106.01286103012501,168.2206941296,2.302585092994046,3253.0359202792965,0.45560727174780064,-4.8321000000000005,,
1,3,19253,770.12,5.480000000000018,10,16.576250191172793,105.96156822089999,168.81050217945602,2.302585092994046,3246.6613160064653,0.4547144700289167,-5.044200000000003,,
1,3,19254,770.16,5.519999999999982,10,16.592024140142275,105.90210470699999,169.393160360064,2.302585092994046,3240.3840550224563,0.45383530182387344,-5.082,,
1,3,19255,770.2,5.560000000000059,10,16.608767589046938,105.84468183240001,170.00647899457599,2.302585092994046,3234.288738041602,0.4529816159722132,-5.115599999999999,,
1,3,19256,770.24,5.600000000000023,10,16.62376525732182,105.78436604190001,170.56520528864002,2.302585092994046,3228.208635829842,0.4521300610405941,-5.150249999999998,0.44217764099363677,0.8818080863792069
1,3,19257,770.28,5.639999999999986,10,16.63846025324967,105.72893530762504,171.10942429134403,2.302585092994046,3222.238064986196,0.4512938466367222,-5.181750000000001,,
1,3,19258,770.32,5.680000000000064,10,16.653222243280158,105.66430102462496,171.665510059456,2.302585092994046,3216.289757095876,0.4504607502935401,-5.213250000000003,,
1,3,19259,770.36,5.720000000000027,10,16.66689932890425,105.59548689952496,172.19004634030398,2.302585092994046,3210.4281504535115,0.4496397969822845,-5.241600000000002,,
1,3,19260,770.4,5.759999999999991,10,16.68001750420892,105.5246995971,172.698284343616,2.302585092994046,3204.5381474214114,0.44881486658563186,-5.266799999999998,,
1,3,19261,770.44,5.800000000000068,10,16.69139918388153,105.44037780622503,173.16242890945597,2.302585092994046,3198.7521638330127,0.4480045047385172,-5.292,0.437157357548682,0.8747758093118051
1,3,19262,770.48,5.840000000000032,10,16.702522066629818,105.3585662976,173.615677088656,2.302585092994046,3193.025286748024,0.4472024211131686,-5.314049999999999,,
1,3,19263,770.52,5.8799999999999955,10,16.71260195599982,105.26715521122499,174.043908928464,2.302585092994046,3187.3862365453733,0.4464126381716209,-5.336099999999997,,
1,3,19264,770.56,5.919999999999959,10,16.72247430939157,105.17045074672498,174.47069628153602,2.302585092994046,3181.900546909716,0.4456443343010807,-5.354999999999999,,
1,3,19265,770.6,5.960000000000036,10,16.731619048199757,105.077575044225,174.86950092985597,2.302585092994046,3176.4479128509965,0.4448806600631648,-5.37285,,
1,3,19266,770.64,6.0,10,16.7390773669613,104.96175110190002,175.234959995216,2.302585092994046,3171.0335280504146,0.4441223428642037,-5.391750000000001,0.43199151866529706,0.8676338516405117
1,3,19267,770.68,6.039999999999964,10,16.74558180543456,104.83608048952502,175.578429512976,2.302585092994046,3165.6856666021235,0.4433733426613618,-5.410650000000002,,
1,3,19268,770.72,6.080000000000041,10,16.7508392015782,104.71582883002498,175.874785127104,2.302585092994046,3160.4503149543298,0.4426401001336596,-5.428500000000002,,
1,3,19269,770.76,6.1200000000000045,10,16.755353538479454,104.58910239749999,176.152769801936,2.302585092994046,3155.252763412819,0.4419121517384901,-5.448449999999999,,
1,3,19270,770.8,6.159999999999968,10,16.758938737680293,104.46126510802503,176.400762505296,2.302585092994046,3150.198905673485,0.4412043285256982,-5.364450000000002,,
1,3,19271,770.84,6.2000000000000455,10,16.76236335977251,104.30835941609996,176.668465988944,2.302585092994046,3145.2268330963934,0.440507959817422,-5.214299999999998,0.426422900963518,0.8612001086747031
1,3,19272,770.88,6.240000000000009,10,16.764171379116117,104.16146447699998,176.87597755137602,2.302585092994046,3140.3071496114376,0.43981892851700805,-5.063099999999999,,
1,3,19273,770.92,6.279999999999973,10,16.764065849804933,104.00774947290002,177.02615434369602,2.302585092994046,3135.374837684417,0.43912812852722927,-4.9129499999999995,,
1,3,19274,770.96,6.32000000000005,10,16.76361062690183,103.84381746900003,177.17482378137595,2.302585092994046,3130.3850698146402,0.4384292814866443,-4.76175,,
1,3,19275,771.0,6.360000000000014,10,16.761999240048933,103.67677620562499,177.287842317776,2.302585092994046,3125.2950435399807,0.4377163926526584,-4.611600000000002,,
1,3,19276,771.04,6.399999999999977,10,16.759705528316303,103.50391191210001,177.383817483776,2.302585092994046,3120.1139058701647,0.4369907431190706,-4.460400000000002,0.4190603944424632,0.8543539885229771
1,3,19277,771.08,6.440000000000055,10,16.75566145289717,103.32500672340004,177.427184000704,2.302585092994046,3114.7780858667247,0.4362434293930987,-4.310249999999997,,
1,3,19278,771.12,6.480000000000018,10,16.75058919864579,103.13692257172504,177.44531593006394,2.302585092994046,3109.260183967208,0.4354706140010095,-4.160099999999999,,
1,3,19279,771.16,6.519999999999982,10,16.74551952029106,102.938278752225,177.474145252224,2.302585092994046,3103.655864006529,0.4346856952390097,-4.008899999999999,,
1,3,19280,771.2,6.560000000000059,10,16.738084709619226,102.733178869125,177.430300877264,2.302585092994046,3097.8769213375713,0.433876319515066,-3.8587500000000006,,
1,3,19281,771.24,6.600000000000023,10,16.729600570846422,102.51469207822497,177.36484318184003,2.302585092994046,3091.9758865274985,0.43304984405147035,-3.707550000000001,0.4121771222713835,0.8478535119352686
1,3,19282,771.28,6.639999999999986,10,16.720285207256964,102.2886894456,177.279247966416,2.302585092994046,3086.026952612575,0.4322166600297724,-3.557400000000002,,
1,3,19283,771.32,6.680000000000064,10,16.70958779990386,102.04523230859999,177.165092134096,2.302585092994046,3079.9727217274904,0.43136872853326197,-3.406200000000003,,
1,3,19284,771.36,6.720000000000027,10,16.69683465163131,101.79043789950003,176.993849484416,2.302585092994046,3073.7538529522394,0.4304977385087169,-3.2560499999999983,,
1,3,19285,771.4,6.759999999999991,10,16.681983390808213,101.52413393062504,176.764435920576,2.302585092994046,3067.2297787749835,0.4295840026295495,-3.1048499999999986,,
1,3,19286,771.44,6.800000000000068,10,16.666438689253802,101.24822050559999,176.521958077056,2.302585092994046,3060.4784695167787,0.4286384411087925,-2.9547,0.40569259221047693,0.840645465356076
1,3,19287,771.48,6.840000000000032,10,16.649442310573768,100.95781517010002,176.246114083024,2.302585092994046,3053.5360386098964,0.4276661118501255,-2.8035,,
1,3,19288,771.52,6.8799999999999955,10,16.630955941142076,100.66057372822499,175.928121787984,2.163955656882057,3046.3532723276467,0.4266601221747405,-2.6533500000000014,,
1,3,19289,771.56,6.919999999999959,10,16.611922099206613,100.35808578652498,175.597870043584,2.163955656882057,3039.129182753626,0.4256483449234771,-2.503199999999997,,
1,3,19290,771.6,6.960000000000036,10,16.591458112171335,100.03263875640002,175.243843531536,2.163955656882057,3031.8456664945893,0.4246282446070853,-2.3519999999999976,,
1,3,19291,771.64,7.0,10,16.569229338973614,99.69277487400002,174.846586013504,2.163955656882057,3024.5170383524633,0.42360182609978475,-2.201849999999999,0.3998718703200971,0.8342953838641067
1,3,19292,771.68,7.039999999999964,10,16.54568801195481,99.34085741422503,174.41893437472004,2.163955656882057,3017.1160719653753,0.4225652761856268,-2.050649999999999,,
1,3,19293,771.72,7.080000000000041,10,16.52149905781945,98.975280321225,173.984650796304,2.163955656882057,3009.651065016132,0.4215197570050605,-1.9005000000000005,,
1,3,19294,771.76,7.1200000000000045,10,16.49471180276891,98.60371218810003,173.47180526830397,2.163955656882057,3002.1219023512185,0.42046525243014277,-1.7493000000000007,,
1,3,19295,771.8,7.159999999999968,10,16.467012653857285,98.22234125339999,172.940164488896,2.163955656882057,2994.56814254494,0.4194073028774426,-1.7157000000000022,,
1,3,19296,771.84,7.2000000000000455,10,16.439493483834102,97.82858249639999,172.428363508624,2.163955656882057,2987.1414217205606,0.4183671458992382,-1.7440500000000014,0.3949129596288428,0.8289312719658433
1,3,19297,771.88,7.240000000000009,10,16.4115269233518,97.428080551725,171.91013540417603,2.163955656882057,2979.6927491367933,0.41732391444492906,-1.7734500000000017,,
1,3,19298,771.92,7.279999999999973,10,16.382548631379336,97.008017908725,171.379881750784,2.163955656882057,2972.241064251587,0.41628026109966204,-1.802850000000002,,
1,3,19299,771.96,7.32000000000005,10,16.35227962889838,96.58471788472498,170.81233117696002,2.163955656882057,2964.7166346460817,0.41522641941821875,-1.8332999999999975,,
1,3,19300,772.0,7.360000000000014,10,16.319912632600122,96.14952532552502,170.19002301017602,2.163955656882057,2957.2809322756643,0.4141850045204012,-1.8637499999999987,,
1,3,19301,772.04,7.399999999999977,10,16.288311949681464,95.71488722459996,169.59421894553603,2.163955656882057,2949.7829858432024,0.41313487196683507,-1.8952500000000012,0.39075320140030473,0.8248199686854489
1,3,19302,772.08,7.440000000000055,10,16.25534894748876,95.26883927399999,168.96753013062394,2.163955656882057,2942.2631488419033,0.4120816735072694,-1.9267499999999975,,
1,3,19303,772.12,7.480000000000018,10,16.220870522359153,94.81622602410002,168.30041447904,2.163955656882057,2934.947488352831,0.4110570711978755,-1.95825,,
1,3,19304,772.16,7.519999999999982,10,16.186970095976083,94.35556134899996,167.66243953902398,2.163955656882057,2927.6709524042158,0.4100379485159966,-1.9897500000000024,,
1,3,19305,772.2,7.560000000000059,10,16.151822611579043,93.89627576910001,166.98509790681598,2.163955656882057,2920.5525535006727,0.40904097387964605,-2.0223,,
1,3,19306,772.24,7.600000000000023,10,16.116897033620834,93.4256702484,166.328699743936,2.163955656882057,2913.485572248857,0.408051200595078,-2.0517000000000003,0.3873291433874067,0.8225778292057013
1,3,19307,772.28,7.639999999999986,10,16.081860197291885,92.95808492722502,165.66814247801602,2.163955656882057,2906.4998067292327,0.40707280206291774,-2.0811000000000006,,
1,3,19308,772.32,7.680000000000064,10,16.046195669423984,92.49458325502499,164.98581220641603,2.163955656882057,2899.40184624958,0.4060786899509215,-2.1083999999999987,,
1,3,19309,772.36,7.720000000000027,10,16.009094037910575,92.01872810339998,164.27236381126403,2.163955656882057,2892.300710155549,0.40508413307500685,-2.1336000000000004,,
1,3,19310,772.4,7.759999999999991,10,15.972687455001926,91.54153399859997,163.58521053657597,2.163955656882057,2885.245597696797,0.40409602208638606,-2.159849999999998,,
1,3,19311,772.44,7.800000000000068,10,15.936105774278763,91.058604435225,162.90086281377597,2.163955656882057,2878.218030427726,0.4031117689674686,-2.1839999999999984,0.3840057318030823,0.8208843534779993
1,3,19312,772.48,7.840000000000032,10,15.899984717868412,90.56759918062501,162.241914847824,2.163955656882057,2871.193752764868,0.40212797657771254,-2.206049999999997,,
1,3,19313,772.52,7.8799999999999955,10,15.863627836658582,90.06947971402501,161.58520842598404,2.163955656882057,2864.2776953784114,0.40115934108941337,-2.2259999999999995,,
1,3,19314,772.56,7.919999999999959,10,15.827506802580151,89.561730659625,160.948240926096,2.163955656882057,2857.5093366345386,0.4002113916855096,-2.2449000000000012,,
1,3,19315,772.6,7.960000000000036,10,15.791243610124441,89.05626032940002,160.30711442489599,2.163955656882057,2850.8268648434205,0.3992754712665856,-2.2627500000000014,,
1,3,19316,772.64,8.0,10,15.754376334373283,88.556276193525,159.644097491536,2.163955656882057,2844.115306088781,0.3983354770432466,-2.2763999999999975,0.38090142888649553,0.8200018402347663
1,3,19317,772.68,8.039999999999964,10,15.717028355580323,88.04213474489998,158.98284558521595,2.163955656882057,2837.4316575892576,0.39739939181922385,-2.2911000000000006,,
1,3,19318,772.72,8.080000000000041,10,15.680851233975279,87.5196841176,158.36941130446402,2.163955656882057,2830.8324243506604,0.3964751294608768,-2.3037000000000014,,
1,3,19319,772.76,8.120000000000005,10,15.643377921982227,86.99932644322499,157.71594636673598,2.163955656882057,2824.3418833318156,0.39556609010249505,-2.3152500000000016,,
1,3,19320,772.8,8.159999999999968,10,15.606236983438512,86.4831709035,157.07146187974396,2.163955656882057,2817.8048449898724,0.3946505385139876,-2.32575,,
1,3,19321,772.84,8.200000000000045,10,15.570341923256661,85.9603332105,156.47521439662395,2.163955656882057,2811.4417738156044,0.3937593520750146,-2.335199999999998,0.3778265286452246,0.8191162186380732
1,3,19322,772.88,8.240000000000009,10,15.53305397477357,85.43938706572499,155.836378717504,2.163955656882057,2805.113454042028,0.39287303277899555,-2.3425499999999997,,
1,3,19323,772.92,8.279999999999973,10,15.495389816075102,84.91765724190002,155.18944831022398,2.163955656882057,2798.849651853592,0.39199574955932664,-2.3509500000000023,,
1,3,19324,772.96,8.32000000000005,10,15.458107697174613,84.407427794025,154.545665783424,2.163955656882057,2792.7373160207303,0.3911396801149481,-2.3572500000000027,,
1,3,19325,773.0,8.360000000000014,10,15.422791167270729,83.8863240579,153.976163331344,2.163955656882057,2786.79236101905,0.39030705336401256,-2.3635499999999974,,
1,3,19326,773.04,8.399999999999977,10,15.387920944722486,83.371740484725,153.416370516304,2.163955656882057,2781.072902138073,0.38950600870281127,-2.369849999999998,0.37547732146009577,0.8194931057983703
1,3,19327,773.08,8.440000000000055,10,15.352600386220734,82.860137840025,152.84220077896003,2.163955656882057,2775.2882347549335,0.38869583119816997,-2.374050000000002,,
1,3,19328,773.12,8.480000000000018,10,15.316541734175148,82.33965464602502,152.25679604870402,2.163955656882057,2769.503891908351,0.38788569914682786,-2.3782500000000004,,
1,3,19329,773.16,8.519999999999982,10,15.281631739135582,81.82551077190001,151.70275783865597,2.163955656882057,2763.917092074152,0.3871032341840549,-2.3824499999999986,,
1,3,19330,773.2,8.56000000000006,10,15.2475297551972,81.31453337700002,151.172630258624,2.163955656882057,2758.466632614709,0.38633986451186403,-2.3866499999999973,,
1,3,19331,773.24,8.600000000000023,10,15.214200966994653,80.808667359525,150.66324370457602,2.163955656882057,2753.091700778249,0.3855870729381301,-2.388749999999999,0.37308282627444556,0.8195335206687571
1,3,19332,773.28,8.639999999999986,10,15.180085266054633,80.30370502822495,150.13128365646398,2.163955656882057,2747.669184726102,0.38482761690841755,-2.3908500000000013,,
1,3,19333,773.32,8.680000000000064,10,15.146355784259262,79.8061259961,149.60596754726402,2.163955656882057,2742.3568721610272,0.38408359554076005,-2.3919000000000024,,
1,3,19334,773.36,8.720000000000027,10,15.11230676708225,79.30333991159999,149.0784759108,2.163955656882057,2737.111411051441,0.38334893712205054,-2.3929499999999977,,
1,3,19335,773.4,8.759999999999991,10,15.078075599713149,78.79144890802502,148.55691488264,2.163955656882057,2731.9606936221894,0.38262754812635696,-2.3929499999999977,,
1,3,19336,773.44,8.800000000000068,10,15.044565556275128,78.29259371010001,148.04635906695995,2.163955656882057,2726.900718105345,0.3819188680819811,-2.3908500000000013,0.37078636560192735,0.8193805247726696
1,3,19337,773.48,8.840000000000032,10,15.010787633071223,77.7965409459,147.52720441926397,2.163955656882057,2721.86544318754,0.3812136475052578,-2.388749999999999,,
1,3,19338,773.52,8.879999999999995,10,14.97831725115879,77.300504289225,147.049483387136,2.163955656882057,2717.0685574769814,0.38054181477268645,-2.3866499999999973,,
1,3,19339,773.56,8.919999999999959,10,14.94615855839339,76.80594257909999,146.581713073536,2.163955656882057,2712.350273565047,0.3798809906953847,-2.3824499999999986,,
1,3,19340,773.6,8.960000000000036,10,14.91282225501451,76.30849700460001,146.08377060505603,2.0253262207700677,2707.720254991699,0.379232528710322,-2.3771999999999993,,
1,3,19341,773.64,9.0,10,14.87949637293131,75.8107408779,145.588671434176,2.163955656882057,2703.128261335319,0.3785893923438822,-2.370899999999999,0.3684596347234566,0.8187918264608963
1,3,19342,773.68,9.039999999999964,10,14.844272462790792,75.303019044225,145.04940590534403,2.163955656882057,2698.596383379579,0.37795467554335843,-2.3645999999999985,,
1,3,19343,773.72,9.080000000000041,10,14.81064781995511,74.81252848072499,144.542760366016,2.163955656882057,2694.320616338972,0.3773558286189037,-2.3562000000000016,,
1,3,19344,773.76,9.120000000000005,10,14.776839187524374,74.3142886101,144.040687763856,2.163955656882057,2690.1612642654877,0.37677328631169293,-2.34885,,
1,3,19345,773.8,9.159999999999968,10,14.743060597717964,73.81614572639998,143.541690061584,2.163955656882057,2686.1310010152793,0.3762088236716077,-2.3404499999999975,,
1,3,19346,773.84,9.200000000000045,10,14.709752263348149,73.31840688690001,143.058404762176,2.163955656882057,2682.2421204402435,0.37566416252664475,-2.3309999999999995,0.3660803277016988,0.8178485453585127
1,3,19347,773.88,9.240000000000009,10,14.675144008676575,72.8107601445,142.549091530896,2.163955656882057,2678.4462534535264,0.37513252849489165,-2.321550000000002,,
1,3,19348,773.92,9.279999999999973,10,14.640506636254122,72.30799391602501,142.03644065017596,2.163955656882057,2674.6375674358974,0.3745990990806578,-2.311049999999997,,
1,3,19349,773.96,9.32000000000005,10,14.604936178112386,71.8008688656,141.503291901136,2.163955656882057,2670.948659280772,0.3740824452774191,-2.3373000000000004,,
1,3,19350,774.0,9.360000000000014,10,14.57070168404257,71.299799208225,141.00554835713598,2.163955656882057,2667.297515432512,0.37357108059278876,-2.4601500000000005,,
1,3,19351,774.04,9.399999999999977,10,14.535022244316792,70.7878265976,140.47904504518397,2.163955656882057,2663.7140031134054,0.3730691881111212,-2.584050000000002,0.36288298696318877,0.8158709296320542
1,3,19352,774.08,9.440000000000055,10,14.498872713926419,70.2788194584,139.93849051624002,2.163955656882057,2660.163844021824,0.37257196694983535,-2.7069000000000027,,
1,3,19353,774.12,9.480000000000018,10,14.46277281502482,69.768380800125,139.40341669889597,2.163955656882057,2656.7896856539796,0.37209939574985706,-2.829749999999997,,
1,3,19354,774.16,9.519999999999982,10,14.426628408106621,69.25628145712497,138.87132576846403,2.163955656882057,2653.5173547099744,0.37164108609383395,-2.9525999999999977,,
1,3,19355,774.2,9.56000000000006,10,14.389831848465915,68.7380164821,138.329244145024,2.163955656882057,2650.2440488272923,0.3711826398917776,-3.0764999999999993,,
1,3,19356,774.24,9.600000000000023,10,14.352135931194216,68.23117641690001,137.75262937057602,2.163955656882057,2647.0018300104075,0.3707285476205053,-3.19935,0.3594337165717485,0.8137073868126454
1,3,19357,774.28,9.639999999999986,10,14.313935257176798,67.72546589602503,137.16327665062397,2.163955656882057,2643.764142742956,0.37027509002002185,-3.3222,,
1,3,19358,774.32,9.680000000000064,10,14.27616907121865,67.2215042709,136.58749907912,2.163955656882057,2640.6406786222087,0.3698376300591329,-3.4450500000000006,,
1,3,19359,774.36,9.720000000000027,10,14.23718020919606,66.71249572049999,135.984804588624,2.163955656882057,2637.437432877366,0.36938899620131177,-3.5689500000000023,,
1,3,19360,774.4,9.759999999999991,10,14.197484353751548,66.2039718291,135.36459014592003,2.163955656882057,2634.2295690452734,0.3689397155525593,-3.6918000000000024,,
1,3,19361,774.44,9.800000000000068,10,14.156185256319445,65.6898036669,134.707777344336,2.163955656882057,2631.059155938369,0.3684956801034129,-3.814649999999997,0.35550664424222006,0.8103723157910948
1,3,19362,774.48,9.840000000000032,10,14.115226818890477,65.16943920112499,134.0701889476,2.163955656882057,2628.001338917762,0.36806741441425234,-3.937499999999998,,
1,3,19363,774.52,9.879999999999995,10,14.073194605201621,64.6495425261,133.405263869776,2.163955656882057,2624.935726277383,0.36763805690159423,-4.061399999999999,,
1,3,19364,774.56,9.919999999999959,10,14.031607157067075,64.1238239124,132.76217549785596,2.163955656882057,2621.9043083839456,0.36721348856917996,-4.18425,,
1,3,19365,774.6,9.960000000000036,10,13.988240327960089,63.59134182502498,132.079525647744,2.163955656882057,2618.9279298109977,0.36679662882506964,-4.3071,,
1,3,19366,774.64,10.0,10,13.944413437295418,63.06586827502499,131.3807978352,2.163955656882057,2616.027832100902,0.36639045267519627,-4.429950000000001,0.3518009439892535,0.8078593828794252
1,3,19367,774.68,10.039999999999964,10,13.899757370052939,62.534326609125,130.668928337216,2.163955656882057,2613.1251752501375,0.36598391810226016,-4.553850000000002,,
1,3,19368,774.72,10.080000000000041,10,13.853822810351083,61.98931577789999,129.939090682704,2.163955656882057,2610.087656717653,0.36555849533860685,-4.676700000000002,,
1,3,19369,774.76,10.120000000000005,10,13.807338917375644,61.4332482939,129.209359685376,2.163955656882057,2607.0766696197893,0.36513678846215536,-4.799549999999997,,
1,3,19370,774.8,10.159999999999968,10,13.759303110976989,60.885403530525004,128.43301856921602,2.163955656882057,2603.8408406939348,0.3646835911336043,-4.922399999999998,,
1,3,19371,774.84,10.200000000000045,10,13.711163781689029,60.33124381252499,127.664768435776,2.163955656882057,2600.602443323082,0.364230034078863,-5.046299999999999,0.3478112104870911,0.8047838806342114
1,3,19372,774.88,10.240000000000009,10,13.66157187247357,59.774022452024994,126.86452357473601,2.163955656882057,2597.203966173098,0.3637540568869885,-5.169149999999999,,
1,3,19373,774.92,10.279999999999973,10,13.612069010389606,59.219529338025005,126.06889340558402,2.163955656882057,2593.750217522554,0.36327033858859303,-5.292,,
1,3,19374,774.96,10.32000000000005,10,13.562004043374305,58.661635540725,125.266318131776,2.163955656882057,2590.1660606862697,0.3627683558384131,-5.41485,,
1,3,19375,775.0,10.360000000000014,10,13.511059333727465,58.108767368399995,124.43995695110405,2.163955656882057,2586.4627789935275,0.3622496889346677,-5.538750000000002,,
1,3,19376,775.04,10.399999999999977,10,13.458705060127292,57.55001463540001,123.58672726009597,2.0253262207700677,2582.6024781945375,0.361709030559459,-5.661600000000003,0.3437022889542504,0.8011128435311272
1,3,19377,775.08,10.440000000000055,10,13.40605676077138,56.996895942,122.725461931024,2.0253262207700677,2578.7305366291653,0.36116674182481306,-5.784449999999997,,
1,3,19378,775.12,10.480000000000018,10,13.354163639691892,56.449577776725015,121.884108738944,2.0253262207700677,2574.793915654758,0.3606153943494059,-5.9072999999999976,,
1,3,19379,775.16,10.519999999999982,10,13.301678274142555,55.9013695191,121.03327538969602,2.0253262207700677,2570.685229681064,0.36003994813460277,-6.031199999999999,,
1,3,19380,775.2,10.56000000000006,10,13.248454022448957,55.362658604399996,120.15887538054399,2.0253262207700677,2566.489594931493,0.35945232422009704,-6.15405,,
1,3,19381,775.24,10.600000000000023,10,13.19329817784867,54.815643185625014,119.24747362399998,2.0253262207700677,2562.077377764343,0.3588343666336615,-6.339899999999999,0.33908036138098374,0.7956235754491299
1,3,19382,775.28,10.639999999999986,10,13.139242575572803,54.28390946422502,118.35578599552,2.0253262207700677,2557.594910440067,0.3582065700896453,-6.6706499999999975,,
1,3,19383,775.32,10.680000000000064,10,13.083570902622723,53.76043491210002,117.41939265185599,2.0253262207700677,2552.956990076376,0.3575570014112571,-7.001400000000002,,
1,3,19384,775.36,10.720000000000027,10,13.027202609514024,53.23781636302501,116.47019146630399,2.0253262207700677,2548.308155916012,0.3569059041899177,-7.33215,,
1,3,19385,775.4,10.759999999999991,10,12.972597900892634,52.72261109009999,115.56568520814399,2.0253262207700677,2543.5094376729257,0.3562338148001297,-7.662899999999999,,
1,3,19386,775.44,10.800000000000068,10,12.917459137327123,52.21874124809999,114.642009316416,2.0253262207700677,2538.521732605738,0.35553525666747027,-7.993649999999997,0.3341157232246367,0.7890202541919525
1,3,19387,775.48,10.840000000000032,10,12.862565311924367,51.71917534559999,113.72641105791999,2.0253262207700677,2533.3190082262818,0.3548065837851935,-8.324400000000002,,
1,3,19388,775.52,10.879999999999995,10,12.807505089351945,51.238750122,112.79343649177599,2.0253262207700677,2527.8613589497227,0.35404220713581547,-8.65515,,
1,3,19389,775.56,10.919999999999959,10,12.752012484794077,50.76277026659999,111.851052145744,2.0253262207700677,2522.354794563589,0.35327097963075477,-8.985899999999999,,
1,3,19390,775.6,10.960000000000036,10,12.696435284242622,50.30414483062499,110.895324096336,2.0253262207700677,2516.5393130188277,0.35245648641720273,-9.316649999999997,,
1,3,19391,775.64,11.0,10,12.640808967722794,49.869753612525,109.92029774593603,2.0253262207700677,2510.5389256396193,0.351616096027958,-9.647400000000001,0.32869537937789034,0.781540800943972
1,3,19392,775.68,11.039999999999964,10,12.586524517501287,49.45140160852499,108.969197821136,2.0253262207700677,2504.32817223504,0.3507462426099496,-9.978150000000001,,
1,3,19393,775.72,11.080000000000041,10,12.532548722734134,49.05009103522501,108.01468645247999,2.0253262207700677,2497.7543904381,0.34982554487928574,-10.3089,,
1,3,19394,775.76,11.120000000000005,10,12.479515263007174,48.66491779852502,107.073383401104,2.0253262207700677,2490.9498725747144,0.3488725311729292,-10.639649999999998,,
1,3,19395,775.8,11.159999999999968,10,12.425438648954007,48.301224690599994,106.09030092831999,2.163955656882057,2483.613321172622,0.34784500296535315,-10.970400000000001,,
1,3,19396,775.84,11.200000000000045,10,12.372710234411255,47.96149797022501,105.12246057447999,2.163955656882057,2475.791610863968,0.34674952533108805,-11.30115,0.3232049025873706,0.7736900691243678
1,3,19397,775.88,11.240000000000009,10,12.320267865097778,47.638685088225,104.15031517953598,2.163955656882057,2467.4033098046975,0.34557469324995765,-11.631899999999998,,
1,3,19398,775.92,11.279999999999973,10,12.26787269795281,47.33523800459998,103.165462528576,2.163955656882057,2458.1860454939006,0.3442837598730953,-11.962649999999998,,
1,3,19399,775.96,11.32000000000005,10,12.216864557515402,47.068174358099995,102.183605258576,2.163955656882057,2448.807079776982,0.34297017924047374,-12.293400000000002,,
1,3,19400,776.0,11.360000000000014,10,12.165972945903505,46.8299763666,101.18092135385601,2.163955656882057,2439.1064014945027,0.3416115408255606,-12.62415,,
1,3,19401,776.04,11.399999999999977,10,12.11588629407362,46.60658006602501,100.18812062489602,2.163955656882057,2429.4405526631167,0.34025778048503036,-12.954899999999999,0.3172968266007253,0.7635015642233295
1,3,19402,776.08,11.440000000000055,10,12.066981935973054,46.413268101899995,99.19878494119999,2.163955656882057,2419.867958612471,0.3389170810381611,-13.285649999999997,,
1,3,19403,776.12,11.480000000000018,10,12.018398967093786,46.248249132225,98.19366460001598,2.0253262207700677,2410.1818269289806,0.3375604799620421,-13.616400000000002,,
1,3,19404,776.16,11.519999999999982,10,11.969685875386372,46.107951498,97.16542845742401,2.0253262207700677,2400.5697608700357,0.336214252222694,-13.94715,,
1,3,19405,776.2,11.56000000000006,10,11.92310258822946,45.99973014210002,96.160645187344,2.0253262207700677,2391.1112494273734,0.33488953073212513,-14.277899999999999,,
1,3,19406,776.24,11.600000000000023,10,11.878369297983793,45.92607467489999,95.16958250438398,2.0253262207700677,2381.3975266130487,0.3335290653519675,-14.608649999999997,0.3110663965467759,0.7526259588766658
1,3,19407,776.28,11.639999999999986,10,11.834215109561091,45.8801859789,94.16846128046402,1.8866967846580787,2371.6299888854683,0.3321610628691132,-14.939400000000003,,
1,3,19408,776.32,11.680000000000064,10,11.789639478896884,45.86358435750001,93.132014684864,1.8866967846580787,2361.7142624317207,0.330772305662706,-15.270150000000001,,
1,3,19409,776.36,11.720000000000027,10,11.746829312626451,45.87645114990001,92.11154775007999,1.8866967846580787,2351.9703070363357,0.329407606027498,-15.6009,,
1,3,19410,776.4,11.759999999999991,10,11.705681870778866,45.922585538025004,91.100402521856,1.8866967846580787,2342.2334925079854,0.32804390651372345,-15.931649999999998,,
1,3,19411,776.44,11.800000000000068,10,11.66477056896058,46.002065027624994,90.06480739886398,1.8866967846580787,2332.57133984365,0.32669066384364837,-16.262400000000003,0.30436333787033165,0.7402642565254254
1,3,19412,776.48,11.840000000000032,10,11.627152703712978,46.10638634490001,89.08429365056001,1.8866967846580787,2322.957075489642,0.3253441282198378,-16.59315,,
1,3,19413,776.52,11.879999999999995,10,11.592079574861838,46.25275130122499,88.123557568704,1.8866967846580787,2313.2344220585987,0.32398241205302514,-16.9701,,
1,3,19414,776.56,11.919999999999959,10,11.55713677699628,46.421143964999985,87.1462665172,1.8866967846580787,2303.373124403226,0.3226012779276227,-17.349149999999998,,
1,3,19415,776.6,11.960000000000036,10,11.52487052185095,46.63052349952499,86.192117045904,1.8866967846580787,2293.700434435895,0.32124655944480335,-17.72925,,
1,3,19416,776.64,12.0,10,11.494284765274827,46.869642960525006,85.24893930470398,2.0253262207700677,2283.820386337571,0.31986279920694266,-18.1083,0.2977972971617558,0.7270106811632964
1,3,19417,776.68,12.039999999999964,10,11.46605040230663,47.14539583950001,84.32491598873601,2.0253262207700677,2274.1632426292,0.31851025807131655,-18.488400000000002,,
1,3,19418,776.72,12.080000000000041,10,11.439256544132972,47.45243570602501,83.40415457646401,2.0253262207700677,2264.2752791267926,0.31712538923344435,-18.868500000000004,,
1,3,19419,776.76,12.120000000000005,10,11.413929680626037,47.788701326099996,82.489089428176,2.0253262207700677,2254.141162675346,0.3157060451926255,-19.247549999999997,,
1,3,19420,776.8,12.159999999999968,10,11.39042264932206,48.15588525772499,81.58584287246399,2.0253262207700677,2243.989479560035,0.31428424083473877,-19.62765,,
1,3,19421,776.84,12.200000000000045,10,11.368606161705532,48.558424986225,80.686781073744,2.0253262207700677,2233.9271651761796,0.3128749531059075,-20.00775,0.2905180898804965,0.7122038260873661
1,3,19422,776.88,12.240000000000009,10,11.348517006243767,48.9888686259,79.799969615104,2.0253262207700677,2223.8084014019805,0.31145775929999725,-20.3868,,
1,3,19423,776.92,12.279999999999973,10,11.32900658961239,49.44702631522499,78.899363992256,2.0253262207700677,2213.633004271689,0.3100326336514971,-20.7669,,
1,3,19424,776.96,12.32000000000005,10,11.312689042360752,49.94725900972501,78.02967435942399,2.163955656882057,2203.8361859993715,0.3086605302520129,-21.147000000000002,,
1,3,19425,777.0,12.360000000000014,10,11.29792349696036,50.479766201025,77.163309142144,2.0253262207700677,2194.126387628844,0.30730061451384366,-21.52605,,
1,3,19426,777.04,12.399999999999977,10,11.286836918126399,51.05659398052502,76.33609363585599,2.0253262207700677,2184.6069641006666,0.30596736191886087,-21.906149999999997,0.2835800403508737,0.6987506327278057
1,3,19427,777.08,12.440000000000055,10,11.277846947749202,51.65946967860001,75.530362098256,2.0253262207700677,2175.101232284167,0.30463602693055564,-22.28625,,
1,3,19428,777.12,12.480000000000018,10,11.270829030728885,52.29694339222501,74.734643647696,2.0253262207700677,2165.5429437422467,0.303297331056337,-22.6653,,
1,3,19429,777.16,12.519999999999982,10,11.266931804189683,52.978611777524996,73.96514050273599,2.0253262207700677,2156.090844125272,0.3019735075805703,-23.0454,,
1,3,19430,777.2,12.56000000000006,10,11.264163852495045,53.687685567599985,73.19370172825602,2.163955656882057,2146.5451054259643,0.30063656938739,-23.425500000000003,,
1,3,19431,777.24,12.600000000000023,10,11.263322761491654,54.432803754,72.42963587553598,2.163955656882057,2137.2600863074636,0.2993361465416616,-23.804550000000003,0.27634806210002294,0.6840911689996386
1,3,19432,777.28,12.639999999999986,10,11.26515877093621,55.21831878622502,71.685483348176,2.163955656882057,2127.9239590794286,0.298028565697399,-24.184649999999998,,
1,3,19433,777.32,12.680000000000064,10,11.268407479771088,56.02977201622501,70.947235113936,2.163955656882057,2118.3751899440285,0.2966912030733934,-24.56475,,
1,3,19434,777.36,12.720000000000027,10,11.274840239780605,56.88527990039997,70.23674253217601,2.163955656882057,2108.8172739791535,0.2953525593808338,-24.9438,,
1,3,19435,777.4,12.759999999999991,10,11.281954088361642,57.76889726789998,69.513590784,1.973001406393613,2099.0777963698188,0.2939884868865293,-25.323900000000002,,
1,3,19436,777.44,12.800000000000068,10,11.290882418115112,58.672956892725,68.81106888697597,2.163955656882057,2089.316174954215,0.2926213130187977,-25.70295,0.2690523272434884,0.6689001083459213
1,3,19437,777.48,12.840000000000032,10,11.302323200385132,59.6122605099,68.130249216064,2.163955656882057,2079.7142782071874,0.29127650955282736,-26.083050000000004,,
1,3,19438,777.52,12.879999999999995,10,11.315562450952227,60.58759599899997,67.45435758239998,2.163955656882057,2070.092806740901,0.2899289645295379,-26.46315,,
1,3,19439,777.56,12.919999999999959,10,11.330450759907173,61.59146195002502,66.787652472656,2.163955656882057,2060.3657443284205,0.2885666308583222,-26.8422,,
1,3,19440,777.6,12.960000000000036,10,11.346901030491983,62.62106777010001,66.13109522568001,2.163955656882057,2050.5407979436336,0.28719058794728763,-27.2223,,
1,3,19441,777.64,13.0,10,11.3651305844475,63.6839744814,65.482218720144,2.163955656882057,2040.811521804254,0.2858279442302876,-27.6024,0.2622997382760584,0.65399169306598
1,3,19442,777.68,13.039999999999964,10,11.387174539713923,64.783571080725,64.884172917184,2.163955656882057,2031.069461909451,0.2844635100713517,-27.98145,,
1,3,19443,777.72,13.080000000000041,10,11.411508707944622,65.91773561939998,64.30479537209598,2.163955656882057,2021.5132191613864,0.2831251007228833,-28.361549999999998,,
1,3,19444,777.76,13.120000000000005,10,11.437395492724907,67.0695537519,63.74446190510399,2.163955656882057,2011.8315900101932,0.28176913025352845,-28.741650000000003,,
1,3,19445,777.8,13.159999999999968,10,11.465198627982028,68.242134087225,63.20864549185599,2.163955656882057,2002.2353419002766,0.28042511791320396,-29.120700000000003,,
1,3,19446,777.84,13.200000000000045,10,11.494454870062173,69.445771605,62.67672115489601,2.163955656882057,1992.7025533869476,0.2790899934715613,-29.500799999999998,0.2563368764658391,0.6396741268065735
1,3,19447,777.88,13.240000000000009,10,11.525864164841437,70.6902799554,62.155264790976005,2.163955656882057,1983.1671049423064,0.27775449649051914,-29.8809,,
1,3,19448,777.92,13.279999999999973,10,11.559461859001914,71.96536495260001,61.65579351711999,2.163955656882057,1973.7508193752278,0.27643568898812715,-30.25995,,
1,3,19449,777.96,13.32000000000005,10,11.595422411670047,73.2651083325,61.18871257255999,2.163955656882057,1964.4099511439613,0.27512744413780965,-30.640050000000002,,
1,3,19450,778.0,13.360000000000014,10,11.632408156365775,74.58505882852499,60.72786068776001,2.163955656882057,1955.0782638466392,0.2738204851325825,-31.020149999999997,,
1,3,19451,778.04,13.399999999999977,10,11.670906651058434,75.93679309859999,60.27326895911999,2.163955656882057,1945.7871801169165,0.2725192129015289,-31.399199999999997,0.25074191758884184,0.6253227363779662
1,3,19452,778.08,13.440000000000055,10,11.71124901931647,77.317161741225,59.83619185121599,2.163955656882057,1936.7328289969516,0.2712510964981725,-31.779300000000003,,
1,3,19453,778.12,13.480000000000018,10,11.753533309827475,78.7270560174,59.418489247824006,2.163955656882057,1927.5415087516662,0.26996379674393084,-32.1594,,
1,3,19454,778.16,13.519999999999982,10,11.797458306654235,80.15977210972498,59.02025038752002,2.163955656882057,1918.5754340646547,0.2687080439866463,-32.53845,,
1,3,19455,778.2,13.56000000000006,10,11.843004365256352,81.62258952802497,58.634162867456006,2.0253262207700677,1909.7709747423344,0.26747492643450066,-32.91855,,
1,3,19456,778.24,13.600000000000023,10,11.88937834400285,83.10702925349997,58.25028815334399,2.0253262207700677,1900.9576596950594,0.2662405685847422,-33.2976,0.24579218481992926,0.6109525464684058
1,3,19457,778.28,13.639999999999986,10,11.936649245412886,84.61612776960001,57.867467438416,2.163955656882057,1892.1790590484318,0.2650110726958588,-33.6777,,
1,3,19458,778.32,13.680000000000064,10,11.985179211770719,86.14448070952501,57.50004002873601,2.163955656882057,1883.4832901582022,0.2637931778933056,-34.0578,,
1,3,19459,778.36,13.720000000000027,10,12.035663251160027,87.70511910509997,57.15207079022399,2.163955656882057,1874.9272601601617,0.2625948543641683,-34.43685,,
1,3,19460,778.4,13.759999999999991,10,12.086911315066393,89.27997486659999,56.81345027168,2.163955656882057,1866.2585243052197,0.2613807457010111,-34.81695,,
1,3,19461,778.44,13.800000000000068,10,12.139200652024003,90.8773498521,56.48284261799999,2.163955656882057,1857.4335754186627,0.2601447584619976,-35.197050000000004,0.24138699098511793,0.5967214746348201
1,3,19462,778.48,13.840000000000032,10,12.19197880140037,92.48575182210001,56.158595271696,2.163955656882057,1848.5859773850425,0.2589055990735354,-35.576100000000004,,
1,3,19463,778.52,13.879999999999995,10,12.245872548935989,94.10450648759999,55.856887997184,2.163955656882057,1839.9389416060153,0.2576945296366968,-35.956199999999995,,
1,3,19464,778.56,13.919999999999959,10,12.300867792534639,95.75396158859999,55.557386860815996,2.163955656882057,1831.2403320397054,0.25647623698035094,-36.3363,,
1,3,19465,778.6,13.960000000000036,10,12.3571557049493,97.41454092562499,55.28475619073602,2.163955656882057,1822.5469563931676,0.25525867736598995,-36.71535,,
1,3,19466,778.64,14.0,10,12.414301863665312,99.0902928015,55.024597960704014,2.163955656882057,1813.8650663427745,0.25404272637853986,-37.09545,0.23791655582219545,0.5839163179945627
1,3,19467,778.68,14.039999999999964,10,12.472401876104257,100.78364139322501,54.777167165824,2.163955656882057,1805.2115135627635,0.25283074419646545,-37.47555,,
1,3,19468,778.72,14.080000000000041,10,12.531188482162456,102.487511925225,54.543172850256,2.163955656882057,1796.4736663378126,0.25160695606972167,-37.8546,,
1,3,19469,778.76,14.120000000000005,10,12.591184130131845,104.2248086145,54.31310918438402,2.163955656882057,1787.7230147549185,0.2503813746155348,-38.234700000000004,,
1,3,19470,778.8,14.159999999999968,10,12.652789957144787,105.9680828934,54.12501080622398,2.163955656882057,1778.8784625460896,0.24914264181317786,-38.614799999999995,0.2354549141960219,0.5729558310222004
1,4,67164,2686.56,-2.0,10,22.886565782753518,177.82638010200003,345.9685132263041,2.302585092994046,3526.9262028277526,0.49396725529800456,-7.066500000000003,0.5332779091393275,0.9925311219678334
1,4,67165,2686.6,-1.9600000000000364,10,22.877210596203902,177.48688304340004,345.879881619664,2.302585092994046,3533.556497609718,0.4948958680125655,-6.6339000000000015,,
1,4,67166,2686.64,-1.9200000000000728,10,22.866484088905953,177.15963622612503,345.716458362064,2.302585092994046,3540.219332688922,0.49582903819172575,-6.2013,,
1,4,67167,2686.68,-1.8800000000001091,10,22.85566839212341,176.827394499525,345.554183151184,2.302585092994046,3546.899371527189,0.49676461786095083,-5.7697500000000055,,
1,4,67168,2686.72,-1.8400000000001455,10,22.844824320631666,176.50870963110003,345.377288609424,2.302585092994046,3553.4735314678765,0.49768536855292383,-5.337150000000005,,
1,4,67169,2686.76,-1.7999999999997272,10,22.833210933671705,176.20302127522498,345.15250026632003,2.302585092994046,3559.83026742433,0.49857566770648876,-4.905599999999998,0.5368804734490089,0.9942590518078392
1,4,67170,2686.8,-1.7599999999997635,10,22.822466678405405,175.911146880525,344.9538384064,2.302585092994046,3565.8670507207585,0.49942115556313144,-4.472999999999997,,
1,4,67171,2686.84,-1.7199999999998,10,22.81269776548613,175.628429487,344.79074985241596,2.302585092994046,3571.858089511361,0.5002602366262411,-4.041450000000003,,
1,4,67172,2686.88,-1.6799999999998363,10,22.801775420264207,175.365000220725,344.55596209543995,2.302585092994046,3577.885481578849,0.5011044091847127,-3.6088500000000012,,
1,4,67173,2686.92,-1.6399999999998727,10,22.791264565257013,175.1072032521,344.33453723144004,2.302585092994046,3583.822748643552,0.5019359591937748,-3.1772999999999954,,
1,4,67174,2686.96,-1.599999999999909,10,22.782426236473782,174.88646737222498,344.15247784814403,2.302585092994046,3589.5799563254445,0.5027422908018828,-2.7447000000000052,0.5410298457193842,0.995208324125243
1,4,67175,2687.0,-1.5599999999999454,10,22.773444971911385,174.67818116489997,343.951614723776,2.302585092994046,3595.2834938503875,0.5035411055812867,-2.3131499999999994,,
1,4,67176,2687.04,-1.5199999999999818,10,22.763977528677387,174.46023663862502,343.738436287504,2.302585092994046,3601.0919117721032,0.5043546094918913,-1.8805499999999982,,
1,4,67177,2687.08,-1.4800000000000182,10,22.75409499702293,174.2650402374,343.483798896144,2.302585092994046,3607.0042007245365,0.5051826611659015,-1.4490000000000036,,
1,4,67178,2687.12,-1.4400000000000546,10,22.745601944898354,174.08827275209995,343.27413508366396,2.302585092994046,3613.055469682568,0.5060301778266902,-1.0164000000000022,,
1,4,67179,2687.16,-1.400000000000091,10,22.736553977506265,173.925199287,343.025687485056,2.302585092994046,3619.7180404777378,0.5069633109912798,-0.5848499999999962,0.5449574984804332,0.995691111107853
1,4,67180,2687.2,-1.3600000000001273,10,22.72746465754025,173.77110353452497,342.766546225216,2.302585092994046,3626.9563332685666,0.5079770774885948,-0.1522499999999949,,
1,4,67181,2687.24,-1.3200000000001637,10,22.718815091435467,173.63433151889998,342.510227639936,2.302585092994046,3634.1068009773016,0.508978543554244,0.27929999999999955,,
1,4,67182,2687.28,-1.2799999999997453,10,22.710199174983053,173.50214182402502,342.25100474337603,2.302585092994046,3641.2085614382204,0.5099731878765015,0.7119000000000009,,
1,4,67183,2687.32,-1.2399999999997817,10,22.70112950716074,173.37614066010002,341.965140240784,2.302585092994046,3648.476791876759,0.5109911473216749,1.1434500000000012,,
1,4,67184,2687.36,-1.199999999999818,10,22.692519731151847,173.28133227510006,341.669119473616,2.302585092994046,3655.724336794598,0.5120062096350979,1.5760500000000024,0.5487353552184038,0.9958615908471046
1,4,67185,2687.4,-1.1599999999998545,10,22.685383323569035,173.2047431436,341.421873393664,2.302585092994046,3662.794706039222,0.5129964574284624,2.0076000000000027,,
1,4,67186,2687.44,-1.1199999999998909,10,22.67814007430451,173.13837740640002,341.159659823376,2.302585092994046,3670.1034811967124,0.514020095405702,2.440199999999998,,
1,4,67187,2687.48,-1.0799999999999272,10,22.66995848841413,173.0702436561,340.85677421032,2.302585092994046,3678.2363008783086,0.5151591457812758,2.8717499999999987,,
1,4,67188,2687.52,-1.0399999999999636,10,22.661991071166803,173.0167370379,340.549102271744,2.302585092994046,3686.5671675498525,0.5163259338305115,3.30435,,
1,4,67189,2687.56,-1.0,10,22.65442256149048,172.97665028122498,340.24621131334396,2.302585092994046,3694.928698382396,0.5174970165801676,3.7359,0.5517830535199336,0.9960426998222085
1,4,67190,2687.6,-0.9600000000000364,10,22.647849425129554,172.96052136772497,339.96456221561607,2.302585092994046,3703.3196372529587,0.5186722181026553,4.168500000000002,,
1,4,67191,2687.64,-0.9200000000000728,10,22.640278820385163,172.95624560812496,339.62597945665595,2.302585092994046,3711.59093341849,0.5198306629437661,4.600050000000001,,
1,4,67192,2687.68,-0.8800000000001091,10,22.63417773223408,172.97793817762496,339.328063436736,2.302585092994046,3719.624714585612,0.5209558423789372,5.032649999999997,,
1,4,67193,2687.72,-0.8400000000001455,10,22.627786716523648,173.00698220610002,339.009749482384,2.302585092994046,3727.555977927478,0.5220666635752771,5.464199999999997,,
1,4,67194,2687.76,-0.7999999999997272,10,22.6223780393088,173.03575239562502,338.736235757776,2.302585092994046,3735.0711020624876,0.5231192019695362,5.896799999999999,0.5541523142291613,0.9960592241479155
1,4,67195,2687.8,-0.7599999999997635,10,22.61679854823536,173.077882492725,338.441694078736,2.302585092994046,3742.319081317763,0.5241343251145326,6.328349999999999,,
1,4,67196,2687.84,-0.7199999999997999,10,22.611368668557947,173.1269800701,338.14701299534397,2.163955656882057,3749.4713723054383,0.5251360465413779,6.76095,,
1,4,67197,2687.88,-0.6799999999998363,10,22.607022746284304,173.1854974626,337.891979988416,2.163955656882057,3756.2450604046585,0.5260847423535935,7.192500000000001,,
1,4,67198,2687.92,-0.6399999999998727,10,22.60194497803366,173.269392652125,337.57852413793603,2.163955656882057,3762.7781972135126,0.5269997475088953,7.6251000000000015,,
1,4,67199,2687.96,-0.599999999999909,10,22.59618544126561,173.35202162039997,337.23557487566404,2.163955656882057,3769.034637670864,0.5278759996737905,8.056650000000003,0.5563547076701453,0.9958980221791165
1,4,67200,2688.0,-0.5599999999999454,10,22.59164591751971,173.44211519722506,336.94035006535995,2.163955656882057,3774.843745947968,0.5286896002728246,8.489249999999998,,
1,4,67201,2688.04,-0.5199999999999818,10,22.586310551740496,173.5425036324,336.598920707264,2.163955656882057,3780.2975451094444,0.5294534376903983,8.920799999999998,,
1,4,67202,2688.08,-0.4800000000000182,10,22.581283257724657,173.65951270709996,336.254840858496,2.163955656882057,3785.410027726683,0.5301694716704037,9.353399999999999,,
1,4,67203,2688.12,-0.44000000000005457,10,22.57368709731906,173.78367864952503,335.787670518144,2.163955656882057,3790.4497923699887,0.5308753210602225,9.78495,,
1,4,67204,2688.16,-0.40000000000009095,10,22.5666119581006,173.910683606625,335.341291660864,2.163955656882057,3795.266466621183,0.5315499252970843,10.217550000000001,0.5588366697065933,0.9952488978250817
1,4,67205,2688.2,-0.36000000000012733,10,22.560687503464425,174.06057508559996,334.92404554337594,2.163955656882057,3799.815441531803,0.532187036629104,10.6491,,
1,4,67206,2688.24,-0.3200000000001637,10,22.555583442777646,174.19988055802497,334.55446388608004,2.163955656882057,3803.9170230362474,0.5327614878202026,11.081700000000003,,
1,4,67207,2688.28,-0.27999999999974534,10,22.549950258613787,174.33640969290005,334.163846973056,2.163955656882057,3807.752227492646,0.5332986313014911,11.513250000000003,,
1,4,67208,2688.32,-0.23999999999978172,10,22.542982614638998,174.4864092279,333.69965593601603,2.163955656882057,3811.588101506887,0.5338358685583876,11.945849999999998,,
1,4,67209,2688.36,-0.1999999999998181,10,22.53705227808839,174.646334669625,333.272390715664,2.163955656882057,3815.611518783299,0.5343993723786132,12.377399999999998,0.5617809343079047,0.9944464201126463
1,4,67210,2688.4,-0.15999999999985448,10,22.53183498481728,174.79806216390003,332.88552561913593,2.163955656882057,3819.194206002878,0.534901149300123,12.81,,
1,4,67211,2688.44,-0.11999999999989086,10,22.527207116794926,174.95785838159995,332.51720210137603,2.163955656882057,3822.423006330524,0.5353533622311658,13.24155,,
1,4,67212,2688.48,-0.07999999999992724,10,22.522845460745607,175.11826160272503,332.16030604590395,2.163955656882057,3825.1721645531748,0.5357383983968032,13.674150000000001,,
1,4,67213,2688.52,-0.03999999999996362,10,22.519259138081786,175.28093692199997,331.83609520608,2.163955656882057,3827.5569126290325,0.5360723967267552,14.105700000000002,,
1,4,67214,2688.56,0.0,10,22.5157426503631,175.4420522589,331.51661483848,2.163955656882057,3829.7607195581945,0.536381053159411,12.248249999999997,0.5668206644800119,0.9936903303826099
1,4,67215,2688.6,0.03999999999996362,10,22.513034243408438,175.60487048422493,331.231840360656,2.163955656882057,3831.6434157118947,0.5366447360941029,12.246150000000002,,
1,4,67216,2688.64,0.07999999999992724,10,22.509894573001002,175.77589684410003,330.91945684352,2.163955656882057,3833.4466967485696,0.5368972964633851,12.167399999999999,,
1,4,67217,2688.68,0.11999999999989086,10,22.505528125134077,175.94193507502501,330.556861116176,2.163955656882057,3834.847653212669,0.537093508853315,12.086549999999999,,
1,4,67218,2688.72,0.15999999999985448,10,22.502240538183322,176.118389626725,330.23243961153594,2.163955656882057,3835.8163867932085,0.5372291858253795,12.001500000000002,,
1,4,67219,2688.76,0.20000000000027285,10,22.498138361484155,176.265822100725,329.90040763176,2.163955656882057,3836.550373750253,0.5373319851190831,11.913300000000001,0.5717329562312492,0.9928336865626544
1,4,67220,2688.8,0.24000000000023647,10,22.494888968592488,176.42134995659998,329.598679752704,2.163955656882057,3837.014062962252,0.5373969275857498,11.820900000000002,,
1,4,67221,2688.84,0.2800000000002001,10,22.490740002777677,176.5796741604,329.253711712144,2.163955656882057,3837.2706819896,0.5374328686259943,11.725349999999999,,
1,4,67222,2688.88,0.3200000000001637,10,22.488122610567316,176.75332202272497,328.962336525184,2.163955656882057,3837.531655162229,0.5374694194905083,11.625599999999999,,
1,4,67223,2688.92,0.36000000000012733,10,22.48527175666518,176.92757338252494,328.65987258856,2.163955656882057,3837.9688632081143,0.5375306531103803,11.519549999999997,,
1,4,67224,2688.96,0.40000000000009095,10,22.48120772591208,177.07398604402502,328.330714771584,2.163955656882057,3839.478014463222,0.537742018832384,11.4114,0.575974901174301,0.9920969229186812
1,4,67225,2689.0,0.44000000000005457,10,22.47678202735136,177.23365450402503,327.9720758010401,2.163955656882057,3843.2585539877327,0.5382715061607469,11.296950000000002,,
1,4,67226,2689.04,0.4800000000000182,10,22.473173082342445,177.37104770122497,327.67246068769606,2.163955656882057,3853.499393194701,0.5397057973662045,11.179350000000001,,
1,4,67227,2689.08,0.5199999999999818,10,22.469146898147443,177.515766878625,327.346795451904,2.163955656882057,3885.0591518215388,0.5441259316276665,11.04915,,
1,4,67228,2689.12,0.5599999999999454,10,22.463689974182692,177.64441384410003,326.972953412096,2.163955656882057,3917.8062385516805,0.5487123583405715,10.91055,,
1,4,67229,2689.16,0.599999999999909,10,22.4584184313385,177.77340256252495,326.60715587456,2.163955656882057,3943.7621773068577,0.5523476438805122,10.767749999999998,0.5779716900373094,0.9910546069934156
1,4,67230,2689.2,0.6399999999998727,10,22.45209649153613,177.879869885025,326.21676698022395,2.163955656882057,3961.135268051467,0.5547808498671523,10.61865,,
1,4,67231,2689.24,0.6799999999998363,10,22.446490980325994,177.99621731640005,325.8487400134561,2.163955656882057,3980.505307956194,0.5574937406101113,10.463250000000002,,
1,4,67232,2689.28,0.7200000000002547,10,22.439751138312765,178.09717422262497,325.44525692678405,2.163955656882057,3998.119326802644,0.5599606900283816,10.2984,,
1,4,67233,2689.32,0.7600000000002183,10,22.432380805882843,178.19884196572497,325.01286665441603,2.163955656882057,4011.7187117409117,0.5618653657900435,10.12305,,
1,4,67234,2689.36,0.8000000000001819,10,22.422386672109997,178.26497418240007,324.49844989121596,2.163955656882057,4021.8415898197304,0.563283135829094,9.938250000000002,0.5782968233820718,0.9895123582487955
1,4,67235,2689.4,0.8400000000001455,10,22.411658488921542,178.33112313502497,323.951313089024,2.302585092994046,4029.8221899707096,0.5644008669426762,9.760799999999998,,
1,4,67236,2689.44,0.8800000000001091,10,22.401313828435065,178.38395144009993,323.434909799936,2.302585092994046,4036.399047228473,0.5653219954101503,9.581249999999999,,
1,4,67237,2689.48,0.9200000000000728,10,22.389828372686672,178.43153244052502,322.87288211784005,2.302585092994046,4042.018410586145,0.5661090210904967,9.39015,,
1,4,67238,2689.52,0.9600000000000364,10,22.377038981487004,178.45770755452497,322.27416602446397,2.302585092994046,4046.766304631594,0.5667739922453212,9.198,,
1,4,67239,2689.56,1.0,10,22.363907537890626,178.49681503762503,321.64754532569606,2.302585092994046,4050.8132301791843,0.567340788540502,8.9985,0.5767894808174157,0.9873350122467767
1,4,67240,2689.6,1.0399999999999636,10,22.350280559597547,178.5282602229,321.006780869824,2.302585092994046,4054.2644523217605,0.567824152986241,8.798999999999998,,
1,4,67241,2689.64,1.0799999999999272,10,22.33619718609596,178.54681429462502,320.35889044153606,2.302585092994046,4057.082062318852,0.5682187762351332,8.5911,,
1,4,67242,2689.68,1.1199999999998909,10,22.321514002233922,178.56226433272505,319.6877230192,2.302585092994046,4059.462629757373,0.5685521890416488,8.382150000000001,,
1,4,67243,2689.72,1.1599999999998545,10,22.307733184597666,178.57486805759999,319.06009177759995,2.302585092994046,4061.429423887619,0.5688276504044284,8.1648,,
1,4,67244,2689.76,1.2000000000002728,10,22.29329611585277,178.58766455460005,318.40338715449604,2.302585092994046,4063.0095525049537,0.5690489569334669,7.945350000000001,0.57447319599456,0.9842389968109496
1,4,67245,2689.8,1.2400000000002365,10,22.278446130144356,178.59335671800002,317.735805255744,2.302585092994046,4064.279063661231,0.5692267596164189,7.718550000000002,,
1,4,67246,2689.84,1.2800000000002,10,22.262836613275585,178.60892273910002,317.02497133030397,2.302585092994046,4065.192995212304,0.5693547612342164,7.490700000000001,,
1,4,67247,2689.88,1.3200000000001637,10,22.24827346225925,178.61327030452503,316.37240174694404,2.302585092994046,4065.6333007274575,0.5694164286733133,7.256550000000001,,
1,4,67248,2689.92,1.3600000000001273,10,22.236407745231805,178.64604436612495,315.81178504608,2.302585092994046,4065.537597955494,0.5694030249237387,7.019250000000002,,
1,4,67249,2689.96,1.400000000000091,10,22.223527035312372,178.68122221949994,315.20393166976,2.302585092994046,4065.1977903035304,0.5693554328156205,6.774600000000002,0.5713068614921822,0.9797655308005183
1,4,67250,2690.0,1.4400000000000546,10,22.210596136632198,178.70446601752502,314.606114727056,2.302585092994046,4064.4759280715116,0.5692543316626767,6.52785,,
1,4,67251,2690.04,1.4800000000000182,10,22.196924092358923,178.75139391899998,313.952045242944,2.302585092994046,4063.5883800677457,0.5691300252195722,6.269549999999999,,
1,4,67252,2690.08,1.5199999999999818,10,22.18227677501931,178.79085372802498,313.26254919553605,2.302585092994046,4062.320741844468,0.5689524848521664,6.011250000000002,,
1,4,67253,2690.12,1.5599999999999454,10,22.16892268485415,178.83352885702493,312.627604150016,2.302585092994046,4060.6631110855005,0.5687203236814427,5.747700000000001,,
1,4,67254,2690.16,1.599999999999909,10,22.15522970343122,178.89039765922502,311.963805552576,2.302585092994046,4058.7859982233304,0.5684574227203544,5.48415,0.5669633763666866,0.9736181726854539
1,4,67255,2690.2,1.6399999999998727,10,22.140464199892943,178.959732340725,311.240422646016,2.302585092994046,4056.6514472784493,0.568158466005385,5.212200000000002,,
1,4,67256,2690.24,1.6799999999998363,10,22.12580201603099,179.027134119225,310.52398073337605,2.302585092994046,4054.2297416685933,0.567819291550223,4.941299999999999,,
1,4,67257,2690.28,1.7200000000002547,10,22.109593653020944,179.08451738099998,309.749614120704,2.302585092994046,4051.4311454840386,0.5674273313002856,4.66305,,
1,4,67258,2690.32,1.7600000000002183,10,22.091043730083555,179.14351286160004,308.870700222864,2.302585092994046,4048.577516651491,0.5670276633965674,4.385849999999997,,
1,4,67259,2690.36,1.800000000000182,10,22.071398387253222,179.2045024119,307.942124356944,2.302585092994046,4045.440395967137,0.5665882907517,4.100249999999997,0.5615935108263654,0.96598024668538
1,4,67260,2690.4,1.8400000000001455,10,22.05018897358297,179.2725127704,306.93832100032,2.302585092994046,4042.0297374163342,0.5661106074812794,3.8178000000000005,,
1,4,67261,2690.44,1.8800000000001091,10,22.029158993774615,179.35313402002504,305.93071195297597,2.302585092994046,4038.287093679927,0.5655864276862642,3.528000000000002,,
1,4,67262,2690.48,1.9200000000000728,10,22.00817366628683,179.43077127622502,304.92893684921603,2.302585092994046,4034.257562536952,0.5650220675822062,3.239249999999999,,
1,4,67263,2690.52,1.9600000000000364,10,21.984608311065745,179.501301685125,303.821700905856,2.302585092994046,4030.000467402594,0.5644258357706715,2.9462999999999973,,
1,4,67264,2690.56,2.0,10,21.95937241600973,179.581827182625,302.632209722384,2.302585092994046,4025.3981892530346,0.5637812589990244,2.655449999999998,0.5558187242159967,0.9563611633362598
1,4,67265,2690.6,2.0399999999999636,10,21.933516876664925,179.680289076225,301.39887350272005,2.302585092994046,4020.495592640942,0.5630946208180592,2.3572500000000027,,
1,4,67266,2690.64,2.0799999999999272,10,21.907472529523893,179.77004037089998,300.16731226094396,2.302585092994046,4015.3172042788347,0.5623693563415735,2.060100000000003,,
1,4,67267,2690.68,2.119999999999891,10,21.88042363904191,179.84629707660002,298.906641547344,2.302585092994046,4009.7750888171054,0.5615931496942727,1.7576999999999976,,
1,4,67268,2690.72,2.1599999999998545,10,21.852640919577407,179.923677196725,297.6142379632639,2.302585092994046,4003.967725518043,0.5607797934899219,1.4574000000000003,,
1,4,67269,2690.76,2.200000000000273,10,21.825212419358603,180.034466716125,296.30543043399996,2.302585092994046,3998.162841144001,0.5599667844739498,1.1570999999999974,0.5482186886990773,0.9454280243779724
1,4,67270,2690.8,2.2400000000002365,10,21.797174950857027,180.16103618572498,294.955799652544,2.302585092994046,3992.0770861850515,0.5591144378410436,0.8578500000000011,,
1,4,67271,2690.84,2.2800000000002,10,21.767737174210026,180.303878202525,293.53050348296,2.302585092994046,3986.119002174748,0.5582799722933821,0.557549999999998,,
1,4,67272,2690.88,2.3200000000001637,10,21.737868582493753,180.44540511322504,292.089525396544,2.302585092994046,3980.2518378017708,0.5574582405884833,0.26460000000000233,,
1,4,67273,2690.92,2.3600000000001273,10,21.70818767053169,180.5890323636,290.656379575424,2.302585092994046,3974.549873089634,0.5566596460909852,-0.02624999999999711,,
1,4,67274,2690.96,2.400000000000091,10,21.6779460935155,180.74655972449997,289.186787108864,2.302585092994046,3969.056093827743,0.5558902092195719,-0.3171000000000024,0.5409984372459903,0.9336380853293431
1,4,67275,2691.0,2.4400000000000546,10,21.64760569294212,180.9110515779,287.7077806592,2.302585092994046,3963.705209704082,0.5551407856728406,-0.607949999999996,,
1,4,67276,2691.04,2.480000000000018,10,21.616381340872042,181.084016772225,286.18392550177606,2.302585092994046,3958.459387871065,0.5544060767326421,-0.8988000000000013,,
1,4,67277,2691.08,2.519999999999982,10,21.58605574098835,181.27470657240002,284.683095880656,2.302585092994046,3953.1246551542245,0.5536589152877064,-1.1864999999999974,,
1,4,67278,2691.12,2.5599999999999454,10,21.555464066958173,181.45921838152503,283.1788127604,2.302585092994046,3946.8915842694223,0.5527859361721881,-1.4689499999999944,,
1,4,67279,2691.16,2.599999999999909,10,21.52667412706396,181.65235062712497,281.74534834567993,2.302585092994046,3939.9595951775327,0.5518150693525956,-1.7461500000000036,0.5337776855143326,0.9214486663717218
1,4,67280,2691.2,2.6399999999998727,10,21.496941997413703,181.864778960025,280.253736280144,2.302585092994046,3933.3318036612754,0.5508868072354728,-2.0328000000000044,,
1,4,67281,2691.24,2.6799999999998363,10,21.466570719353033,182.058767451225,278.75489099776,2.302585092994046,3926.4785098408693,0.5499269621625867,-2.320500000000001,,
1,4,67282,2691.28,2.7200000000002547,10,21.435447458524862,182.25419204789995,277.22421569927997,2.302585092994046,3919.301952801551,0.5489218421290687,-2.5976999999999983,,
1,4,67283,2691.32,2.7600000000002183,10,21.404814641013456,182.45592136800002,275.710168448144,2.302585092994046,3912.214039623912,0.5479291372022286,-2.880149999999995,,
1,4,67284,2691.36,2.800000000000182,10,21.37326882224619,182.66716478902498,274.14945535897607,2.302585092994046,3904.728665983859,0.5468807655439578,-3.161549999999997,0.5264106007149081,0.9082048152855204
1,4,67285,2691.4,2.8400000000001455,10,21.341765790171184,182.876957750025,272.594009292496,2.302585092994046,3897.0299776707634,0.5458025178810593,-3.447150000000003,,
1,4,67286,2691.44,2.880000000000109,10,21.309689476111586,183.09903498652494,271.003830581776,2.302585092994046,3889.3146421505894,0.544721938676553,-3.731700000000002,,
1,4,67287,2691.48,2.9200000000000728,10,21.275493561423225,183.31786910902503,269.328757173136,2.302585092994046,3881.435834152709,0.543618464167046,-4.019399999999998,,
1,4,67288,2691.52,2.9600000000000364,10,21.241190207605154,183.549853234125,267.638308201536,2.302585092994046,3873.2318563151694,0.5424694476631889,-4.303949999999997,,
1,4,67289,2691.56,3.0,10,21.207100884837818,183.788707610025,265.95242032966394,2.302585092994046,3865.0721661360963,0.5413266339126185,-4.5927,0.5187671549781249,0.8935085990747368
1,4,67290,2691.6,3.0399999999999636,10,21.17260654331065,184.02283107022498,264.25643676761604,2.302585092994046,3856.425236141019,0.5401155792914593,-4.875149999999997,,
1,4,67291,2691.64,3.0799999999999272,10,21.138983285089562,184.25079842399998,262.605815903296,2.302585092994046,3847.632356762399,0.5388840835801679,-5.162850000000005,,
1,4,67292,2691.68,3.119999999999891,10,21.103479217503452,184.4956246896,260.86121039400007,2.302585092994046,3838.794868567158,0.5376463401354563,-5.449499999999994,,
1,4,67293,2691.72,3.1599999999998545,10,21.06618806771327,184.744211549625,259.04006815464,2.302585092994046,3830.0392084774026,0.5364200572097204,-5.740349999999999,,
1,4,67294,2691.76,3.200000000000273,10,21.031569958081135,184.985277187725,257.341657713936,2.302585092994046,3820.9740163152983,0.535150422453123,-6.029100000000003,0.5099478634370349,0.8778979593628657
1,4,67295,2691.8,3.2400000000002365,10,20.994583999844462,185.22601485412503,255.5465424724,2.302585092994046,3811.8465077340593,0.533872059906731,-6.321000000000003,,
1,4,67296,2691.84,3.2800000000002,10,20.956262992277512,185.49195318989996,253.67300541159997,2.302585092994046,3802.8980822225603,0.5326187790227676,-6.605550000000003,,
1,4,67297,2691.88,3.3200000000001637,10,20.918499970386623,185.756982338025,251.82665867304004,2.302585092994046,3793.8071611710848,0.531345540780264,-6.892200000000003,,
1,4,67298,2691.92,3.3600000000001273,10,20.87920117340134,186.0085177461,249.93252389326398,2.302585092994046,3785.1523237460415,0.5301333786759161,-7.178850000000004,,
1,4,67299,2691.96,3.400000000000091,10,20.839911004407,186.25981630410004,248.04207436750397,2.302585092994046,3776.1749878460932,0.5288760487179403,-7.467599999999996,0.5011713099675658,0.8616462379514871
1,4,67300,2692.0,3.4400000000000546,10,20.800199821298378,186.52220055472506,246.12611205121598,2.302585092994046,3767.27509572854,0.5276295652280868,-7.752149999999995,,
1,4,67301,2692.04,3.480000000000018,10,20.760353745847492,186.7856430069,244.206644645824,2.302585092994046,3757.9351704861497,0.5263214524490406,-8.038799999999997,,
1,4,67302,2692.08,3.519999999999982,10,20.72123233072466,187.07503683172501,242.294432472144,2.302585092994046,3748.8414610045115,0.5250478236700996,-8.3223,,
1,4,67303,2692.12,3.5599999999999454,10,20.682044240793147,187.34219057452498,240.40476340359996,2.302585092994046,3739.442464744146,0.5237314376392361,-8.60895,,
1,4,67304,2692.16,3.599999999999909,10,20.6438516907743,187.62810481012497,238.54050782055998,2.302585092994046,3729.6887995347265,0.5223653780860962,-8.888250000000001,0.4918969332004764,0.8433369203194445
1,4,67305,2692.2,3.6399999999998727,10,20.605366875213093,187.920498791025,236.660645271104,2.302585092994046,3720.813411398619,0.5211223265264172,-9.168599999999994,,
1,4,67306,2692.24,3.6799999999998363,10,20.56647780898917,188.19779918310002,234.782210284544,2.302585092994046,3711.0972544438127,0.5197615202302259,-9.443700000000002,,
1,4,67307,2692.28,3.7200000000002547,10,20.528728341443582,188.51334025072498,232.915347066064,2.302585092994046,3701.9281724265174,0.5184773350737419,-9.719850000000005,,
1,4,67308,2692.32,3.7600000000002183,10,20.492730169282375,188.83509458939997,231.116895201616,2.302585092994046,3692.299737909346,0.5171288148332417,-9.993900000000004,,
1,4,67309,2692.36,3.800000000000182,10,20.456190520268454,189.14708472502502,229.30864587649597,2.302585092994046,3683.2210100026778,0.5158572843141005,-10.270049999999994,0.4831430284991109,0.8244352919191114
1,4,67310,2692.4,3.8400000000001455,10,20.419458376864064,189.45360286649998,227.50067753798402,2.302585092994046,3673.7645602148505,0.5145328515707074,-10.54305,,
1,4,67311,2692.44,3.880000000000109,10,20.384227109879564,189.784961545725,225.731753321424,2.163955656882057,3665.2192904935528,0.5133360350831306,-10.8171,,
1,4,67312,2692.48,3.9200000000000728,10,20.34806849508889,190.12336730572503,223.920524175104,2.163955656882057,3656.831445856757,0.5121612669267165,-11.089049999999999,,
1,4,67313,2692.52,3.9600000000000364,10,20.312781034380816,190.461809580525,222.147263770176,2.163955656882057,3649.7369025638864,0.5111676334123091,-11.362050000000004,,
1,4,67314,2692.56,4.0,10,20.27845313160649,190.79798789362502,220.41767351713602,2.163955656882057,3642.493294566671,0.5101531224883292,-11.637149999999998,0.47469991417278234,0.8043712569096523
1,4,67315,2692.6,4.039999999999964,10,20.243636326228152,191.12758334459997,218.67722836398403,2.163955656882057,3634.764161515141,0.5090706108564623,-11.912250000000006,,
1,4,67316,2692.64,4.079999999999927,10,20.20928326819843,191.45921487052496,216.95591534375998,2.163955656882057,3627.7877317911916,0.5080935198587104,-12.189450000000003,,
1,4,67317,2692.68,4.119999999999891,10,20.174526798632208,191.79472974322502,215.21680180550402,2.163955656882057,3622.3754284331035,0.5073354941783059,-12.465600000000006,,
1,4,67318,2692.72,4.1599999999998545,10,20.140834763534905,192.14777660400006,213.505448368016,2.163955656882057,3616.411322751309,0.506500185259287,-12.744900000000005,,
1,4,67319,2692.76,4.200000000000273,10,20.108539471764626,192.5060102091,211.847349478416,2.163955656882057,3612.3982632381267,0.5059381321061801,-13.022100000000002,0.4650361857622984,0.7826240914412894
1,4,67320,2692.8,4.2400000000002365,10,20.07602609705925,192.8649466359,210.181877213904,2.163955656882057,3609.4566505605976,0.5055261415350977,-13.299299999999999,,
1,4,67321,2692.84,4.2800000000002,10,20.045155402331606,193.25201546699995,208.556239636624,2.163955656882057,3607.293332595175,0.5052231558256548,-13.574399999999995,,
1,4,67322,2692.88,4.320000000000164,10,20.013395903441676,193.61338427340002,206.92263131449604,2.163955656882057,3603.9094395458155,0.5047492212249042,-13.853699999999995,,
1,4,67323,2692.92,4.360000000000127,10,19.982530553665143,194.008996652625,205.292530675536,2.163955656882057,3599.393185718711,0.5041166926776907,-14.131949999999998,,
1,4,67324,2692.96,4.400000000000091,10,19.952377190000817,194.4094592270249,203.68789630504,2.302585092994046,3593.0922767987904,0.5032342124368053,-14.412300000000005,0.4546885448675278,0.7590155611719375
1,4,67325,2693.0,4.440000000000055,10,19.922297454782193,194.81199966112507,202.085936215696,2.302585092994046,3587.354353974346,0.502430581789124,-14.69265,,
1,4,67326,2693.04,4.480000000000018,10,19.89247298207714,195.242417866125,200.468063476544,2.302585092994046,3579.1584685023254,0.5012826986697935,-14.977199999999998,,
1,4,67327,2693.08,4.519999999999982,10,19.86296578348714,195.66251728852498,198.87489242745602,2.302585092994046,3570.9782142575195,0.500137004797972,-15.264899999999995,,
1,4,67328,2693.12,4.559999999999945,10,19.835425387681532,196.108725101625,197.335375208656,2.302585092994046,3562.5810187077786,0.498960926989885,-15.550500000000001,,
1,4,67329,2693.16,4.599999999999909,10,19.809260334704298,196.553899784025,195.85289522406399,2.302585092994046,3553.00332150778,0.4976195128162157,-15.836099999999995,0.445042186154799,0.7350665211873953
1,4,67330,2693.2,4.639999999999873,10,19.78272798879884,197.001699430725,194.35462724808,2.302585092994046,3542.6834646455472,0.4961741547122615,-16.122749999999996,,
1,4,67331,2693.24,4.679999999999836,10,19.75706157409803,197.459915982525,192.881566060176,2.302585092994046,3531.4000797262834,0.4945938487011602,-16.407299999999996,,
1,4,67332,2693.28,4.720000000000255,10,19.733490211269775,197.93660252939998,191.47403338888003,2.302585092994046,3519.1531097223838,0.49287858679585206,-16.689750000000004,,
1,4,67333,2693.32,4.760000000000218,10,19.708011479105142,198.3860293779,190.01968708264002,2.302585092994046,3505.6217797623367,0.4909834425437446,-16.971150000000005,,
1,4,67334,2693.36,4.800000000000182,10,19.68330248165538,198.84251827912496,188.58987830521596,2.302585092994046,3491.665331239189,0.48902875787663713,-17.253600000000002,0.4338163106584154,0.7102180170426393
1,4,67335,2693.4,4.8400000000001455,10,19.660276985062772,199.32897100252495,187.197520126864,2.302585092994046,3478.0418152891707,0.4871207024214525,-17.535000000000004,,
1,4,67336,2693.44,4.880000000000109,10,19.638178399276647,199.81885650299995,185.839194338816,2.302585092994046,3464.1389801108335,0.48517352662616714,-17.81535,,
1,4,67337,2693.48,4.920000000000073,10,19.61641089210919,200.30360110110004,184.49997518696,2.302585092994046,3449.898202728496,0.4831790199899854,-18.095700000000004,,
1,4,67338,2693.52,4.960000000000036,10,19.595370724593703,200.78051592059998,183.19803791366402,2.302585092994046,3435.303845460733,0.4811349923614472,-18.377099999999995,,
1,4,67339,2693.56,5.0,10,19.571748970560503,201.28616091990003,181.767196846736,2.302585092994046,3420.843142411467,0.47910968381112984,-18.65535,0.4225962210886254,0.6847860592836881
1,4,67340,2693.6,5.039999999999964,10,19.550441405448243,201.78946025122505,180.43029889664004,2.302585092994046,3406.1313471228686,0.47704920828051384,-18.930449999999993,,
1,4,67341,2693.64,5.079999999999927,10,19.529961883904665,202.27582018822505,179.14359099854397,2.302585092994046,3391.139685387123,0.4749495357685046,-19.205550000000002,,
1,4,67342,2693.68,5.119999999999891,10,19.510333383369463,202.777126188525,177.87598254169603,2.302585092994046,3376.4505351562143,0.47289223181459583,-19.481700000000004,,
1,4,67343,2693.72,5.1599999999998545,10,19.491606407206152,203.30557563960002,176.61714469384,2.302585092994046,3361.942120623108,0.47086024098362866,-19.754699999999996,,
1,4,67344,2693.76,5.200000000000273,10,19.47375101300425,203.84220088889998,175.38477762758401,2.302585092994046,3347.7312401971376,0.46886992159623775,-20.02875,0.41202824471346744,0.6595063784707
1,4,67345,2693.8,5.2400000000002365,10,19.45651610844771,204.36433264012504,174.19168643816002,2.302585092994046,3333.105086636669,0.4668214407054158,-20.300699999999996,,
1,4,67346,2693.84,5.2800000000002,10,19.43999424131049,204.903629379225,173.00974672296002,2.302585092994046,3318.8455237292815,0.46482430304331673,-20.569499999999998,,
1,4,67347,2693.88,5.320000000000164,10,19.42387277760491,205.44405102112506,171.84278265945596,2.302585092994046,3304.3924652255982,0.4628000651576468,-20.838299999999997,,
1,4,67348,2693.92,5.360000000000127,10,19.40872405999583,206.009516038725,170.689053598336,2.302585092994046,3289.908202616659,0.4607714569491119,-21.10185,,
1,4,67349,2693.96,5.400000000000091,10,19.394015436697707,206.582335701525,169.545499057344,2.302585092994046,3275.9659960848157,0.4588187669586578,-21.364350000000005,0.4015157553958831,0.6334096833373901
1,4,67350,2694.0,5.440000000000055,10,19.38076556372965,207.156125961225,168.45794787502402,2.302585092994046,3261.5985010461195,0.45680651275155737,-21.626849999999997,,
1,4,67351,2694.04,5.480000000000018,10,19.36791380346949,207.74314784160006,167.37293725702398,2.302585092994046,3247.4396414036864,0.4548234791881914,-21.888299999999997,,
1,4,67352,2694.08,5.519999999999982,10,19.355713186758166,208.32659256149995,166.31704040654398,2.163955656882057,3233.3971276053967,0.4528567405609799,-22.1466,,
1,4,67353,2694.12,5.559999999999945,10,19.342581318840562,208.91511830699997,165.22033376896,2.163955656882057,3219.54551630403,0.4509167389781555,-22.403849999999995,,
1,4,67354,2694.16,5.599999999999909,10,19.330752667925506,209.535845442525,164.14215326598398,2.163955656882057,3205.6594719063414,0.44897191483282095,-22.660049999999995,0.3900074269892577,0.6083420882242591
1,4,67355,2694.2,5.639999999999873,10,19.319455926921542,210.14552047859996,163.09585683366396,2.163955656882057,3191.68465075156,0.44701465696800563,-22.913099999999996,,
1,4,67356,2694.24,5.679999999999836,10,19.30925583582726,210.765780418725,162.081580514704,2.163955656882057,3177.1853067216757,0.44498393651564083,-23.165100000000002,,
1,4,67357,2694.28,5.720000000000255,10,19.29946938481118,211.3883841636,161.08113437166398,2.163955656882057,3162.9412396787757,0.44298896914268565,-23.410800000000005,,
1,4,67358,2694.32,5.760000000000218,10,19.289629206508973,212.02151106149995,160.068283863104,2.163955656882057,3148.866248933954,0.441017681923523,-23.656499999999994,,
1,4,67359,2694.36,5.800000000000182,10,19.279386904069746,212.64682176360003,159.047937633216,2.163955656882057,3134.8969976080075,0.4390612041467798,-23.903250000000003,0.37756218263090163,0.5827663166058636
1,4,67360,2694.4,5.8400000000001455,10,19.26994821658844,213.29371319759997,158.0371910724,2.163955656882057,3121.089331204201,0.43712735731151275,-24.145800000000005,,
1,4,67361,2694.44,5.880000000000109,10,19.260190258648535,213.9297517539,157.02517704544,2.163955656882057,3107.1810841868114,0.4351794235555758,-24.389400000000006,,
1,4,67362,2694.48,5.920000000000073,10,19.25176670789517,214.56597920152498,156.064542173696,2.163955656882057,3093.2342872731692,0.4332260906545055,-24.631949999999996,,
1,4,67363,2694.52,5.960000000000036,10,19.242620304946232,215.191212993225,155.08722320710405,2.163955656882057,3079.4485713273057,0.43129531811306804,-24.870299999999997,,
1,4,67364,2694.56,6.0,10,19.233316338438776,215.8292466666,154.091210707856,2.163955656882057,3065.575299484616,0.42935228284098254,-25.108649999999994,0.36709137343392,0.5589794050120718
1,4,67365,2694.6,6.039999999999964,10,19.224687937846582,216.46163440439994,153.12699190318398,2.163955656882057,3051.6858554591563,0.42740698255730475,-25.344900000000003,,
1,4,67366,2694.64,6.079999999999927,10,19.215573517132402,217.09580298840007,152.14246260392,2.163955656882057,3037.6276659602345,0.42543804845381433,-25.57905,,
1,4,67367,2694.68,6.119999999999891,10,19.2079718739641,217.7304212601,151.215762250896,2.302585092994046,3023.39282045389,0.42344437261258977,-25.810049999999997,,
1,4,67368,2694.72,6.1599999999998545,10,19.19948980547285,218.35032371459997,150.270085075856,2.302585092994046,3008.69693742282,0.4213861256894706,-26.041049999999995,,
1,4,67369,2694.76,6.200000000000273,10,19.190471755789876,218.96317948522497,149.311026724544,2.302585092994046,2993.456103962343,0.4192515551767987,-26.26995,0.3576325467069005,0.5402013500267229
1,4,67370,2694.8,6.2400000000002365,10,19.183478938548035,219.5885500641,148.41731412161602,2.302585092994046,2977.239114926845,0.4169802681970372,-26.494650000000007,,
1,4,67371,2694.84,6.2800000000002,10,19.17666946704573,220.19664849210002,147.548003356224,2.302585092994046,2959.6909732913055,0.41452254527889426,-26.718300000000003,,
1,4,67372,2694.88,6.320000000000164,10,19.170265141239856,220.80821397389997,146.69085161153598,2.302585092994046,2941.5164355657744,0.41197709181593484,-26.939849999999996,,
1,4,67373,2694.92,6.360000000000127,10,19.162711626937245,221.41384218449994,145.79567471265602,2.302585092994046,2923.540836746101,0.4094595009448321,-27.160349999999994,,
1,4,67374,2694.96,6.400000000000091,10,19.154099642817698,221.981143801725,144.898389325264,2.302585092994046,2905.71759793911,0.40696324901107983,-27.375599999999995,0.34900231726008885,0.5238634266299408
1,4,67375,2695.0,6.440000000000055,10,19.145958786311958,222.58048051890006,143.98725732825605,2.163955656882057,2888.3392619032056,0.40452930838980466,-27.5898,,
1,4,67376,2695.04,6.480000000000018,10,19.13627845968636,223.14928086360004,143.04787242305602,2.163955656882057,2870.4539139859826,0.402024357701118,-27.802949999999996,,
1,4,67377,2695.08,6.519999999999982,10,19.126264388200877,223.716011033025,142.09797841433598,2.163955656882057,2852.8041057797996,0.3995523957674789,-28.0098,,
1,4,67378,2695.12,6.559999999999945,10,19.1178734698372,224.30399245222497,141.18909355648003,2.163955656882057,2834.9537240235645,0.39705234230021913,-28.217699999999997,,
1,4,67379,2695.16,6.599999999999909,10,19.110086514973084,224.8860007359,140.30940587385604,2.163955656882057,2817.112857505464,0.39455362149936474,-28.421400000000002,0.34159014301349133,0.512061733839747
1,4,67380,2695.2,6.639999999999873,10,19.100481917976836,225.42907481640003,139.39933468255998,2.302585092994046,2799.0029454270248,0.39201721924748245,-28.62195,,
1,4,67381,2695.24,6.679999999999836,10,19.090414998384926,225.97384211640002,138.47010269416003,2.302585092994046,2780.6363980424085,0.3894448736754073,-28.821450000000002,,
1,4,67382,2695.28,6.720000000000255,10,19.087335553570593,226.61055041940003,137.71582811519997,2.302585092994046,2763.316500302436,0.38701911768941677,-29.01675,,
1,4,67383,2695.32,6.760000000000218,10,19.078027952798372,227.1591458199,136.81200474785604,2.302585092994046,2745.0953011253896,0.38446712900915814,-29.207850000000004,,
1,4,67384,2695.36,6.800000000000182,10,19.068767674477055,227.68196226772503,135.93593835545602,2.302585092994046,2726.743256409267,0.3818968146231466,-29.396850000000004,0.33716119640249687,0.508223287838947
1,4,67385,2695.4,6.8400000000001455,10,19.05955804036442,228.20458174289996,135.06217095111998,2.302585092994046,2708.8801806113847,0.3793949832789054,-29.585849999999997,,
1,4,67386,2695.44,6.880000000000109,10,19.050145591329215,228.7234754406,134.18457161024,2.302585092994046,2690.9414788785803,0.37688256006702814,-29.768550000000005,,
1,4,67387,2695.48,6.920000000000073,10,19.041338380593654,229.234022077725,133.338545246544,2.302585092994046,2673.679222697322,0.3744648771284765,-29.94915,,
1,4,67388,2695.52,6.960000000000036,10,19.031984980716647,229.72375031759998,132.492701988624,2.302585092994046,2656.9852642194014,0.37212678770579855,-30.127650000000003,,
1,4,67389,2695.56,7.0,10,19.022466965305657,230.199767316225,131.65448212992,2.302585092994046,2641.1505150587323,0.36990903572251144,-30.302999999999997,0.3338489475200725,0.5081986051339973
1,4,67390,2695.6,7.039999999999964,10,19.013628603998765,230.71115302200005,130.80691966880002,2.302585092994046,2626.021915321284,0.36779018421866727,-30.473100000000002,,
1,4,67391,2695.64,7.079999999999927,10,19.004347408657843,231.20082019440005,129.96440023456,2.302585092994046,2611.098380726721,0.3657000533230701,-30.641099999999998,,
1,4,67392,2695.68,7.119999999999891,10,18.999742175198485,231.76053033840003,129.22967238561603,2.302585092994046,2596.988429032514,0.3637238696123969,-31.02225,,
1,4,67393,2695.72,7.1599999999998545,10,18.99447706445379,232.26849192172503,128.52166703033595,2.302585092994046,2583.6040719135804,0.36184930979181795,-31.37505,,
1,4,67394,2695.76,7.200000000000273,10,18.989376464308908,232.79094925222503,127.80546925102401,2.302585092994046,2570.7329870074773,0.3600466368357812,-31.727850000000004,0.3325752682875687,0.5137534451696548
1,4,67395,2695.8,7.2400000000002365,10,18.98238823134921,233.28250143502495,127.04856153063994,2.302585092994046,2558.9026549320706,0.35838972758152243,-32.08065,,
1,4,67396,2695.84,7.2800000000002,10,18.975232301616863,233.7899437629,126.269497137424,2.302585092994046,2548.0615596711996,0.3568713669007282,-32.43345,,
1,4,67397,2695.88,7.320000000000164,10,18.966076866869017,234.2547388440001,125.45733287598402,2.302585092994046,2537.7794561396304,0.3554312963780995,-32.78625,,
1,4,67398,2695.92,7.360000000000127,10,18.958799899882482,234.72293310900005,124.71316053478401,2.302585092994046,2528.222364328754,0.35409276811327084,-33.13905,,
1,4,67399,2695.96,7.400000000000091,10,18.950940582402765,235.15934644440003,123.97880251335998,2.302585092994046,2519.639197384925,0.35289064389144603,-33.49185,0.33477757517751455,0.5257496225492033
1,4,67400,2696.0,7.440000000000055,10,18.942327557235433,235.62144989302496,123.190323392576,2.302585092994046,2511.864220398306,0.351801711540379,-33.84465,,
1,4,67401,2696.04,7.480000000000018,10,18.931042519136366,236.051413471125,122.33295739022398,2.302585092994046,2504.5396549148827,0.3507758620328968,-34.19745,,
1,4,67402,2696.08,7.519999999999982,10,18.920108713993795,236.45854638,121.51196736934396,2.302585092994046,2497.5456429308983,0.34979630853373933,-34.55025,,
1,4,67403,2696.12,7.559999999999945,10,18.908232913858157,236.84996215912497,120.67130976558401,2.302585092994046,2491.0784394151874,0.34889053773321954,-34.90305,,
1,4,67404,2696.16,7.599999999999909,10,18.89695138043142,237.26394667552495,119.83082479886403,2.302585092994046,2485.1766046854045,0.348063950236051,-35.25585,0.33631140179873564,0.536426787870676
1,4,67405,2696.2,7.639999999999873,10,18.885272285615184,237.64914848902495,119.00436081280002,2.302585092994046,2479.7022216707833,0.34729722992588,-35.6097,,
1,4,67406,2696.24,7.679999999999836,10,18.87234891669845,238.01025613522506,118.15529749838399,2.302585092994046,2474.586431871852,0.3465807327551613,-35.962500000000006,,
1,4,67407,2696.28,7.720000000000255,10,18.859439554165576,238.371476942025,117.3069833552,2.302585092994046,2470.1625313656946,0.34596113884673596,-36.31529999999999,,
1,4,67408,2696.32,7.760000000000218,10,18.8466827944178,238.74708108509998,116.450371268304,2.302585092994046,2465.327784291018,0.34528400340210336,-36.668099999999995,,
1,4,67409,2696.36,7.800000000000182,10,18.832878106508733,239.09966124660005,115.577636528016,2.302585092994046,2461.708065682144,0.3447770400115048,-37.0209,0.33783624938788326,0.5485281925991484
1,4,67410,2696.4,7.8400000000001455,10,18.817686675056024,239.41126105312497,114.694070747456,2.302585092994046,2458.4367118251075,0.344318867202396,-37.37370000000001,,
1,4,67411,2696.44,7.880000000000109,10,18.801734134836497,239.7119921721,113.79321430497598,2.302585092994046,2455.4697671843346,0.3439033287373018,-37.726499999999994,,
1,4,67412,2696.48,7.920000000000073,10,18.787285204196905,240.02080586189996,112.941279481936,2.302585092994046,2453.371362655966,0.3436094345456534,-38.079299999999996,,
1,4,67413,2696.52,7.960000000000036,10,18.773424807210354,240.33796390012503,112.103515091856,2.302585092994046,2451.763629286994,0.343384261804901,-38.4321,,
1,4,67414,2696.56,8.0,10,18.76049666926654,240.673682162025,111.28255311553599,2.163955656882057,2450.2053854595097,0.3431660203724804,-38.78490000000001,0.3405198558329786,0.5641985399749626
1,4,67415,2696.6,8.039999999999964,10,18.746578289143034,241.003071765225,110.43112578574399,2.163955656882057,2449.332628136282,0.3430437854532608,-39.137699999999995,,
1,4,67416,2696.64,8.079999999999927,10,18.731634155537524,241.27936473689996,109.59475339999999,2.163955656882057,2448.5341026113488,0.3429319471444466,-39.4905,,
1,4,67417,2696.68,8.11999999999989,10,18.71658675254174,241.55096191852505,108.75965774689598,2.163955656882057,2448.579626871846,0.34293832309129496,-39.8433,,
1,4,67418,2696.72,8.159999999999854,10,18.700401548900388,241.7983808121,107.90663727801598,2.163955656882057,2449.161316571245,0.34301979223686907,-40.19610000000001,,
1,4,67419,2696.76,8.200000000000273,10,18.6845496590065,242.05679415539998,107.05560180447999,2.163955656882057,2450.031592759603,0.34314167965820774,-40.548899999999996,0.3424874828329672,0.5775300754551748
1,4,67420,2696.8,8.240000000000236,10,18.667895619441307,242.28832863689996,106.20199822145601,2.163955656882057,2450.0689680067435,0.3431469142866588,-40.9017,,
1,4,67421,2696.84,8.2800000000002,10,18.651451683148448,242.50163205712502,105.375017831696,2.163955656882057,2450.838126990701,0.34325463963455183,-41.2545,,
1,4,67422,2696.88,8.320000000000164,10,18.63319311477775,242.69005499602494,104.50583065657602,2.163955656882057,2451.281762328162,0.34331677343531675,-41.607299999999995,,
1,4,67423,2696.92,8.360000000000127,10,18.61438400063846,242.847557087625,103.64773463560002,2.163955656882057,2452.0548654034806,0.34342505117695804,-41.9601,,
1,4,67424,2696.96,8.400000000000091,10,18.595454429264723,243.01403639572504,102.77688903513604,2.163955656882057,2452.7429934922257,0.3435214276599756,-42.3129,0.34401316121400344,0.5897971216640376
1,4,67425,2697.0,8.440000000000055,10,18.5763541380961,243.15850882260003,101.92242424136,2.163955656882057,2454.5397251634213,0.3437730707511794,-42.6657,,
1,4,67426,2697.04,8.480000000000018,10,18.55899526288266,243.34089368872506,101.09541147897602,2.163955656882057,2456.3277895549313,0.34402349993766546,-43.018499999999996,,
1,4,67427,2697.08,8.519999999999982,10,18.53354183482545,243.39097475122503,100.10119819200001,2.163955656882057,2457.6561370592103,0.34420954300549167,-43.3713,,
1,4,67428,2697.12,8.559999999999945,10,18.515949906037253,243.55969156102498,99.280709361856,2.163955656882057,2459.784973363353,0.34450769935060965,-43.7241,,
1,4,67429,2697.16,8.599999999999909,10,18.498155829150644,243.71844736050002,98.46332171904001,2.163955656882057,2462.7950887919724,0.34492928414453405,-44.028600000000004,0.345519935809421,0.6005214612826386
1,4,67430,2697.2,8.639999999999873,10,18.481118376607757,243.87749940172498,97.674237048464,2.163955656882057,2465.6602592038894,0.3453305685159509,-44.2113,,
1,4,67431,2697.24,8.679999999999836,10,18.46343973940024,244.00035392040007,96.898253090064,2.163955656882057,2469.1441251397014,0.3458185049215267,-44.39085,,
1,4,67432,2697.28,8.720000000000255,10,18.44653744268989,244.17016185240004,96.10458177216,2.302585092994046,2473.530392510162,0.34643282808265585,-44.59035,,
1,4,67433,2697.32,8.760000000000218,10,18.429850646998744,244.3351144626,95.32428040808,2.302585092994046,2478.346300643076,0.3471073250200386,-44.7825,,
1,4,67434,2697.36,8.800000000000182,10,18.41327907731388,244.49181919312505,94.55702718592002,2.302585092994046,2483.6858939628332,0.3478551672216853,-44.9757,0.34472505883113563,0.606122880889094
1,4,67435,2697.4,8.840000000000146,10,18.396110654311713,244.60689686422498,93.809990341456,2.302585092994046,2489.171438341019,0.34862345074804185,-45.16785000000001,,
1,4,67436,2697.44,8.88000000000011,10,18.378801432671715,244.73716745939996,93.04317464217598,2.302585092994046,2494.588559965221,0.34938215125563327,-45.356849999999994,,
1,4,67437,2697.48,8.920000000000073,10,18.356994298857753,244.73738584260005,92.24185384569603,2.302585092994046,2499.701941414423,0.3500983111224682,-45.5427,,
1,4,67438,2697.52,8.960000000000036,10,18.336814485985972,244.779101102025,91.45966439144,2.302585092994046,2504.413420196349,0.350758182100329,-45.7254,,
1,4,67439,2697.56,9.0,10,18.315251904356682,244.78866074722504,90.65979157281599,2.302585092994046,2508.6846294681495,0.3513563906818137,-45.90495,0.33863176788474186,0.5972418662969963
1,4,67440,2697.6,9.039999999999964,10,18.294585281574136,244.80255731872504,89.88929330606399,2.302585092994046,2512.3732720153353,0.35187300728506093,-46.079249999999995,,
1,4,67441,2697.64,9.079999999999927,10,18.27390229824284,244.78929071572506,89.14621449000002,2.302585092994046,2515.2042536812946,0.3522695033167079,-46.2504,,
1,4,67442,2697.68,9.11999999999989,10,18.25599814426327,244.85257195559998,88.428896287744,2.302585092994046,2516.910207465997,0.35250843241820684,-46.41735,,
1,4,67443,2697.72,9.159999999999854,10,18.23631677458584,244.90395534622493,87.65929415681599,2.302585092994046,2516.5224822549076,0.3524541291673541,-46.58325,,
1,4,67444,2697.76,9.200000000000273,10,18.215079823027953,244.94941731959997,86.83971563968002,2.302585092994046,2513.481255569473,0.352028187054548,-46.748099999999994,0.3306284969442212,0.5821263283151293
1,4,67445,2697.8,9.240000000000236,10,18.19439043914844,244.96481739240008,86.07102605977599,2.302585092994046,2506.4809569555327,0.3510477530750046,-46.9182,,
1,4,67446,2697.84,9.2800000000002,10,18.175304726088527,245.00857605839997,85.33312582777599,2.302585092994046,2491.4626876626144,0.34894435401437174,-47.08305,,
1,4,67447,2697.88,9.320000000000164,10,18.1562331437427,245.05397318272495,84.59482878721602,2.302585092994046,2460.1037135367633,0.3445523408314794,-47.253150000000005,,
1,4,67448,2697.92,9.360000000000127,10,18.138705220810444,245.122749018,83.88987806945603,2.302585092994046,2423.5369710905047,0.33943094833200343,-47.418,,
1,4,67449,2697.96,9.400000000000091,10,18.121083675048908,245.1675528099,83.20612074822397,2.302585092994046,2381.2526272395858,0.33350877132207085,-47.5818,0.3232543063460679,0.5678279841591924
1,4,67450,2698.0,9.440000000000055,10,18.103487697047466,245.220949453725,82.515317343424,2.302585092994046,2334.4301972597755,0.3269510080195764,-47.7456,,
1,4,67451,2698.04,9.480000000000018,10,18.08722518020332,245.29882643752498,81.848888281856,2.302585092994046,2298.3082029796665,0.321891905179225,-47.8947,,
1,4,67452,2698.08,9.519999999999982,10,18.07010606224338,245.35673238352496,81.1720007172,2.302585092994046,2285.3347565540685,0.32007489587592,-48.0375,,
1,4,67453,2698.12,9.559999999999945,10,18.053180784653325,245.38701826800002,80.53031817537597,2.302585092994046,2281.859264440948,0.31958813227464256,-48.16665,,
1,4,67454,2698.16,9.599999999999909,10,18.0369971628915,245.42585621189997,79.90741044225601,2.302585092994046,2279.595484404819,0.31927107624717355,-48.2937,0.3164190129794731,0.557117479209436
1,4,67455,2698.2,9.639999999999873,10,18.021951292330137,245.46959022599995,79.32113815712,2.302585092994046,2277.690497769916,0.3190042713963468,-48.4092,,
1,4,67456,2698.24,9.679999999999836,10,18.008058216098036,245.51566793459997,78.77449277977603,2.302585092994046,2275.776692799737,0.318736231484557,-48.5247,,
1,4,67457,2698.28,9.720000000000255,10,17.99192645276308,245.52710019809996,78.18231728353601,2.302585092994046,2273.279902426767,0.3183865409561298,-48.62655,,
1,4,67458,2698.32,9.760000000000218,10,17.976237094213154,245.54269679152495,77.60240327583999,2.302585092994046,2270.650367707539,0.31801825878256845,-48.72735,,
1,4,67459,2698.36,9.800000000000182,10,17.95996463672287,245.5388737956,77.021455956736,2.163955656882057,2267.6476093456404,0.3175977043901457,-48.82605,0.3102995924918378,0.5469268792217081
1,4,67460,2698.4,9.840000000000146,10,17.943737819901653,245.53905964402497,76.438667305344,2.163955656882057,2264.3972112045158,0.3171424665552543,-48.9321,,
1,4,67461,2698.44,9.88000000000011,10,17.928660151891325,245.57545068839994,75.86140415361601,2.163955656882057,2260.4408636706853,0.31658835625639853,-48.9552,,
1,4,67462,2698.48,9.920000000000073,10,17.91393590494004,245.61879371189997,75.2903058944,2.163955656882057,2255.3980546976823,0.3158820804898715,-48.979350000000004,,
1,4,67463,2698.52,9.960000000000036,10,17.9005316005922,245.67707569859994,74.75195588519998,2.163955656882057,2249.215874886072,0.31501622897564036,-49.00245,,
1,4,67464,2698.56,10.0,10,17.88761599400647,245.7379005795,74.228905369536,2.0253262207700677,2242.6350413118125,0.3140945436010942,-49.02555,0.32669998606959394,0.6077333514831809
1,4,67465,2698.6,10.039999999999964,10,17.875693360344407,245.78280894352503,73.757604169536,2.0253262207700677,2236.2901157624924,0.3132058985661754,-49.0497,,
1,4,67466,2698.64,10.079999999999927,10,17.864593645446543,245.82818197822502,73.315524138704,2.0253262207700677,2229.436198535986,0.31224596618151057,-49.0728,,
1,4,67467,2698.68,10.11999999999989,10,17.856015306829825,245.90764025572503,72.92964238201598,2.0253262207700677,2222.8299168581007,0.31132071664679284,-49.09694999999999,,
1,4,67468,2698.72,10.159999999999854,10,17.848055492080505,245.97605827462502,72.57702657376,2.0253262207700677,2216.3403247307706,0.31041181018638236,-49.12004999999999,,
1,4,67469,2698.76,10.200000000000273,10,17.83966538424813,246.02307068272498,72.23059033921601,2.0253262207700677,2210.5245348566655,0.30959727378944885,-49.1442,0.298497649568508,0.534519080888291
1,4,67470,2698.8,10.240000000000236,10,17.831973762574602,246.108412914525,71.870875354624,2.0253262207700677,2204.8729481160344,0.30880573503025693,-49.167300000000004,,
1,4,67471,2698.84,10.2800000000002,10,17.822853111771302,246.13744962239997,71.51664342137597,2.0253262207700677,2200.0888365678597,0.3081356913960588,-49.190400000000004,,
1,4,67472,2698.88,10.320000000000164,10,17.81273732895492,246.156743637,71.13686751334401,2.0253262207700677,2195.936081177017,0.3075540729939801,-49.214549999999996,,
1,4,67473,2698.92,10.360000000000127,10,17.801189765305125,246.13720447049997,70.745152589904,2.0253262207700677,2192.0604026581354,0.3070112608764896,-49.237649999999995,,
1,4,67474,2698.96,10.400000000000091,10,17.79064779770037,246.13786995052496,70.36927911129601,2.0253262207700677,2188.543860822671,0.3065187480143798,-49.2618,0.29410411258383823,0.5309496370624143
1,4,67475,2699.0,10.440000000000055,10,17.779914259685167,246.1400811135,69.98526996825599,2.0253262207700677,2185.196628482915,0.3060499479667947,-49.2849,,
1,4,67476,2699.04,10.480000000000018,10,17.77520964065237,246.23819700952495,69.71988075961599,2.0253262207700677,2181.6570276647985,0.305554205555294,-49.308,,
1,4,67477,2699.08,10.519999999999982,10,17.764896575503304,246.201394016025,69.39015632230401,2.0253262207700677,2178.4251706926643,0.30510156452278203,-49.33215,,
1,4,67478,2699.12,10.559999999999945,10,17.7553390061633,246.1634281386,69.08863508518401,2.0253262207700677,2175.6110333822917,0.3047074276445786,-49.35525,,
1,4,67479,2699.16,10.599999999999909,10,17.745391264097165,246.115238481,68.783672634896,2.163955656882057,2172.529707532457,0.3042758694023049,-49.379400000000004,0.29270165774582396,0.5362690655448711
1,4,67480,2699.2,10.639999999999873,10,17.736350996255258,246.07964983612493,68.49849682624,2.0253262207700677,2170.097167009796,0.30393517745235243,-49.4025,,
1,4,67481,2699.24,10.679999999999836,10,17.727745328882182,246.0230825346,68.249871911104,2.0253262207700677,2167.492634528193,0.3035703969927441,-49.4256,,
1,4,67482,2699.28,10.720000000000255,10,17.72043026144456,245.99111612040005,68.02253253031999,2.0253262207700677,2165.152828636465,0.30324269308633955,-49.449749999999995,,
1,4,67483,2699.32,10.760000000000218,10,17.71282015734731,245.95116541222507,67.79283251430402,2.0253262207700677,2162.715969325033,0.3029013962640102,-49.47285,,
1,4,67484,2699.36,10.800000000000182,10,17.70603089939078,245.905087659525,67.59844255065602,2.0253262207700677,2160.6309933963207,0.30260938282861644,-49.49700000000001,0.29216494259499226,0.5414814291319372
1,4,67485,2699.4,10.840000000000146,10,17.699664497744614,245.87109780502502,67.40702552769602,1.973001406393613,2158.908775932737,0.30236817590094356,-49.520100000000006,,
1,4,67486,2699.44,10.88000000000011,10,17.692611443846864,245.80614445852507,67.222355244416,1.973001406393613,2157.179893722968,0.3021260355354296,-49.54425,,
1,4,67487,2699.48,10.920000000000073,10,17.682680340594437,245.65016540452498,67.02701862312001,1.973001406393613,2155.143755221392,0.3018408620758252,-49.56735,,
1,4,67488,2699.52,10.960000000000036,10,17.67333058507561,245.46178391962502,66.88483004974401,1.973001406393613,2153.478748675065,0.30160766788166177,-49.59045,,
1,4,67489,2699.56,11.0,10,17.66499781176618,245.25346997339997,66.798677716304,1.973001406393613,2152.209941661894,0.3014299638181924,-49.6146,0.291269786967067,0.5443453823875606
1,4,67490,2699.6,11.039999999999964,10,17.6557021426813,244.99762418722497,66.72619396385599,1.973001406393613,2151.0725397040383,0.301270663824095,-49.6377,,
1,4,67491,2699.64,11.079999999999927,10,17.645607538755954,244.705885929225,66.661579482576,1.973001406393613,2150.3515528704406,0.3011696852759721,-49.66185,,
1,4,67492,2699.68,11.11999999999989,10,17.634826486527732,244.3679276409,66.61917756903999,1.973001406393613,2149.7506061672116,0.30108551907103803,-49.68495,,
1,4,67493,2699.72,11.159999999999854,10,17.623286285342726,243.994508167725,66.585711327424,1.973001406393613,2149.255940462704,0.3010162381600425,-49.70805,,
1,4,67494,2699.76,11.200000000000273,10,17.612864984119675,243.65884137052495,66.554171578304,1.973001406393613,2148.641192084083,0.3009301389473505,-49.73219999999999,0.2914749784582916,0.5489768680738524
1,4,67495,2699.8,11.240000000000236,10,17.60249425749206,243.30513048502507,66.542673600016,1.973001406393613,2148.546579066102,0.300916887824384,-49.75529999999999,,
1,4,67496,2699.84,11.2800000000002,10,17.59274989405738,242.94245498459995,66.56239385025602,1.973001406393613,2148.3674671047856,0.30089180211551614,-49.779450000000004,,
1,4,67497,2699.88,11.320000000000164,10,17.583940918386556,242.579758999725,66.615219221584,1.973001406393613,2148.2396153677983,0.3008738957097757,-49.802550000000004,,
1,4,67498,2699.92,11.360000000000127,10,17.576035436041455,242.21058374362497,66.70643790535999,1.973001406393613,2148.3362412053875,0.3008874287402503,-49.826699999999995,,
1,4,67499,2699.96,11.400000000000091,10,17.567715010493004,241.83753677212513,66.78707391777598,1.973001406393613,2148.7398460755735,0.30094395603299356,-49.849799999999995,0.2949955458138135,0.5635126576522502
1,4,67500,2700.0,11.440000000000055,10,17.56069612544187,241.48570362052504,66.89234478958403,1.973001406393613,2149.487519657831,0.30104867222098475,-49.872899999999994,,
1,4,67501,2700.04,11.480000000000018,10,17.55369910072122,241.12735363552503,67.004998483136,1.973001406393613,2150.1665512729196,0.30114377468808395,-49.89705,,
1,4,67502,2700.08,11.519999999999982,10,17.545988041691153,240.765547313025,67.09614904614399,1.973001406393613,2150.771895226826,0.3012285567544574,-49.92015,0.2954935313641622,0.5674730165008657
2,1,16217,648.68,-2.0,10,16.799949160967124,173.7831286674,108.45516314367998,2.302585092994046,5908.751213246121,0.8275561923313894,24.93855,0.8164865249555178,0.9989621153981292
2,1,16218,648.72,-1.9599999999999227,10,16.832336449807823,175.16993467522502,108.157615684304,2.302585092994046,5913.223760217057,0.828182599470176,24.683399999999995,,
2,1,16219,648.76,-1.919999999999959,10,16.865275502011848,176.57344310602497,107.86407465273601,2.302585092994046,5920.122414248724,0.829148797513827,24.427199999999996,,
2,1,16220,648.8,-1.8799999999999955,10,16.89748055798899,177.94039606559997,107.58445314201599,2.302585092994046,5928.637482555177,0.8303413841113693,24.172050000000002,,
2,1,16221,648.84,-1.8399999999999181,10,16.93064565433643,179.28941485612503,107.357347416576,2.302585092994046,5936.307368541182,0.8314155978348994,23.9169,,
2,1,16222,648.88,-1.7999999999999545,10,16.96480242387703,180.61121307599996,107.19330820518398,2.302585092994046,5944.512145835871,0.8325647263075447,23.661750000000005,0.8214724255902053,0.9990080488920758
2,1,16223,648.92,-1.759999999999991,10,16.99836517947373,181.89301054522497,107.05140822952,2.302585092994046,5953.505555120939,0.8338243074399075,23.405550000000005,,
2,1,16224,648.96,-1.7199999999999136,10,17.032585984529653,183.13730583750004,106.97167948289598,2.302585092994046,5961.5862173755195,0.8349560528537144,23.1504,,
2,1,16225,649.0,-1.67999999999995,10,17.066475158385256,184.353698067525,106.91087626425596,2.163955656882057,5969.021577598216,0.835997419831683,22.895249999999997,,
2,1,16226,649.04,-1.6399999999999864,10,17.099773007417994,185.530370739525,106.87186616569599,2.163955656882057,5976.009896800057,0.8369761760224168,22.640100000000004,,
2,1,16227,649.08,-1.599999999999909,10,17.133480032683263,186.6410982009,106.915039829456,2.163955656882057,5982.728853661933,0.8379172063952287,22.383900000000004,0.826346795295754,0.9991022147814441
2,1,16228,649.12,-1.5599999999999454,10,17.166805934775287,187.73045207910002,106.968773923136,2.163955656882057,5989.308410561074,0.8388387129637359,22.135050000000007,,
2,1,16229,649.16,-1.5199999999999818,10,17.200456348869235,188.79888659309992,107.056812016256,2.163955656882057,5995.790271542899,0.8397465366306581,21.873599999999996,,
2,1,16230,649.2,-1.4799999999999045,10,17.232156791683856,189.80398534860007,107.143242344576,2.163955656882057,6001.940235917997,0.8406078761789911,21.618450000000003,,
2,1,16231,649.24,-1.4399999999999409,10,17.263156157130016,190.76677787160006,107.24978263385599,2.163955656882057,6007.543710843912,0.8413926765887831,21.369600000000002,,
2,1,16232,649.28,-1.3999999999999773,10,17.29389938561006,191.6887176981,107.39023826150401,2.163955656882057,6012.973084513683,0.8421530930691433,21.1071,0.8305920179096504,0.9990842389130189
2,1,16233,649.32,-1.3599999999999,10,17.32404242013304,192.549179489625,107.573266284944,2.163955656882057,6018.551205195936,0.8429343424644167,20.851950000000006,,
2,1,16234,649.36,-1.3199999999999363,10,17.353624047356682,193.36931260290004,107.77895497409602,2.163955656882057,6023.688187656464,0.843653807795023,20.603099999999994,,
2,1,16235,649.4,-1.2799999999999727,10,17.382957203399112,194.16445096072505,108.00275017448,2.302585092994046,6028.6127369524265,0.8443435205815724,20.341649999999994,,
2,1,16236,649.44,-1.2399999999998954,10,17.411824529996302,194.908722603525,108.26291085985599,2.302585092994046,6033.593862943732,0.8450411572750326,20.085449999999994,,
2,1,16237,649.48,-1.1999999999999318,10,17.440676952074107,195.623725032225,108.553487514384,2.302585092994046,6037.736755459538,0.8456213943220641,19.836599999999997,0.8330053456779192,0.999112120509106
2,1,16238,649.52,-1.1599999999999682,10,17.46925622126151,196.32027168810004,108.85464123598399,2.163955656882057,6041.349604469509,0.8461273955839651,19.575149999999997,,
2,1,16239,649.56,-1.1200000000000045,10,17.497031399482143,196.98903420840003,109.15707358606403,2.163955656882057,6044.411445863645,0.8465562249108747,19.320000000000004,,
2,1,16240,649.6,-1.0799999999999272,10,17.523922470512243,197.60397638310002,109.48388236942398,2.163955656882057,6047.0624689087,0.8469275166538796,19.063800000000004,,
2,1,16241,649.64,-1.0399999999999636,10,17.550649626122564,198.1832587245,109.842043574416,2.163955656882057,6049.225739186013,0.8472304956843155,18.80865,,
2,1,16242,649.68,-1.0,10,17.575783585969646,198.67582260540004,110.23234605543999,2.163955656882057,6051.002605810952,0.8474793565561558,18.553499999999996,0.8334812080291489,0.9990894745388843
2,1,16243,649.72,-0.9599999999999227,10,17.60096578175118,199.1724596946,110.62153675577596,2.163955656882057,6051.752936743297,0.8475844449220304,18.298350000000003,,
2,1,16244,649.76,-0.9199999999999591,10,17.62480837282721,199.60534503000005,111.02852514888002,2.163955656882057,6051.651102778505,0.8475701824619756,18.0432,,
2,1,16245,649.8,-0.8799999999999955,10,17.648078610035824,199.98818264250002,111.466495983504,2.163955656882057,6049.735528482825,0.8473018947454938,17.787,,
2,1,16246,649.84,-0.8399999999999181,10,17.67017415534168,200.331761211225,111.90329346888,2.163955656882057,6046.113633894631,0.8467946265958867,17.531849999999995,,
2,1,16247,649.88,-0.7999999999999545,10,17.690469843835015,200.64008736450006,112.31263593113597,2.163955656882057,6039.276034449785,0.8458369796148157,17.2767,0.8321884264575019,0.9990430743647541
2,1,16248,649.92,-0.7599999999999909,10,17.709281043114117,200.89361099902501,112.725024064976,2.163955656882057,6031.735116944931,0.8447808287037719,17.021549999999998,,
2,1,16249,649.96,-0.7199999999999136,10,17.726313214461744,201.136419954225,113.08576022297602,2.163955656882057,6025.080262350335,0.8438487762395427,16.765349999999998,,
2,1,16250,650.0,-0.67999999999995,10,17.74367454603967,201.35857210560002,113.47941429017601,2.163955656882057,6020.030817020557,0.8431415710112826,16.510200000000005,,
2,1,16251,650.04,-0.6399999999999864,10,17.761057073914298,201.56624104522507,113.888907337616,2.163955656882057,6016.4943174032605,0.8426462629416331,16.25505,,
2,1,16252,650.08,-0.599999999999909,10,17.775454335846273,201.68504100990003,114.28173583585601,2.163955656882057,6014.390931728642,0.8423516711104541,15.999899999999997,0.8283180031154765,0.9989981506825913
2,1,16253,650.12,-0.5599999999999454,10,17.790918552815338,201.798034393725,114.71874855918402,2.163955656882057,6015.061467851785,0.842445583732743,15.751049999999998,,
2,1,16254,650.16,-0.5199999999999818,10,17.803038798147945,201.838435418025,115.10975503033599,2.302585092994046,6021.452937010066,0.8433407474804017,15.488550000000004,,
2,1,16255,650.2,-0.4799999999999045,10,17.816720495074954,201.87291296339998,115.56261623622399,2.163955656882057,6038.185616520778,0.8456842600169159,15.233399999999998,,
2,1,16256,650.24,-0.4399999999999409,10,17.82910580112421,201.87061704022503,116.006396627456,2.163955656882057,6063.052684017204,0.8491670425794404,14.98455,,
2,1,16257,650.28,-0.39999999999997726,10,17.840410657597094,201.85315051860002,116.427101913104,2.163955656882057,6083.618915505176,0.8520474671575877,14.7231,0.823143127668186,0.9989261011507649
2,1,16258,650.32,-0.35999999999989996,10,17.851355669193897,201.82190925172503,116.84898997633601,2.163955656882057,6093.571586702837,0.8534413986978765,14.4669,,
2,1,16259,650.36,-0.31999999999993634,10,17.862906033378668,201.78994000409998,117.29347195321603,2.163955656882057,6095.432557998984,0.8537020389354318,14.218050000000003,,
2,1,16260,650.4,-0.2799999999999727,10,17.871495180842704,201.7159657821,117.674374216784,2.163955656882057,6091.808405017331,0.8531944544842198,13.956600000000003,,
2,1,16261,650.44,-0.2399999999998954,10,17.882527458699006,201.6275823261,118.157205985024,2.163955656882057,6085.38424298682,0.852294711902916,13.70145,,
2,1,16262,650.48,-0.1999999999999318,10,17.893123738119513,201.54616283340005,118.61771427425599,2.163955656882057,6081.216799424631,0.8517110363339819,13.35285,0.8188462580411575,0.9987828134071348
2,1,16263,650.52,-0.15999999999996817,10,17.903981260015996,201.4885945611,119.06395039790398,2.163955656882057,6078.233117850259,0.8512931537605406,12.832050000000004,,
2,1,16264,650.56,-0.12000000000000455,10,17.91440800597039,201.40377857459995,119.52223562977602,2.163955656882057,6076.443738227921,0.8510425403680562,12.324900000000005,,
2,1,16265,650.6,-0.07999999999992724,10,17.924908298271124,201.302769255525,119.99956824590399,2.302585092994046,6074.350815458887,0.8507494139298161,11.816699999999997,,
2,1,16266,650.64,-0.03999999999996362,10,17.93480917007148,201.21117667559997,120.44620329128,2.302585092994046,6072.7756386957335,0.8505288009377779,,,
2,1,16267,650.68,0.0,10,17.945063145945767,201.12336542812494,120.90192588385598,2.302585092994046,6070.353064809606,0.8501895048752949,12.565350000000006,0.8119979087834928,0.9985556158253395
2,1,16268,650.72,0.04000000000007731,10,17.953637558115098,201.016979867025,121.31612170113601,2.302585092994046,6067.134122206071,0.849738672577881,12.562199999999997,,
2,1,16269,650.76,0.08000000000004093,10,17.962035373012714,200.92359916440003,121.71111557696,2.302585092994046,6064.129967888924,0.8493179226735187,12.458250000000003,,
2,1,16270,650.8,0.12000000000000455,10,17.970083087403797,200.8157568921,122.108129276096,2.302585092994046,6061.337474485867,0.848926817154883,12.35115,,
2,1,16271,650.84,0.16000000000008185,10,17.978686291119715,200.731909518,122.50125123649597,2.302585092994046,6058.176013282429,0.8484840354737299,12.236699999999997,,
2,1,16272,650.88,0.20000000000004547,10,17.986038448723612,200.65338457290005,122.84419450606401,2.302585092994046,6055.199117398142,0.8480671032770507,12.114900000000004,0.8018654660207015,0.9981420023101232
2,1,16273,650.92,0.2400000000000091,10,17.994183226869286,200.57996825999993,123.210661742144,2.302585092994046,6052.064639361819,0.8476281007509551,11.989950000000002,,
2,1,16274,650.96,0.2800000000000864,10,18.000977069701666,200.49290150872508,123.54227395520002,2.302585092994046,6048.110400238037,0.8470742857476242,11.85975,,
2,1,16275,651.0,0.32000000000005,10,18.008104686557243,200.43023893672498,123.86159546527999,2.302585092994046,6043.721854575211,0.8464596434979287,11.7264,,
2,1,16276,651.04,0.36000000000001364,10,18.015531674522652,200.36569695502504,124.19368456070399,2.302585092994046,6039.04877481081,0.8458051505337268,11.588849999999997,,
2,1,16277,651.08,0.40000000000009095,10,18.025088024793778,200.36442470310004,124.539373598464,2.302585092994046,6034.486835672012,0.8451662234834753,11.448149999999996,0.7923424081449943,0.9977238755154924
2,1,16278,651.12,0.44000000000005457,10,18.034253735698627,200.37999354659996,124.85431425696,2.302585092994046,6029.252252623315,0.8444330886027052,11.308500000000002,,
2,1,16279,651.16,0.4800000000000182,10,18.042993313163116,200.41171618702498,125.137891511824,2.302585092994046,6023.832431906258,0.8436740100709045,11.160449999999999,,
2,1,16280,651.2,0.5200000000000955,10,18.05152274390889,200.4439695489,125.41350382496,2.302585092994046,6017.994699427078,0.8428564004799828,11.012399999999998,,
2,1,16281,651.24,0.5600000000000591,10,18.061123072827588,200.52907951702505,125.67508713480001,2.302585092994046,6011.849581652603,0.8419957397272553,10.868549999999999,,
2,1,16282,651.28,0.6000000000000227,10,18.068929925455713,200.60032505152498,125.88590359950399,2.302585092994046,6005.852483501045,0.8411558100141521,10.714200000000002,0.7824225178500223,0.9973559634325376
2,1,16283,651.32,0.6400000000001,10,18.077731244248984,200.69616646799997,126.108200471296,2.302585092994046,5999.343407089552,0.8402441746624022,10.559850000000004,,
2,1,16284,651.36,0.6800000000000637,10,18.08724320824876,200.820178192725,126.32818868161596,2.302585092994046,5993.1644792750085,0.8393787786099453,10.411800000000003,,
2,1,16285,651.4,0.7200000000000273,10,18.098247030642053,201.00633923159995,126.54020635054401,2.302585092994046,5986.491515847663,0.8384441898946308,10.253250000000001,,
2,1,16286,651.44,0.7600000000001046,10,18.10819689856171,201.20274607859997,126.70404883848,2.302585092994046,5979.453474596354,0.837458469831422,10.096800000000002,,
2,1,16287,651.48,0.8000000000000682,10,18.11894662710283,201.45134855002502,126.844878325776,2.302585092994046,5972.163340907068,0.836437442704071,9.944549999999996,0.774434385313416,0.9970536579490398
2,1,16288,651.52,0.8400000000000318,10,18.13029578066086,201.70533597322495,127.00228912102398,2.302585092994046,5965.101692747827,0.8354484163512363,9.782849999999998,,
2,1,16289,651.56,0.8799999999999955,10,18.14193352716474,202.02297406199997,127.10677804206398,2.302585092994046,5957.875052268746,0.8344362818303566,9.62325,,
2,1,16290,651.6,0.9200000000000728,10,18.152906934094492,202.3324808274,127.195549330496,2.302585092994046,5950.78770200446,0.8334436557429216,9.463650000000005,,
2,1,16291,651.64,0.9600000000000364,10,18.16410415365715,202.68734242522495,127.24733727968001,2.302585092994046,5943.108086284729,0.8323680793115869,9.304049999999997,,
2,1,16292,651.68,1.0,10,18.176655666905532,203.061206261025,127.32960497222398,2.302585092994046,5935.648337948063,0.8313232966313815,9.143400000000005,0.7669436299816723,0.9967551258122507
2,1,16293,651.72,1.0400000000000773,10,18.189146829421908,203.47535355052506,127.36970883174399,2.302585092994046,5927.797035375717,0.8302236744223694,8.982750000000001,,
2,1,16294,651.76,1.080000000000041,10,18.201586057999478,203.90589245722504,127.391842569536,2.302585092994046,5920.167431768412,0.829155102488573,8.823150000000005,,
2,1,16295,651.8,1.1200000000000045,10,18.21209385075887,204.32838007102504,127.35198235782397,2.302585092994046,5911.789438798342,0.827981714117415,8.661449999999995,,
2,1,16296,651.84,1.1600000000000819,10,18.223378666055424,204.7801764015,127.31135360494402,2.302585092994046,5902.996906305427,0.8267502669895559,8.500800000000003,,
2,1,16297,651.88,1.2000000000000455,10,18.235388769780066,205.286748526125,127.242655058896,2.302585092994046,5894.256394826116,0.8255261057179434,8.34015,0.7588239814438049,0.9961943911134897
2,1,16298,651.92,1.240000000000009,10,18.247589632671517,205.81745604052497,127.15707136185601,2.302585092994046,5885.347629807706,0.8242783795248889,8.177399999999995,,
2,1,16299,651.96,1.2800000000000864,10,18.260934567519513,206.434838224125,127.02689305510401,2.302585092994046,5876.049080276073,0.8229760616633156,8.014650000000001,,
2,1,16300,652.0,1.32000000000005,10,18.27237246766169,207.054635544225,126.82496005273602,2.302585092994046,5866.686848243472,0.8216648246839596,7.849800000000005,,
2,1,16301,652.04,1.3600000000000136,10,18.285155592175855,207.73190975039998,126.61500527968,2.302585092994046,5856.606671899396,0.8202530352800275,7.686000000000004,,
2,1,16302,652.08,1.400000000000091,10,18.29866783432939,208.430599644225,126.41064486689598,2.302585092994046,5846.979835305638,0.8189047388383245,7.522200000000004,0.7497942723230426,0.995273730676702
2,1,16303,652.12,1.4400000000000546,10,18.313088780413423,209.14917447059997,126.220046208704,2.302585092994046,5836.3514977078885,0.8174161761495644,7.36155,,
2,1,16304,652.16,1.4800000000000182,10,18.324952910495053,209.86995894952506,125.93394022233602,2.302585092994046,5825.485977293419,0.8158943945789102,7.192500000000001,,
2,1,16305,652.2,1.5200000000000955,10,18.338351163283573,210.65247282239997,125.64265056550398,2.302585092994046,5814.159960073275,0.8143081176573214,7.025550000000003,,
2,1,16306,652.24,1.5600000000000591,10,18.34882432094863,211.44957992550002,125.22977403553598,2.302585092994046,5802.22169923784,0.8126360923302296,6.862799999999997,,
2,1,16307,652.28,1.6000000000000227,10,18.359717264026834,212.264891740125,124.81432627487997,2.302585092994046,5788.857342415293,0.8107643336716096,6.689550000000005,0.7342815009535414,0.9928648742287599
2,1,16308,652.32,1.6400000000001,10,18.369176891832797,213.08855669010003,124.338102993344,2.302585092994046,5775.452098858689,0.8088868485796483,6.5215499999999995,,
2,1,16309,652.36,1.6800000000000637,10,18.37944090461146,213.93488866522497,123.86895930088,2.302585092994046,5761.346568276756,0.8069112840723748,6.356700000000004,,
2,1,16310,652.4,1.7200000000000273,10,18.389742137719196,214.813659883725,123.36895600807998,2.302585092994046,5746.946805908839,0.8048945106314901,6.1813499999999975,,
2,1,16311,652.44,1.7600000000001046,10,18.40164108706949,215.72631872189996,122.89407597542397,2.302585092994046,5731.996401904898,0.8028006165132912,6.010199999999996,,
2,1,16312,652.48,1.8000000000000682,10,18.412903395753776,216.66130986622494,122.37370159513603,2.302585092994046,5716.636347665133,0.8006493484124836,5.841149999999995,0.7192349701872074,0.9889225245167118
2,1,16313,652.52,1.8400000000000318,10,18.425137814349966,217.62041532052498,121.86528815726399,2.302585092994046,5701.667387263208,0.7985528553589928,5.662650000000004,,
2,1,16314,652.56,1.8799999999999955,10,18.437924482504968,218.61136435950002,121.345694863056,2.302585092994046,5685.382952896437,0.7962721222544029,5.487299999999998,,
2,1,16315,652.6,1.9200000000000728,10,18.451363995246126,219.64462979602507,120.80820348903997,2.302585092994046,5667.819615758276,0.7938122711146045,5.309850000000001,,
2,1,16316,652.64,1.9600000000000364,10,18.46558216068708,220.713982339725,120.26374219335999,2.302585092994046,5649.693117431998,0.7912735458588234,5.130300000000002,,
2,1,16317,652.68,2.0,10,18.479735672575544,221.80269623872505,119.697934289536,2.163955656882057,5629.923554377266,0.7885046994926141,4.948650000000001,0.705403514181763,0.9835857115777571
2,1,16318,652.72,2.0400000000000773,10,18.494935712352287,222.9502326471,119.11241435694402,2.163955656882057,5609.380645558551,0.7856275413947549,4.763850000000002,,
2,1,16319,652.76,2.080000000000041,10,18.510930108032632,224.116151368725,118.53838209574398,2.163955656882057,5587.698787324785,0.7825908665720988,4.575899999999995,,
2,1,16320,652.8,2.1200000000000045,10,18.527035872705625,225.31532090602505,117.935737322496,2.163955656882057,5564.944774739819,0.7794040300756048,4.386900000000004,,
2,1,16321,652.84,2.160000000000082,10,18.543013217318833,226.53620651812497,117.307132659536,2.163955656882057,5540.325923532209,0.775956011699189,4.194750000000004,,
2,1,16322,652.88,2.2000000000000455,10,18.55924372710809,227.786596353225,116.65893136897598,2.163955656882057,5514.417328565154,0.7723273569418985,3.9984,0.6908858824517126,0.9771012531943137
2,1,16323,652.92,2.240000000000009,10,18.57616879645736,229.0570727571,116.016974397376,2.163955656882057,5487.930771959864,0.7686177551764516,3.7999500000000057,,
2,1,16324,652.96,2.2800000000000864,10,18.594747700811887,230.37063894022498,115.394003116624,2.163955656882057,5461.562848478903,0.7649247686945241,3.595200000000005,,
2,1,16325,653.0,2.32000000000005,10,18.614354338535733,231.6979373121,114.79625012846404,2.0253262207700677,5434.5709642618895,0.761144392753766,3.3872999999999953,,
2,1,16326,653.04,2.3600000000000136,10,18.633568309989073,233.06415990952502,114.14570805350402,2.0253262207700677,5406.5162513157065,0.7572151612486984,3.1752000000000047,,
2,1,16327,653.08,2.400000000000091,10,18.654184073308297,234.46281222472498,113.515771216144,2.0253262207700677,5376.994543466965,0.7530804682726843,2.9610000000000003,0.6762715618449369,0.9689130502729872
2,1,16328,653.12,2.4400000000000546,10,18.674688238263684,235.89850045860004,112.845480337744,2.0253262207700677,5347.624130836413,0.7489669651031393,2.7510000000000003,,
2,1,16329,653.16,2.480000000000018,10,18.695182518752365,237.3602270634,112.14962234606398,2.0253262207700677,5317.6067815218,0.7447628545548741,2.5252500000000015,,
2,1,16330,653.2,2.5200000000000955,10,18.71756628325766,238.8394217664,111.50786580174402,2.0253262207700677,5286.396271886539,0.7403916347180026,2.3016000000000054,,
2,1,16331,653.24,2.560000000000059,10,18.74066210150442,240.3659492199,110.84646678286401,2.0253262207700677,5255.52862127166,0.736068434351773,2.081099999999995,,
2,1,16332,653.28,2.6000000000000227,10,18.765265043257877,241.9286363361,110.206535807616,2.0253262207700677,5226.191916801765,0.7319596522131325,1.8459000000000043,0.6617375919221535,0.9589175573810164
2,1,16333,653.32,2.6400000000001,10,18.78945117005965,243.52025494859998,109.523220323456,2.0253262207700677,5196.936615470138,0.727862271074249,1.6138499999999993,,
2,1,16334,653.36,2.6800000000000637,10,18.815156991138394,245.13366747240002,108.87646512878398,2.0253262207700677,5167.910082843623,0.7237969303702554,1.388100000000001,,
2,1,16335,653.4,2.7200000000000273,10,18.841659601231097,246.79089475740003,108.217241771264,2.163955656882057,5139.1211487883265,0.7197648667770767,1.1466000000000043,,
2,1,16336,653.44,2.7600000000001046,10,18.868097675010297,248.44783134622494,107.55727852750401,2.163955656882057,5111.139994666761,0.715845937628398,0.9093000000000001,,
2,1,16337,653.48,2.800000000000068,10,18.893490446681923,250.08354457852502,106.88043668033602,2.163955656882057,5083.59270165916,0.7119877733416192,0.6783000000000022,0.6470368062022314,0.9473674905492163
2,1,16338,653.52,2.840000000000032,10,18.918642132448646,251.69571939172502,106.21930074393603,2.163955656882057,5055.32859654403,0.7080292152022449,0.4326000000000013,,
2,1,16339,653.56,2.8799999999999955,10,18.94509967422605,253.32168739500003,105.59511427136002,2.163955656882057,5029.187375006294,0.7043679796927583,0.19004999999999772,,
2,1,16340,653.6,2.9200000000000728,10,18.971390928211353,254.97365050710005,104.94002324392,2.163955656882057,5002.689325798012,0.7006567683190493,-0.05460000000000215,,
2,1,16341,653.64,2.9600000000000364,10,18.997703448055397,256.65293321639996,104.25980308385599,2.163955656882057,4976.61695473984,0.6970051757338712,-0.3013499999999983,,
2,1,16342,653.68,3.0,10,19.024757046823726,258.363096079725,103.578284610944,2.163955656882057,4951.309768690951,0.6934607519175002,-0.5502000000000024,0.63451124492074,0.9368332747927834
2,1,16343,653.72,3.0400000000000773,10,19.052391832855555,260.0781890915251,102.91544546113599,2.163955656882057,4927.556439196551,0.6901339550695449,-0.8001000000000016,,
2,1,16344,653.76,3.080000000000041,10,19.080036126422847,261.792683975025,102.255094610576,2.163955656882057,4903.779374828775,0.6868038340096323,-1.0531499999999983,,
2,1,16345,653.8,3.1200000000000045,10,19.108975133586547,263.533283941725,101.61964671430401,2.163955656882057,4879.429206437408,0.6833934462797491,-1.3083000000000027,,
2,1,16346,653.84,3.160000000000082,10,19.139658974397246,265.29925031662503,101.0272953396,2.163955656882057,4856.143060373241,0.6801320812847677,-1.5645000000000024,,
2,1,16347,653.88,3.2000000000000455,10,19.168627129871243,267.0728237540999,100.36344228993599,2.163955656882057,4832.093788852979,0.6767638359738065,-1.8249000000000006,0.620074298295442,0.9230826992137126
2,1,16348,653.92,3.240000000000009,10,19.19760290706889,268.8774801615,99.67047721600001,2.163955656882057,4807.363984749109,0.6733002779760655,-2.088450000000002,,
2,1,16349,653.96,3.2800000000000864,10,19.228602487227096,270.6950645721,99.04408903969599,2.163955656882057,4782.2785613313945,0.6697869133517359,-2.3540999999999994,,
2,1,16350,654.0,3.32000000000005,10,19.259768206267076,272.5156587636,98.42301259553601,2.163955656882057,4749.944203763935,0.6652582918436882,-2.6218499999999993,,
2,1,16351,654.04,3.3600000000000136,10,19.29305437519876,274.38931050300005,97.832636621376,2.163955656882057,4641.128133062607,0.6500179458070877,-2.891700000000001,,
2,1,16352,654.08,3.400000000000091,10,19.326340846233048,276.3150985854,97.192351919376,2.0253262207700677,4604.093863347595,0.6448310732979825,-3.162599999999998,0.6122415006673639,0.9157371859109695
2,1,16353,654.12,3.4400000000000546,10,19.36157286667044,278.2515460457249,96.61895782566403,2.0253262207700677,4582.601434542625,0.6418209292076505,-3.4293000000000022,,
2,1,16354,654.16,3.480000000000018,10,19.39451837173937,280.1763278874,95.971014984336,2.0253262207700677,4560.78281013663,0.6387650994589118,-3.7117499999999994,,
2,1,16355,654.2,3.5200000000000955,10,19.43004573960638,282.1296723399,95.39700510329598,2.0253262207700677,4530.09449429604,0.6344670160078487,-3.9868500000000004,,
2,1,16356,654.24,3.560000000000059,10,19.463352772528914,284.053072065525,94.76902908238398,2.0253262207700677,4503.264916970771,0.6307093721247579,-4.257749999999997,,
2,1,16357,654.28,3.6000000000000227,10,19.49755674730116,286.020662890725,94.13405622350399,2.0253262207700677,4469.710084024036,0.6260098156896408,-4.542300000000002,0.6010744055392223,0.9058000966699358
2,1,16358,654.32,3.6400000000001,10,19.533245468220098,288.023115030525,93.52456349121601,2.163955656882057,4448.246012374855,0.6230036431897554,-4.822650000000003,,
2,1,16359,654.36,3.6800000000000637,10,19.566744151253573,289.980064647,92.87741203361597,2.163955656882057,4419.883454329871,0.6190312961246318,-5.094600000000001,,
2,1,16360,654.4,3.7200000000000273,10,19.60189094432384,291.97270468012505,92.26142391304,2.163955656882057,4396.945528113887,0.6158187014165108,-5.384399999999999,,
2,1,16361,654.44,3.7600000000001046,10,19.636540777748127,293.94912423712503,91.64460947904,2.163955656882057,4373.428129991093,0.612524948178024,-5.66475,,
2,1,16362,654.48,3.800000000000068,10,19.670545633743362,295.90211451150003,91.02825101768,2.163955656882057,4349.059419658198,0.6091119635375627,-5.939850000000001,0.5873658091414421,0.8921656419971804
2,1,16363,654.52,3.840000000000032,10,19.704127155354055,297.867943244025,90.384683710336,2.163955656882057,4325.689536353928,0.6058388706378051,-6.2296499999999995,,
2,1,16364,654.56,3.8799999999999955,10,19.738429035948123,299.822219739,89.78336106815999,2.163955656882057,4302.714715887379,0.6026211086677001,-6.511050000000001,,
2,1,16365,654.6,3.9200000000000728,10,19.773670219254313,301.81031592862496,89.18771801120002,2.163955656882057,4278.419176747253,0.5992183720934529,-6.79035,,
2,1,16366,654.64,3.9600000000000364,10,19.808856185139916,303.80235300449993,88.588430359056,2.163955656882057,4256.354366677381,0.5961280625598573,-7.06965,,
2,1,16367,654.68,4.0,10,19.844411510109364,305.808681942225,87.99198624033603,2.302585092994046,4233.474013317263,0.5929235312769277,-7.3500000000000005,0.5737604169479161,0.8765316958759094
2,1,16368,654.72,4.040000000000077,10,19.879783172986695,307.81197423112496,87.39380477384002,2.302585092994046,4212.4918921415065,0.5899848588433483,-7.630350000000002,,
2,1,16369,654.76,4.080000000000041,10,19.915123201506336,309.83152864860006,86.78060348257598,2.302585092994046,4192.751079407964,0.5872200391327681,-7.910700000000002,,
2,1,16370,654.8,4.1200000000000045,10,19.951132772290926,311.89269073252495,86.15500816505599,2.302585092994046,4174.616276932803,0.5846801508309248,-8.190000000000001,,
2,1,16371,654.84,4.160000000000082,10,19.987550408998196,313.93599057449995,85.56618077774402,2.302585092994046,4156.045846038258,0.5820792501454143,-8.4693,,
2,1,16372,654.88,4.2000000000000455,10,20.024615434073233,316.01319785909993,84.972025423424,2.302585092994046,4138.656931949482,0.5796438280041292,-8.750700000000002,0.560628156647608,0.8596769293344155
2,1,16373,654.92,4.240000000000009,10,20.0614553088993,318.07394455409997,84.388044556864,2.302585092994046,4122.191590737045,0.5773377578063088,-9.030000000000003,,
2,1,16374,654.96,4.280000000000086,10,20.100165988743875,320.16938405760004,83.847288717456,2.302585092994046,4104.910080415126,0.5749173782094013,-9.312449999999998,,
2,1,16375,655.0,4.32000000000005,10,20.137956541694194,322.28863138710005,83.248662288064,2.302585092994046,4089.9161031196095,0.5728173813893009,-9.594900000000003,,
2,1,16376,655.04,4.360000000000014,10,20.175532168291596,324.37761219202497,82.67448608174402,2.302585092994046,4073.948287776856,0.5705809926858342,-9.875250000000003,,
2,1,16377,655.08,4.400000000000091,10,20.21411867573949,326.490392466,82.12020137088,2.302585092994046,4058.710974254766,0.568446915161732,-10.157699999999998,0.5459096102699607,0.8395014511072835
2,1,16378,655.12,4.440000000000055,10,20.251886872174552,328.5942136155,81.54470826785598,2.302585092994046,4043.174207013027,0.5662708973407601,-10.430699999999998,,
2,1,16379,655.16,4.480000000000018,10,20.2889036733118,330.690340957725,80.9492713072,2.302585092994046,4028.5244515422364,0.5642191108602572,-10.719450000000002,,
2,1,16380,655.2,4.5200000000000955,10,20.326080566329455,332.8200129429,80.329538246016,2.302585092994046,4012.905906762303,0.5620316396025634,-10.999800000000002,,
2,1,16381,655.24,4.560000000000059,10,20.364265745426128,334.9649437596,79.73837559073601,2.302585092994046,3997.5009468089675,0.5598740821861299,-11.272800000000002,,
2,1,16382,655.28,4.600000000000023,10,20.404561013492643,337.16320739639997,79.18290275694399,2.302585092994046,3983.3096492897125,0.5578865055027609,-11.559450000000002,0.5292472324605199,0.8147553292907657
2,1,16383,655.32,4.6400000000001,10,20.445089208195697,339.40016693100006,78.60150580008002,2.302585092994046,3967.963750183995,0.5557372199137248,-11.839800000000002,,
2,1,16384,655.36,4.680000000000064,10,20.48819706057029,341.704923611625,78.061295181136,2.302585092994046,3950.6626663733996,0.5533140989318487,-12.11175,,
2,1,16385,655.4,4.720000000000027,10,20.53231913538059,343.9964007459,77.57972833121599,2.302585092994046,3936.237869412627,0.5512938192454659,-12.397350000000001,,
2,1,16386,655.44,4.760000000000105,10,20.576381661619347,346.28708604262494,77.10039624200002,2.302585092994046,3917.8336815463026,0.5487162018972412,-12.674549999999998,,
2,1,16387,655.48,4.800000000000068,10,20.62128704663676,348.59968523572496,76.63779422406398,2.302585092994046,3900.8171732352266,0.5463329374279029,-12.951750000000002,0.5143488365121729,0.7885350154828373
2,1,16388,655.52,4.840000000000032,10,20.665380086249463,350.9003069900999,76.15762711905599,2.302585092994046,3880.204925550594,0.5434460680042849,-13.226850000000002,,
2,1,16389,655.56,4.8799999999999955,10,20.711341280573308,353.22576393509996,75.73389370528,2.302585092994046,3859.264634774656,0.5405132541701198,-13.767600000000002,,
2,1,16390,655.6,4.920000000000073,10,20.75698413211033,355.5584437986,75.29394646207999,2.163955656882057,3839.5629220998762,0.537753910658246,-14.187600000000002,,
2,1,16391,655.64,4.960000000000036,10,20.802479153239428,357.930107676225,74.81303124473601,2.163955656882057,3830.9541258637173,0.5365481968996803,-14.608649999999997,,
2,1,16392,655.68,5.0,10,20.85009222698499,360.31880079089996,74.40754508287999,2.163955656882057,3812.384485903205,0.5339474069892444,-15.029699999999998,0.4992662189243442,0.7582709135043593
2,1,16393,655.72,5.040000000000077,10,20.897709694304037,362.697189257025,74.017081210384,2.163955656882057,3793.563928669771,0.5313114746036094,-15.450750000000001,,
2,1,16394,655.76,5.080000000000041,10,20.946014001998208,365.11365034462506,73.62185222727997,2.163955656882057,3773.2564396912912,0.5284672884721697,-15.871800000000002,,
2,1,16395,655.8,5.1200000000000045,10,20.99406795626936,367.5097328993999,73.24115645305599,2.163955656882057,3770.831357681788,0.528127641131903,-16.291800000000002,,
2,1,16396,655.84,5.160000000000082,10,21.042521095572862,369.90972886612496,72.87796519150399,2.163955656882057,3745.7692849633395,0.5246175469136329,-16.712849999999996,,
2,1,16397,655.88,5.2000000000000455,10,21.09134362502484,372.29376726990006,72.55100863897601,2.163955656882057,3750.465900968412,0.5252753362700858,-17.1339,0.48619098275006545,0.729821228845592
2,1,16398,655.92,5.240000000000009,10,21.141155410681815,374.702354181225,72.246097917376,2.163955656882057,3714.9997245357863,0.5203080846688777,-17.55495,,
2,1,16399,655.96,5.280000000000086,10,21.191100733610796,377.10347974739994,71.95927055463999,2.163955656882057,3661.960495702502,0.512879621246849,-17.976000000000003,,
2,1,16400,656.0,5.32000000000005,10,21.240367755161422,379.506778186725,71.64644418777601,2.163955656882057,3647.699140986149,0.5108822326311133,-18.396,,
2,1,16401,656.04,5.360000000000014,10,21.28979942592013,381.93634332472504,71.319216271184,2.163955656882057,3600.5426854123816,0.5042776870325464,-18.81705,,
2,1,16402,656.08,5.400000000000091,10,21.33960873765487,384.3394772049,71.03942387129601,2.163955656882057,3655.4362582693766,0.5119658625027137,-19.2381,0.47149524703181633,0.6966534433899344
2,1,16403,656.12,5.440000000000055,10,21.388065985712803,386.71873430872495,70.73063230048001,2.163955656882057,3528.7635332576,0.4942245844898599,-19.65915,,
2,1,16404,656.16,5.480000000000018,10,21.439026124033617,389.13328285649993,70.49855829049599,2.302585092994046,3687.665746350781,0.5164797964076724,-20.0802,,
2,1,16405,656.2,5.5200000000000955,10,21.488808023196377,391.515477108525,70.253393149264,2.302585092994046,3673.8559519135715,0.5145456515285114,-20.500200000000003,,
2,1,16406,656.24,5.560000000000059,10,21.539331584569865,393.939970614225,70.002834495824,2.302585092994046,3659.770263230788,0.5125728659987098,-20.921249999999997,,
2,1,16407,656.28,5.600000000000023,10,21.59051817335619,396.3598987446,69.790576249424,2.302585092994046,3645.4920155990135,0.5105731114284333,-21.342299999999998,0.4560900134040607,0.6563059630608585
2,1,16408,656.32,5.6400000000001,10,21.64143494856127,398.77234850722505,69.57935812558398,2.302585092994046,3631.1334292097063,0.5085621049313315,-21.763350000000003,,
2,1,16409,656.36,5.680000000000064,10,21.692613637061097,401.238902255625,69.33058415118401,2.302585092994046,3390.145987289808,0.4748103623655193,-22.184400000000004,,
2,1,16410,656.4,5.720000000000027,10,21.744758412581294,403.700914894725,69.1336035268,2.302585092994046,3375.2026926251247,0.4727174639530987,-22.604400000000002,,
2,1,16411,656.44,5.760000000000105,10,21.797862927552806,406.19135540812505,68.95547280025602,2.302585092994046,3359.8667002302022,0.47056956585857174,-23.02545,,
2,1,16412,656.48,5.800000000000068,10,21.850037384349164,408.6741753864,68.74995831105598,2.302585092994046,3341.7403394560106,0.46803085986778853,-23.4465,0.43683766642369093,0.6027672136965161
2,1,16413,656.52,5.840000000000032,10,21.902468660478185,411.176678892525,68.54145453070402,2.302585092994046,3321.3476686246177,0.4651747435048484,-23.86755,,
2,1,16414,656.56,5.8799999999999955,10,21.956160659765747,413.685551265525,68.38743965192,2.302585092994046,3297.7925733212805,0.46187571054919896,-24.288600000000002,,
2,1,16415,656.6,5.920000000000073,10,22.009337154629534,416.1736479411,68.23727404505601,2.302585092994046,3267.456427123792,0.45762695057756186,-24.708599999999997,,
2,1,16416,656.64,5.960000000000036,10,22.062454528137184,418.667791322025,68.084108484096,2.302585092994046,3224.5755091882966,0.4516212197742712,-25.129649999999998,,
2,1,16417,656.68,6.0,10,22.116407428560276,421.1748458379001,67.96063170817601,2.302585092994046,3179.348133982966,0.4452868534990148,-25.5507,0.4225712235087268,0.5641070056977081
2,1,16418,656.72,6.040000000000077,10,22.169956735834194,423.6784423074,67.82853936135999,2.302585092994046,3135.3256425121763,0.4391212384470835,-25.97175,,
2,1,16419,656.76,6.080000000000041,10,22.223495948242615,426.17255198489994,67.711220176656,2.302585092994046,3095.351118885378,0.433522565670221,-26.3928,,
2,1,16420,656.8,6.1200000000000045,10,22.276859477560922,428.65980062849997,67.598667554496,2.302585092994046,3057.9486379544705,0.42828412296281104,-26.812800000000003,,
2,1,16421,656.84,6.160000000000082,10,22.330856409346353,431.1572368241251,67.50991115072,2.302585092994046,3019.692831034019,0.42292616681148726,-27.23385,,
2,1,16422,656.88,6.2000000000000455,10,22.384895961349923,433.65422573550006,67.42934146495999,2.302585092994046,2984.2900841029114,0.4179677988939652,-27.6549,0.4138795576136505,0.539510413212621
2,1,16423,656.92,6.240000000000009,10,22.441040040105896,436.1756676669,67.42461041473601,2.302585092994046,2951.2969542321966,0.4133469123574505,-28.075950000000002,,
2,1,16424,656.96,6.280000000000086,10,22.49799989925747,438.70831947652505,67.45167999046403,2.302585092994046,2920.7304627548046,0.40906589114212955,-28.496999999999996,,
2,1,16425,657.0,6.32000000000005,10,22.554952298302496,441.219950833725,67.505922344976,2.302585092994046,2894.623533748463,0.4054094585081881,-28.916999999999998,,
2,1,16426,657.04,6.360000000000014,10,22.611565540843937,443.732755383225,67.550140824656,2.302585092994046,2870.3859160335287,0.4020148341783653,-29.33805,,
2,1,16427,657.08,6.400000000000091,10,22.66764027812291,446.2597379835,67.56217779488,2.302585092994046,2846.754764978311,0.3987051491566262,-29.7591,0.409795506525157,0.5277882519765971
2,1,16428,657.12,6.440000000000055,10,22.72485580543155,448.80966520740003,67.609406170256,2.302585092994046,2824.769091114153,0.39562592312523154,-30.180149999999998,,
2,1,16429,657.16,6.480000000000018,10,22.78033995842608,451.30953103739995,67.63435758406399,2.302585092994046,2804.7779205493994,0.392826039292633,-30.601200000000002,,
2,1,16430,657.2,6.5200000000000955,10,22.83474177074663,453.78854004802486,67.636891688656,2.302585092994046,2783.883761901009,0.38989968654075763,-31.021200000000004,,
2,1,16431,657.24,6.560000000000059,10,22.89056588493644,456.29626289939995,67.681743633216,2.302585092994046,2765.3754363342723,0.3873074840804303,-31.442249999999998,,
2,1,16432,657.28,6.600000000000023,10,22.94633004250285,458.78888491852496,67.74517750094398,2.302585092994046,2749.8285466527655,0.3851300485508075,-31.863300000000002,0.40674381128950676,0.522933015535538
2,1,16433,657.32,6.6400000000001,10,23.002282801421014,461.3146738751249,67.79034020142402,2.302585092994046,2735.2639721047244,0.38309019217153,-32.28435,,
2,1,16434,657.36,6.680000000000064,10,23.057236792496276,463.7948293755,67.841339129744,2.302585092994046,2722.1814923307797,0.3812579120911456,-32.7054,,
2,1,16435,657.4,6.720000000000027,10,23.11133525252498,466.2392269311,67.89459022350401,2.302585092994046,2710.356828872741,0.3796017967608881,-33.1254,,
2,1,16436,657.44,6.760000000000105,10,23.165528124384924,468.65241713272496,67.989276148944,2.302585092994046,2699.449984288948,0.3780742274914493,-33.48975,,
2,1,16437,657.48,6.800000000000068,10,23.217742250826973,471.00751738109994,68.05603784473598,2.302585092994046,2689.0770220908626,0.3766214316653869,-33.76065,0.4063766514987704,0.5266371680222913
2,1,16438,657.52,6.840000000000032,10,23.26993886226831,473.37541798522506,68.11463666848,2.302585092994046,2679.3101538521178,0.3752535229484759,-34.02525,,
2,1,16439,657.56,6.8799999999999955,10,23.32142009031656,475.701555613725,68.18707941529598,2.302585092994046,2670.118546109293,0.37396618292847233,-34.286699999999996,,
2,1,16440,657.6,6.920000000000073,10,23.371765862068617,477.99707120549994,68.242368305856,2.302585092994046,2662.58489201283,0.3729110493015168,-34.54395,,
2,1,16441,657.64,6.960000000000036,10,23.42139733031189,480.265532968725,68.29631993561601,2.302585092994046,2655.3137835970538,0.3718926867782989,-34.7949,,
2,1,16442,657.68,7.0,10,23.471672059502048,482.564407271625,68.35498199718401,2.302585092994046,2648.120969056961,0.3708852897838882,-35.0427,0.4045632772702861,0.533633333905334
2,1,16443,657.72,7.040000000000077,10,23.519950337100646,484.7787833726249,68.40928048705598,2.302585092994046,2642.2847722975057,0.37006789527976264,-35.286300000000004,,
2,1,16444,657.76,7.080000000000041,10,23.56905961497024,486.994848988725,68.505722145296,2.302585092994046,2636.0662904677697,0.36919695944926745,-35.52675000000001,,
2,1,16445,657.8,7.1200000000000045,10,23.61720233428475,489.1527838370251,68.61946226152001,2.302585092994046,2631.0931182092695,0.3685004367239873,-35.75775,,
2,1,16446,657.84,7.160000000000082,10,23.66590588274609,491.28425505810003,68.790846192896,2.302585092994046,2627.0613441800824,0.3679357624902076,-35.98665,,
2,1,16447,657.88,7.2000000000000455,10,23.713875286602672,493.392452879025,68.95542822952,2.302585092994046,2625.0949203668342,0.36766035299255384,-36.212399999999995,0.40475415865109937,0.545470613472747
2,1,16448,657.92,7.240000000000009,10,23.761051765824174,495.4853049804,69.102276037776,2.302585092994046,2622.983581963571,0.3673646473338335,-36.434999999999995,,
2,1,16449,657.96,7.280000000000086,10,23.80738842491509,497.550678702525,69.24106491225601,2.302585092994046,2621.4475557917735,0.36714951761789544,-36.65025,,
2,1,16450,658.0,7.32000000000005,10,23.853180226356066,499.58992535760007,69.38428155342402,2.302585092994046,2620.5107455475636,0.3670183117013394,-36.86235,,
2,1,16451,658.04,7.360000000000014,10,23.89769808577596,501.5608992261,69.5390745728,2.302585092994046,2620.0661450338516,0.36695604272182797,-37.0692,,
2,1,16452,658.08,7.400000000000091,10,23.94039185810251,503.480280912525,69.66208140697599,2.302585092994046,2620.8888218492,0.36707126356431374,-37.26975,0.40750665231384714,0.5700493724542217
2,1,16453,658.12,7.440000000000055,10,23.982531695626218,505.3427665209001,69.81906001081597,2.302585092994046,2622.3279411921894,0.3672728208952647,-37.464,,
2,1,16454,658.16,7.480000000000018,10,24.024823288638547,507.184108582725,70.008025467584,2.302585092994046,2626.3185360263283,0.36783172773477996,-37.657199999999996,,
2,1,16455,658.2,7.5200000000000955,10,24.064955408458083,508.9640997609,70.157979050176,2.302585092994046,2630.2178389273486,0.3683778485892644,-37.838849999999994,,
2,1,16456,658.24,7.560000000000059,10,24.103723129926653,510.701186556225,70.28828216793599,2.302585092994046,2635.8050484106498,0.36916037092586124,-38.0163,,
2,1,16457,658.28,7.600000000000023,10,24.14144239180105,512.3684293040249,70.440811452624,2.302585092994046,2641.681085305333,0.369983345280859,-38.188500000000005,0.41451859598861146,0.6059456144560659
2,1,16458,658.32,7.6400000000001,10,24.178071189486975,513.9776790855,70.60144735840001,2.302585092994046,2648.701948146129,0.37096665940421975,-38.35545,,
2,1,16459,658.36,7.680000000000064,10,24.213406734972857,515.5599108917249,70.72915482150401,2.302585092994046,2655.1997978072345,0.3718767223819656,-38.5182,,
2,1,16460,658.4,7.720000000000027,10,24.24662238623021,517.069289079,70.82940806144,2.302585092994046,2661.9278904332905,0.37281903227357016,-38.67675,,
2,1,16461,658.44,7.760000000000105,10,24.278011042404934,518.5074330324,70.91438714273599,2.302585092994046,2670.7124351166053,0.37404936066058897,-38.829,,
2,1,16462,658.48,7.800000000000068,10,24.308914529136015,519.9437868786,70.97953870623999,2.302585092994046,2679.8643828316476,0.3753311460548526,-38.9781,0.41756729946364557,0.6316174392405709
2,1,16463,658.52,7.840000000000032,10,24.339045625083575,521.2841275719,71.105014368,2.302585092994046,2690.6164117677404,0.37683703246046785,-39.123,,
2,1,16464,658.56,7.8799999999999955,10,24.366390487075204,522.5580992315249,71.16288613710401,2.302585092994046,2699.2779026839735,0.3780501264263268,-39.2616,,
2,1,16465,658.6,7.920000000000073,10,24.392057680381868,523.7437065525,71.228771330576,2.302585092994046,2705.8357806214703,0.3789685967256962,-39.3939,,
2,1,16466,658.64,7.960000000000036,10,24.415770840810676,524.869800945525,71.26006480545598,2.302585092994046,2712.630430153104,0.3799202283127597,-39.5283,,
2,1,16467,658.68,8.0,10,24.43813051144422,525.937303626525,71.28491926785598,2.302585092994046,2718.9730752662117,0.38080855395885316,-39.6543,0.41430765077501924,0.6371072785516811
2,1,16468,658.72,8.040000000000077,10,24.458708362722344,526.948410114,71.280004658704,2.302585092994046,2726.7659293523834,0.38189999010537584,-39.77295,,
2,1,16469,658.76,8.080000000000041,10,24.476237807282004,527.8555830665249,71.230634132096,2.302585092994046,2734.3891196852655,0.3829676638214658,-39.8916,,
2,1,16470,658.8,8.120000000000005,10,24.494099176292973,528.7632005691,71.197693888976,2.302585092994046,2743.151154929841,0.3841948396260282,-40.001850000000005,,
2,1,16471,658.84,8.160000000000082,10,24.510285165514578,529.6133383191,71.14074057574402,2.302585092994046,2749.755529421724,0.3851198220478605,-40.10895,,
2,1,16472,658.88,8.200000000000045,10,24.525469625528398,530.3876399451001,71.11102040761601,2.302585092994046,2758.90394681876,0.3864011129998263,-40.2129,0.4129585957844615,0.6468106764726907
2,1,16473,658.92,8.240000000000009,10,24.538193872175597,531.0805783059001,71.04238020257598,2.302585092994046,2766.4335617521256,0.38745568091766464,-40.3095,,
2,1,16474,658.96,8.280000000000086,10,24.550038595953144,531.723452505525,70.980942557264,2.302585092994046,2773.700693482413,0.3884734864821307,-40.40295,,
2,1,16475,659.0,8.32000000000005,10,24.560677699630034,532.335376818,70.89151224710402,2.302585092994046,2780.5601536224112,0.38943419518521166,-40.488,,
2,1,16476,659.04,8.360000000000014,10,24.570252272936088,532.911738692025,70.785558063696,2.302585092994046,2785.469617642811,0.3901217951880688,-40.57095,,
2,1,16477,659.08,8.400000000000091,10,24.577688805415555,533.411954408025,70.650832607824,2.302585092994046,2788.0331609893133,0.3904808348724527,-40.649699999999996,0.4075640561268182,0.6447002225743611
2,1,16478,659.12,8.440000000000055,10,24.585355453298696,533.8873740500999,70.55232871494398,2.302585092994046,2794.1825410273836,0.39134209258086605,-40.7253,,
2,1,16479,659.16,8.480000000000018,10,24.59130376298589,534.2884884225,70.443732340944,2.302585092994046,2797.0531643619265,0.39174414066693647,-40.7967,,
2,1,16480,659.2,8.520000000000095,10,24.597056628517162,534.6572781564,70.35791663008001,2.302585092994046,2802.681723717722,0.39253245430220196,-40.86705,,
2,1,16481,659.24,8.56000000000006,10,24.601164874267337,534.974029107525,70.24328406336,2.302585092994046,2805.5996383053925,0.3929411258130802,-40.9332,,
2,1,16482,659.28,8.600000000000023,10,24.60528957455604,535.3102583451,70.110016702656,2.302585092994046,2809.5414480689806,0.3934932000096612,-40.99725,0.4054760577404497,0.654397874177905
2,1,16483,659.32,8.6400000000001,10,24.60867345613323,535.5964395621,69.99036970849599,2.302585092994046,2809.748639072345,0.39352221835747125,-41.05815,,
2,1,16484,659.36,8.680000000000064,10,24.610372779522557,535.8326940776249,69.83775426944,2.302585092994046,2809.1959225797345,0.39344480708399643,-41.11695,0.40428201623435045,0.6571756828127882
2,2,52644,2105.76,-2.0,10,13.910068444732543,111.24821082060001,82.24179331654399,2.0253262207700677,2539.3699181043885,0.3556540501546763,-21.0756,0.37159462438347945,0.7385390167006947
2,2,52645,2105.8,-1.9600000000000364,10,13.913549853536443,111.27260980710003,82.31425971974397,2.0253262207700677,2543.640728175892,0.35625220282575526,-20.65035,,
2,2,52646,2105.84,-1.9200000000000728,10,13.918017083914826,111.31355177302498,82.39764777512,2.0253262207700677,2548.31571006391,0.35690696219382495,-20.214600000000004,,
2,2,52647,2105.88,-1.8800000000001091,10,13.923408677076171,111.363405048,82.49790414088001,2.0253262207700677,2553.652983154768,0.3576544794334408,-19.768350000000005,,
2,2,52648,2105.92,-1.8400000000001455,10,13.930364879591776,111.43728935010002,82.61777632846398,2.0253262207700677,2559.1491131839616,0.35842424554397223,-19.332599999999996,,
2,2,52649,2105.96,-1.800000000000182,10,13.936657628220944,111.51099497002501,82.719430876224,2.0253262207700677,2564.52476750973,0.3591771383066849,-18.896849999999997,0.3742113973473684,0.7462612353346614
2,2,52650,2106.0,-1.7600000000002183,10,13.942731673775263,111.59450298359998,82.80526354329601,2.0253262207700677,2569.838038474244,0.3599212939039557,-18.462150000000005,,
2,2,52651,2106.04,-1.7200000000002547,10,13.949592897187504,111.69122398560003,82.89991801166403,2.0253262207700677,2575.271706525965,0.36068231183837046,-18.026400000000006,,
2,2,52652,2106.08,-1.680000000000291,10,13.958157371025912,111.78971645152501,83.04044074279999,2.0253262207700677,2581.428048038116,0.3615445445431535,-17.590649999999997,,
2,2,52653,2106.12,-1.6400000000003274,10,13.96705980909042,111.89684946352497,83.18191024718398,2.0253262207700677,2587.526776099759,0.3623987081372211,-17.154899999999998,,
2,2,52654,2106.16,-1.6000000000003638,10,13.977063347215537,112.02002630910002,83.33827350297597,2.0253262207700677,2593.536021563425,0.36324033915454135,-16.71915,0.37673446850692005,0.7548883392072928
2,2,52655,2106.2,-1.5600000000004002,10,13.986107349428611,112.12355177572499,83.487647014016,2.0253262207700677,2599.9624894952026,0.36414040469120484,-16.284449999999996,,
2,2,52656,2106.24,-1.5200000000004366,10,13.995897390852935,112.24340736210002,83.641736413184,2.0253262207700677,2606.4959655100683,0.3650554573543513,-15.848699999999996,,
2,2,52657,2106.28,-1.4800000000000182,10,14.00619995425615,112.346253600525,83.82738355808,2.0253262207700677,2612.868931784077,0.3659480296616354,-15.412949999999997,,
2,2,52658,2106.32,-1.4400000000000546,10,14.017486308683916,112.45562565772502,84.034296756416,2.0253262207700677,2619.7110140664295,0.36690630449109657,-14.987699999999998,,
2,2,52659,2106.36,-1.400000000000091,10,14.029378685144577,112.56756548152501,84.255900809664,2.0253262207700677,2626.6597332037986,0.36787951445431355,-14.552999999999994,0.3791884713006071,0.762157396467732
2,2,52660,2106.4,-1.3600000000001273,10,14.041009337400961,112.68370724152498,84.46623597145599,2.0253262207700677,2633.4261832498282,0.36882719653358936,-14.105700000000002,,
2,2,52661,2106.44,-1.3200000000001637,10,14.051994614230393,112.78038893940001,84.67816369896,2.0253262207700677,2639.792505703253,0.36971883833378894,-13.670999999999998,,
2,2,52662,2106.48,-1.2800000000002,10,14.064284122608623,112.904908431525,84.899179449936,2.0253262207700677,2646.2765035944344,0.3706269612877359,-13.235249999999999,,
2,2,52663,2106.52,-1.2400000000002365,10,14.076089979747358,113.01537896459999,85.12093015334399,2.0253262207700677,2652.3107095419073,0.3714720881711354,-12.7995,,
2,2,52664,2106.56,-1.2000000000002728,10,14.090675652651331,113.119234519725,85.42790582849601,2.0253262207700677,2658.509766742557,0.37234030346534414,-12.363750000000003,0.38031255618119014,0.7639449204042809
2,2,52665,2106.6,-1.1600000000003092,10,14.105129083258651,113.20910520412504,85.745561251264,1.8866967846580787,2664.3998553823803,0.3731652458518739,-11.928000000000004,,
2,2,52666,2106.64,-1.1200000000003456,10,14.11982931384597,113.29230835439998,86.077271497744,1.8866967846580787,2669.869177272015,0.37393125732101046,-11.492250000000006,,
2,2,52667,2106.68,-1.080000000000382,10,14.134213776183978,113.36397355552499,86.412025515344,1.8866967846580787,2675.129180903826,0.3746679525075387,-11.05755,,
2,2,52668,2106.72,-1.0400000000004184,10,14.147989696729672,113.42117879662499,86.744433662144,1.8866967846580787,2679.9798899969924,0.37534732352899053,-10.621800000000002,,
2,2,52669,2106.76,-1.0,10,14.16137955939212,113.48236684102498,87.062304184144,1.8866967846580787,2684.6341733010618,0.37599918393572296,-10.186050000000005,0.381815795412388,0.7686766110571377
2,2,52670,2106.8,-0.9600000000000364,10,14.174674041375201,113.5327258989,87.38865828033599,1.8866967846580787,2689.390898015625,0.3766653918789391,-9.761849999999999,,
2,2,52671,2106.84,-0.9200000000000728,10,14.187837882754511,113.57934956550002,87.71539422182398,1.8866967846580787,2694.1318523875257,0.37732939109068986,-9.3261,,
2,2,52672,2106.88,-0.8800000000001091,10,14.200696322512359,113.61482144460001,88.044954599616,1.8866967846580787,2698.5917744065,0.37795403002892153,-8.879850000000003,,
2,2,52673,2106.92,-0.8400000000001455,10,14.212764342150649,113.65003349752502,88.35263674798398,1.8866967846580787,2703.162550812727,0.3785941947916985,-8.444100000000004,,
2,2,52674,2106.96,-0.8000000000001819,10,14.223684521507781,113.6842667289,88.62893463848002,1.8866967846580787,2707.5171324437133,0.3792040801741896,-8.008349999999995,0.3827005315731167,0.7730713719338339
2,2,52675,2107.0,-0.7600000000002183,10,14.233432497645959,113.71019470650003,88.88040595854402,1.8866967846580787,2711.533733989335,0.379766629410271,-7.572599999999996,,
2,2,52676,2107.04,-0.7200000000002547,10,14.242615336942896,113.73565210402498,89.116439532096,1.8866967846580787,2715.5040125670976,0.38032269083572795,-7.136849999999997,,
2,2,52677,2107.08,-0.680000000000291,10,14.250586766011601,113.75751123922501,89.32171193639998,1.8866967846580787,2719.1168775599435,0.3808286943361265,-6.7010999999999985,,
2,2,52678,2107.12,-0.6400000000003274,10,14.257405087305369,113.76142634902499,89.512173474496,1.8866967846580787,2722.907113435197,0.3813595396968063,-6.2663999999999955,,
2,2,52679,2107.16,-0.6000000000003638,10,14.262931276789528,113.75807461672495,89.673133989696,1.8866967846580787,2726.3268044456668,0.3818384880176004,-5.830649999999997,0.3829252026080551,0.7777915663983219
2,2,52680,2107.2,-0.5600000000004002,10,14.268855099411482,113.74641347422502,89.85381237377601,1.8866967846580787,2729.8947784033894,0.3823382042581779,-5.394899999999998,,
2,2,52681,2107.24,-0.5200000000004366,10,14.273331840062468,113.72973922012503,89.99826259641603,1.8866967846580787,2733.174196116834,0.38279750645894045,-4.959149999999999,,
2,2,52682,2107.28,-0.4800000000000182,10,14.277294990112937,113.6977619904,90.14339024430397,1.8866967846580787,2736.7140985177944,0.3832932911089347,-4.5234000000000005,,
2,2,52683,2107.32,-0.44000000000005457,10,14.280597655126902,113.64835464359999,90.28711474401601,1.8866967846580787,2740.113401205848,0.3837693839223876,-4.099199999999996,,
2,2,52684,2107.36,-0.40000000000009095,10,14.2835320339129,113.5976180346,90.42166932921597,1.8866967846580787,2742.8940748020073,0.38415883400588335,-3.6634499999999974,0.3828788626017044,0.7788257232752919
2,2,52685,2107.4,-0.36000000000012733,10,14.28617235849603,113.53655796840003,90.558162688256,1.8866967846580787,2745.6574565705364,0.3845458622647811,-3.2172,,
2,2,52686,2107.44,-0.3200000000001637,10,14.289279565502943,113.46204532949999,90.7214651716,1.8866967846580787,2748.0912532717643,0.38488673015010705,-2.7814500000000013,,
2,2,52687,2107.48,-0.2800000000002001,10,14.297994105519452,113.46213847972504,90.97049696174399,1.8866967846580787,2751.6705566185537,0.3853880331398535,-2.3457000000000026,,
2,2,52688,2107.52,-0.24000000000023647,10,14.306102932866972,113.438025614025,91.22655551176001,2.0253262207700677,2754.9771583739785,0.3858511426294088,-1.9099500000000043,,
2,2,52689,2107.56,-0.20000000000027285,10,14.315262983715527,113.40430162739999,91.522452665536,2.0253262207700677,2759.146849831846,0.38643513302967036,-1.4752500000000008,0.38662396255479836,0.781369221452559
2,2,52690,2107.6,-0.16000000000030923,10,14.32470892715716,113.35969932840003,91.83758651937599,2.0253262207700677,2763.5462290074065,0.38705129257806814,-1.039500000000002,,
2,2,52691,2107.64,-0.12000000000034561,10,14.333679889480893,113.294953968525,92.15942520558397,2.0253262207700677,2767.393415533485,0.38759011422037604,-0.6037500000000035,,
2,2,52692,2107.68,-0.08000000000038199,10,14.340931603365382,113.2074474741,92.454871778304,2.0253262207700677,2771.1574715483493,0.3881172929339425,-0.1680000000000048,,
2,2,52693,2107.72,-0.04000000000041837,10,14.347851400933031,113.08708926899999,92.77375055425597,2.0253262207700677,2774.80078343594,0.38862756070531385,0.2477999999999972,,
2,2,52694,2107.76,0.0,10,14.353998574300332,112.94670415139998,93.090570919616,2.0253262207700677,2777.8771110334155,0.38905841891224313,0.29295000000000154,0.38681684449927617,0.7828139047463878
2,2,52695,2107.8,0.03999999999996362,10,14.359623581345858,112.79685729060002,93.401932107344,2.0253262207700677,2781.015034287145,0.389497903961785,0.337049999999999,,
2,2,52696,2107.84,0.07999999999992724,10,14.365482390714767,112.63254554160005,93.734538776336,2.0253262207700677,2783.9540416098534,0.38990952963723446,0.38219999999999754,,
2,2,52697,2107.88,0.11999999999989086,10,14.369031240383082,112.44011626102501,94.02894252607999,2.0253262207700677,2786.538651292129,0.3902715197888136,0.4283999999999971,,
2,2,52698,2107.92,0.15999999999985448,10,14.359676747701007,112.19741861422501,94.00289768424,2.0253262207700677,2783.4832765937267,0.3898435961615865,0.47355000000000147,,
2,2,52699,2107.96,0.1999999999998181,10,14.346593236191788,111.9923401086,93.832397376144,2.163955656882057,2757.9817213294286,0.3862719497660265,0.5176499999999989,0.38533689484733924,0.7864946937916243
2,2,52700,2108.0,0.23999999999978172,10,14.335295026272775,111.82475412202498,93.67592936825598,2.163955656882057,2770.2978612429188,0.3879968993337421,0.5627999999999975,,
2,2,52701,2108.04,0.27999999999974534,10,14.321868377042467,111.651870215025,93.464043594304,2.163955656882057,2775.749349434236,0.3887604130860275,0.6079500000000018,,
2,2,52702,2108.08,0.31999999999970896,10,14.30990101428462,111.485951892,93.287315146624,2.163955656882057,2780.107276705713,0.38937076704561807,0.6531000000000003,,
2,2,52703,2108.12,0.3599999999996726,10,14.300196103457496,111.30718227772498,93.188426319616,2.302585092994046,2783.773914212119,0.38988430171038085,0.6982499999999989,,
2,2,52704,2108.16,0.3999999999996362,10,14.295771210933847,111.09761687272498,93.27145764264,2.302585092994046,2787.205383485049,0.39036489964776605,0.7433999999999974,0.3887238329603971,0.790001972153407
2,2,52705,2108.2,0.4399999999995998,10,14.296470014839187,110.88126728910001,93.507787596096,2.302585092994046,2790.202027524078,0.3907845976924479,0.7885500000000017,,
2,2,52706,2108.24,0.47999999999956344,10,14.298931597300584,110.69887036162501,93.760574462656,2.302585092994046,2793.945166978134,0.391308846915705,0.8337000000000003,,
2,2,52707,2108.28,0.5199999999999818,10,14.306555155003071,110.49761313202498,94.17990727111999,2.302585092994046,2797.8547990460615,0.3918564144322216,0.8788499999999988,,
2,2,52708,2108.32,0.5599999999999454,10,14.324967177219815,110.36272358002502,94.84196104840001,2.302585092994046,2801.2063620849044,0.39232582102029473,0.921900000000001,,
2,2,52709,2108.36,0.599999999999909,10,14.322108077200403,110.215342350225,94.907437424784,2.302585092994046,2805.911719159171,0.3929848346161304,0.9670499999999995,0.39329663424590877,0.7966825331633717
2,2,52710,2108.4,0.6399999999998727,10,14.320237166986482,110.08126481152499,94.98792770721602,2.302585092994046,2810.8967084492747,0.3936830123878536,1.013249999999999,,
2,2,52711,2108.44,0.6799999999998363,10,14.318284343582821,109.95063695122496,95.06262959246399,2.302585092994046,2816.011720982678,0.39439940069785406,1.0583999999999976,,
2,2,52712,2108.48,0.7199999999997999,10,14.318041476026007,109.83249208102502,95.17381962817599,2.302585092994046,2821.1777327752325,0.3951229317612371,1.103550000000002,,
2,2,52713,2108.52,0.7599999999997635,10,14.318583794874023,109.710573529725,95.31126836110398,2.302585092994046,2826.4691362123835,0.3958640246796055,1.1487000000000005,,
2,2,52714,2108.56,0.7999999999997272,10,14.320610434240015,109.60682425559999,95.473058953664,2.302585092994046,2832.1520901797235,0.3966599566078044,1.193849999999999,0.3970363523609125,0.8006640071798374
2,2,52715,2108.6,0.8399999999996908,10,14.323397642378326,109.507563722025,95.652156299664,2.302585092994046,2837.5065229589213,0.39740987716511494,1.2389999999999977,,
2,2,52716,2108.64,0.8799999999996544,10,14.325948880093634,109.41263731440003,95.820174000656,2.302585092994046,2843.0302966340155,0.3981835149347361,1.283100000000001,,
2,2,52717,2108.68,0.919999999999618,10,14.344456690347007,109.35369846922504,96.40973927201598,2.302585092994046,2847.6885240424117,0.3988359277370324,1.3282499999999995,,
2,2,52718,2108.72,0.9599999999995816,10,14.356284106950518,109.32943516740002,96.77345819208,2.302585092994046,2852.9140349755025,0.39956779201337567,1.373399999999998,,
2,2,52719,2108.76,1.0,10,14.368069413430046,109.30094568540002,97.140472983744,2.302585092994046,2860.2338648920645,0.4005929782761996,1.4185500000000024,0.3990008553387749,0.8028051638031773
2,2,52720,2108.8,1.0399999999999636,10,14.382740070591,109.25519863859998,97.60801329958402,2.302585092994046,2866.9625610783787,0.401535372700053,1.4626499999999998,,
2,2,52721,2108.84,1.0799999999999272,10,14.395871501130765,109.18631572852496,98.05480054854398,2.302585092994046,2873.435239278149,0.40244191026304604,1.5077999999999983,,
2,2,52722,2108.88,1.1199999999998909,10,14.40930830089925,109.14124216590002,98.486923544464,2.302585092994046,2881.3811056230743,0.40355477669790957,1.5539999999999978,,
2,2,52723,2108.92,1.1599999999998545,10,14.423399983584352,109.10550935812503,98.92895772833602,2.302585092994046,2891.0082796644397,0.40490312040118204,1.5991500000000023,,
2,2,52724,2108.96,1.199999999999818,10,14.438109469719503,109.05933461850002,99.39967044110399,2.302585092994046,2899.739219476604,0.4061259411031658,1.6443000000000008,0.4014114002541828,0.8067569772844403
2,2,52725,2109.0,1.2399999999997817,10,14.453173408047798,109.00017949590003,99.89404206719999,2.302585092994046,2910.4952350305934,0.40763238585862654,1.6883999999999983,,
2,2,52726,2109.04,1.2799999999997453,10,14.46912343524517,108.945729545625,100.409803438736,2.302585092994046,2924.9750497241093,0.40966037110981923,1.7335500000000026,,
2,2,52727,2109.08,1.319999999999709,10,14.485052085675393,108.88533389002505,100.931400034704,2.302585092994046,2938.6441550208638,0.41157481162757203,1.778700000000001,,
2,2,52728,2109.12,1.3599999999996726,10,14.50188376702382,108.842498545725,101.462134246544,2.302585092994046,2949.357040648131,0.41307521577704914,1.8238499999999997,,
2,2,52729,2109.16,1.3999999999996362,10,14.517887813088686,108.78586523752499,101.98320131590401,2.163955656882057,2958.0247524042557,0.41428918100899936,1.8689999999999982,0.405180602350669,0.8130592339050264
2,2,52730,2109.2,1.4399999999995998,10,14.534320311866702,108.729237133125,102.51722979481602,2.163955656882057,2966.2421142027556,0.41544007201719274,1.9141500000000025,,
2,2,52731,2109.24,1.4799999999995634,10,14.551921688384699,108.69070339102498,103.06772143385601,2.163955656882057,2972.6939510825723,0.41634369062781124,1.9593000000000012,,
2,2,52732,2109.28,1.5199999999999818,10,14.570242496057128,108.65989976152505,103.632066632384,2.302585092994046,2978.0859326793247,0.4170988701231546,2.0044499999999994,,
2,2,52733,2109.32,1.5599999999999454,10,14.589097946357754,108.63627908489998,104.20549980352003,2.302585092994046,2982.686618747383,0.41774322391419927,2.0475000000000017,,
2,2,52734,2109.36,1.599999999999909,10,14.60712308170791,108.60718596209999,104.76085876206398,2.302585092994046,2986.490750011248,0.41827601540773784,2.0926500000000003,0.4079635048305339,0.8179645915705663
2,2,52735,2109.4,1.6399999999998727,10,14.625117767226902,108.58088670660001,105.313182998656,2.302585092994046,2989.9690198050926,0.4187631680399289,2.1388499999999997,,
2,2,52736,2109.44,1.6799999999998363,10,14.643147128104294,108.552390400125,105.86936741518403,2.302585092994046,2993.1467753409825,0.4192082318404738,2.1839999999999984,,
2,2,52737,2109.48,1.7199999999998,10,14.661830243539482,108.53501504422505,106.434251046144,2.302585092994046,2996.0335743770543,0.41961254543096,2.229150000000003,,
2,2,52738,2109.52,1.7599999999997635,10,14.679138295597735,108.5063117985,106.97078930278398,2.302585092994046,2998.698015036262,0.41998571639163335,2.274300000000001,,
2,2,52739,2109.56,1.7999999999997272,10,14.697821895526733,108.49329203422501,107.53267643840002,2.302585092994046,3001.1459488581563,0.42032856426584825,2.31945,0.40945590472423504,0.819985605738757
2,2,52740,2109.6,1.8399999999996908,10,14.715688099139266,108.47815246012502,108.07332377102402,2.302585092994046,3003.255046638136,0.4206239561117837,2.3645999999999985,,
2,2,52741,2109.64,1.8799999999996544,10,14.734729496561144,108.46879073572502,108.643462601104,2.302585092994046,3005.2248011648803,0.42089983209592163,2.4097500000000025,,
2,2,52742,2109.68,1.919999999999618,10,14.7539857747059,108.463188834,109.21690740622402,2.302585092994046,3007.146781625344,0.4211690170343619,2.45385,,
2,2,52743,2109.72,1.9599999999995816,10,14.77260094995018,108.45410076112498,109.775638065344,2.302585092994046,3008.7822118444597,0.4213980688857787,2.4989999999999988,,
2,2,52744,2109.76,2.0,10,14.791279446679384,108.43729595999999,110.34465170976,2.302585092994046,3010.1634126088675,0.42159151437098985,2.5441499999999975,0.410845820977978,0.8229816563793516
2,2,52745,2109.8,2.0399999999999636,10,14.808212907262948,108.424432662525,110.85873684430399,2.302585092994046,3010.865891026595,0.4216899007040049,2.5882500000000004,,
2,2,52746,2109.84,2.0799999999999272,10,14.82565994944697,108.41154768989995,111.38864524673599,2.302585092994046,3011.492997471415,0.42177773073829344,2.633399999999999,,
2,2,52747,2109.88,2.119999999999891,10,14.843255202745285,108.397667711025,111.92455730279998,2.302585092994046,3011.8041055987105,0.42182130330514156,2.679599999999999,,
2,2,52748,2109.92,2.1599999999998545,10,14.860010155026172,108.38859378322498,112.43130802425601,2.302585092994046,3011.867517265996,0.4218301844910358,2.724749999999997,,
2,2,52749,2109.96,2.199999999999818,10,14.876365467213054,108.38214936202503,112.92410015206401,2.302585092994046,3011.9034767350463,0.421835220831239,2.7699000000000016,0.4113962813789531,0.8255858104224042
2,2,52750,2110.0,2.2399999999997817,10,14.893368666163775,108.37709360572497,113.43533662054399,2.302585092994046,3011.6539900003563,0.42180027871153447,2.8150500000000003,,
2,2,52751,2110.04,2.2799999999997453,10,14.910925574323985,108.35742985672502,113.978271626304,2.302585092994046,3011.3854560775976,0.42176266891843106,2.8591499999999974,,
2,2,52752,2110.08,2.319999999999709,10,14.92723792388411,108.33225686009999,114.49017517614398,2.302585092994046,3010.878186099586,0.42169162270302324,2.904300000000002,,
2,2,52753,2110.12,2.3599999999996726,10,14.943637364774482,108.3122491311,115.00004855878399,2.302585092994046,3010.069455061561,0.42157835505063873,2.9494500000000006,,
2,2,52754,2110.16,2.399999999999636,10,14.959031836504291,108.28410205252499,115.488531433024,2.302585092994046,3009.3228096864304,0.4214737828692479,2.994599999999999,0.4118452013115259,0.8275223569473793
2,2,52755,2110.2,2.4399999999996,10,14.974410429221614,108.25230224812503,115.98066545465602,2.302585092994046,3008.5396277759132,0.42136409352603826,3.0397499999999975,,
2,2,52756,2110.24,2.4799999999995634,10,14.990928486655655,108.22097073060004,116.50696616142397,2.302585092994046,3007.597246726294,0.421232107384635,3.084900000000002,,
2,2,52757,2110.28,2.519999999999982,10,15.005446853964896,108.18864848452498,116.97478680264001,2.302585092994046,3006.3453661743674,0.42105677397400104,3.13005,,
2,2,52758,2110.32,2.5599999999999454,10,15.01995441548662,108.1501954344,117.44883520889599,2.302585092994046,3005.000024392337,0.4208683507552293,4.898250000000003,,
2,2,52759,2110.36,2.599999999999909,10,15.0347818957947,108.09500979690002,117.94965685721604,2.302585092994046,3003.8880391393086,0.42071261052371267,4.8258,0.41019134296254606,0.8296844784047152
2,2,52760,2110.4,2.6399999999998727,10,15.049137841306258,108.05786357309998,118.41868619353599,2.302585092994046,3002.502994270889,0.42051862664858386,4.7512500000000015,,
2,2,52761,2110.44,2.6799999999998363,10,15.064808349817168,108.01264613422502,118.93580448249602,2.302585092994046,3001.139839921278,0.420327708672448,4.677749999999998,,
2,2,52762,2110.48,2.7199999999998,10,15.080806667718276,107.96674516739999,119.46398458169601,2.302585092994046,2999.8756945799596,0.420150657504196,4.603199999999999,,
2,2,52763,2110.52,2.7599999999997635,10,15.095964571463762,107.91339723202505,119.97474911086401,2.302585092994046,2998.738438810872,0.41999137798471603,4.52865,,
2,2,52764,2110.56,2.799999999999727,10,15.111121476938798,107.871409181025,120.47458310977599,2.302585092994046,2997.4266047688084,0.41980764772672385,4.454100000000001,0.41113550677094735,0.833341841883688
2,2,52765,2110.6,2.8399999999996908,10,15.125969219579154,107.81034610500001,120.984598726656,2.302585092994046,2996.206665806905,0.41963678792813797,4.378500000000002,,
2,2,52766,2110.64,2.8799999999996544,10,15.14194180493245,107.75303340322498,121.52536822073598,2.302585092994046,2995.332025802525,0.41951428932808477,4.302900000000002,,
2,2,52767,2110.68,2.919999999999618,10,15.157120599341948,107.6948560989,122.04344876409598,2.302585092994046,2994.2998305562605,0.41936972416754353,4.227300000000002,,
2,2,52768,2110.72,2.9599999999995816,10,15.171953497864274,107.61249361590004,122.57567932545598,2.302585092994046,2993.4583425250826,0.41925186870099196,4.1527499999999975,,
2,2,52769,2110.76,3.0,10,15.186468096108754,107.55121742662502,123.07759580750401,2.302585092994046,2992.344512652637,0.41909587011941696,4.079249999999999,0.4114569674516966,0.8350628116039377
2,2,52770,2110.8,3.0399999999999636,10,15.200885117472074,107.46775172699998,123.599156627584,2.302585092994046,2991.225779915349,0.4189391848620937,4.008899999999999,,
2,2,52771,2110.84,3.0799999999999272,10,15.21354620493608,107.38377197572504,124.06821615399997,2.302585092994046,2990.49328515976,0.41883659456019057,3.9364500000000024,,
2,2,52772,2110.88,3.119999999999891,10,15.226537563763504,107.308671792525,124.53877438817601,2.302585092994046,2989.4822641505757,0.41869499497907214,3.866100000000002,,
2,2,52773,2110.92,3.1599999999998545,10,15.237494082984544,107.21507042452504,124.96615550446396,2.302585092994046,2988.212624415822,0.4185171742879303,3.7978499999999977,,
2,2,52774,2110.96,3.199999999999818,10,15.249904279785135,107.13648850222498,125.42309204038399,2.302585092994046,2987.1495235635552,0.4183682806111422,3.7306500000000007,0.41149496769944494,0.8371276942697228
2,2,52775,2111.0,3.2399999999997817,10,15.262503285456289,107.0556641721,125.88834236646399,2.302585092994046,2986.159848606673,0.4182296706732034,3.6644999999999985,,
2,2,52776,2111.04,3.2799999999997453,10,15.273686536926341,106.95306526852501,126.33243515975998,2.302585092994046,2985.3658292658706,0.41811846348261494,3.6004499999999986,,
2,2,52777,2111.08,3.319999999999709,10,15.28458530579865,106.85991353309998,126.75863443713601,2.302585092994046,2984.5424867393285,0.4180031494032673,3.538500000000001,,
2,2,52778,2111.12,3.3599999999996726,10,15.295403217080615,106.74770880060001,127.20165077248001,2.302585092994046,2983.9543216901666,0.41792077334596167,3.478649999999999,,
2,2,52779,2111.16,3.399999999999636,10,15.306613609776527,106.6435981821,127.64882201689599,2.302585092994046,2983.4770930386267,0.41785393459924747,3.4208999999999996,0.41193242079799847,0.8382786202575695
2,2,52780,2111.2,3.4399999999996,10,15.316414094211511,106.51625816422502,128.076282541136,2.302585092994046,2982.9418420910933,0.4177789694805453,3.364200000000001,,
2,2,52781,2111.24,3.4799999999995634,10,15.326599669153918,106.392492352125,128.512165066384,2.302585092994046,2982.662264638169,0.41773981297453344,3.308549999999998,,
2,2,52782,2111.28,3.519999999999982,10,15.336807581762933,106.255274584725,128.962392215296,2.302585092994046,2982.524894949411,0.4177205735223265,3.253950000000002,,
2,2,52783,2111.32,3.5599999999999454,10,15.348221010798776,106.11084267472498,129.4570455216,2.302585092994046,2982.5466886665736,0.4177236258636658,3.202500000000003,,
2,2,52784,2111.36,3.599999999999909,10,15.359322302671563,105.94679767560001,129.96198392174406,2.302585092994046,2982.7504755191007,0.41775216743965,3.151049999999998,0.41299367716755453,0.8404770675703509
2,2,52785,2111.4,3.6399999999998727,10,15.370053025994542,105.78246321510001,130.456066806784,2.302585092994046,2982.929544962237,0.4177772471935906,3.0775500000000005,,
2,2,52786,2111.44,3.6799999999998363,10,15.379720336085734,105.59415485902505,130.941642757184,2.302585092994046,2983.4304533609925,0.4178474024315115,2.892750000000002,,
2,2,52787,2111.48,3.7199999999998,10,15.389932287511337,105.39485415899996,131.45516165518399,2.302585092994046,2984.108680914708,0.41794239228497315,2.7079499999999976,,
2,2,52788,2111.52,3.7599999999997635,10,15.399685164101115,105.19876655190001,131.951536601536,2.302585092994046,2984.589218439918,0.4180096944593723,2.5231499999999993,,
2,2,52789,2111.56,3.799999999999727,10,15.408468643736924,104.99130502559998,132.42960091942402,2.302585092994046,2985.347513782297,0.4181158982888371,2.338350000000001,0.4130339638560646,0.8444892442485338
2,2,52790,2111.6,3.8399999999996908,10,15.41742627194244,104.779159296525,132.917873554256,2.302585092994046,2986.1140332505856,0.4182232539566646,2.153549999999997,,
2,2,52791,2111.64,3.8799999999996544,10,15.426132886959357,104.54980776502502,133.41576808110398,2.302585092994046,2986.9574272629716,0.418341376367363,1.9676999999999978,,
2,2,52792,2111.68,3.919999999999618,10,15.43418874093044,104.31451511459996,133.899666976064,2.302585092994046,2987.938600170588,0.41847879554209916,1.7828999999999995,,
2,2,52793,2111.72,3.9599999999995816,10,15.442872342135999,104.083115854725,134.39919032078402,2.302585092994046,2988.9718877020455,0.4186235136837599,1.5981000000000012,,
2,2,52794,2111.76,4.0,10,15.45103536817569,103.84722392940003,134.88727001921603,2.302585092994046,2989.960034759665,0.4187619096302052,1.4133000000000029,0.41307922446229484,0.8490465590504258
2,2,52795,2111.8,4.039999999999964,10,15.458234358870389,103.60086273022497,135.35614676353603,2.302585092994046,2991.0021108478886,0.41890785866216934,1.2337499999999981,,
2,2,52796,2111.84,4.079999999999927,10,15.464878494953172,103.35267057622505,135.80979628744004,2.302585092994046,2991.998743294678,0.41904744303847036,1.047899999999999,,
2,2,52797,2111.88,4.119999999999891,10,15.470937497603982,103.09509852862497,136.254808526144,2.302585092994046,2992.9589684958905,0.419181928360769,0.8589000000000022,,
2,2,52798,2111.92,4.1599999999998545,10,15.477173420916657,102.836086263225,136.70681083790402,2.302585092994046,2993.8250310020107,0.41930322563053374,0.674099999999998,,
2,2,52799,2111.96,4.199999999999818,10,15.483602754809004,102.559432322025,137.182521946704,2.302585092994046,2994.782150055474,0.4194372759181335,0.48929999999999974,0.412419740022275,0.852608778249737
2,2,52800,2112.0,4.239999999999782,10,15.488898915946383,102.27593419312502,137.63005543528,2.302585092994046,2995.627826408516,0.41955571798438596,0.30450000000000144,,
2,2,52801,2112.04,4.279999999999745,10,15.49274300310468,102.00263418922502,138.02245157102396,2.302585092994046,2996.328769920161,0.4196538893445603,0.11969999999999731,,
2,2,52802,2112.08,4.319999999999709,10,15.497023695780715,101.70632818552501,138.45141524206397,2.302585092994046,2997.224413269963,0.41977932958963066,-0.06615000000000204,,
2,2,52803,2112.12,4.359999999999673,10,15.500285982588322,101.41284130740003,138.84602423462397,2.302585092994046,2997.952802062806,0.4198813448267235,-0.25095000000000034,,
2,2,52804,2112.16,4.399999999999636,10,15.501837323916448,101.11851289102499,139.18844752614402,2.302585092994046,2998.3492112591593,0.4199368643220111,-0.43574999999999864,0.4113905101609248,0.855731892727573
2,2,52805,2112.2,4.4399999999996,10,15.502817046563376,100.80314160839997,139.534194770816,2.302585092994046,2998.7420210538467,0.41999187969941837,-0.6205499999999969,,
2,2,52806,2112.24,4.479999999999563,10,15.502553528708777,100.48496576422497,139.84420014625601,2.302585092994046,2999.0251733301843,0.4200315368809782,-0.8053499999999952,,
2,2,52807,2112.28,4.519999999999982,10,15.500618165063742,100.16072879400001,140.108434705104,2.302585092994046,2999.1932568508855,0.4200550779903201,-0.9901500000000052,,
2,2,52808,2112.32,4.559999999999945,10,15.497102329754295,99.8184298419,140.341750776976,2.302585092994046,2999.2025535962744,0.4200563800555006,-1.0594500000000044,,
2,2,52809,2112.36,4.599999999999909,10,15.492258225668717,99.47334191760001,140.53672301320003,2.302585092994046,2999.0462695909046,0.42003449153934236,-1.065749999999999,0.4096191534127482,0.8569147937777182
2,2,52810,2112.4,4.639999999999873,10,15.488416137333216,99.12769198289996,140.76334246030402,2.302585092994046,2998.6884336030835,0.4199843744542134,-1.0752000000000028,,
2,2,52811,2112.44,4.679999999999836,10,15.482262289030503,98.76310030440001,140.93734528193602,2.302585092994046,2998.240808129949,0.4199216818109172,-1.0835999999999997,,
2,2,52812,2112.48,4.7199999999998,10,15.47679103877031,98.396693525025,141.134367332736,2.302585092994046,2997.7003581178665,0.41984598853191407,-1.0930500000000032,,
2,2,52813,2112.52,4.7599999999997635,10,15.471564940261086,98.02957931550002,141.339742385216,2.302585092994046,2997.093628831809,0.41976101244142977,-1.1056500000000042,,
2,2,52814,2112.56,4.799999999999727,10,15.465296828938039,97.65513200362496,141.520274003536,2.302585092994046,2996.4831782649526,0.41967551516315865,-1.1193000000000004,0.40817067836094906,0.8571314467195399
2,2,52815,2112.6,4.839999999999691,10,15.456559939830885,97.26652659622498,141.63871857735998,2.302585092994046,2995.7351192511223,0.4195707449931544,-1.1329499999999966,,
2,2,52816,2112.64,4.879999999999654,10,15.449869032149886,96.88158729900002,141.81686581158402,2.302585092994046,2994.880702812226,0.41945107882524174,-1.1476499999999996,,
2,2,52817,2112.68,4.919999999999618,10,15.440870971505754,96.48230952622501,141.93818683246403,2.302585092994046,2993.935824867901,0.41931874297869753,-1.1654999999999998,,
2,2,52818,2112.72,4.959999999999582,10,15.431397288802595,96.07150266840003,142.05651961646402,2.302585092994046,2993.0123426448554,0.4191894037317725,-1.1843999999999955,,
2,2,52819,2112.76,5.0,10,15.421874407622603,95.65590150112503,142.17830874336,2.302585092994046,2991.9141609419617,0.4190355967705829,-1.204349999999998,0.4057673156663691,0.8552262038083911
2,2,52820,2112.8,5.039999999999964,10,15.41060283248011,95.2305159771,142.256163683344,2.302585092994046,2990.736796074978,0.4188706997303891,-1.2264000000000026,,
2,2,52821,2112.84,5.079999999999927,10,15.400300964060408,94.80812983739999,142.36113994623997,2.302585092994046,2989.460617305642,0.41869196320807306,-1.2495000000000023,,
2,2,52822,2112.88,5.119999999999891,10,15.389660880085565,94.39091539289998,142.450746611136,2.302585092994046,2987.933834289422,0.4184781280517398,-1.2747000000000042,,
2,2,52823,2112.92,5.1599999999998545,10,15.377079585537171,93.9682409274,142.486335652544,2.302585092994046,2986.3540472882023,0.4182568693680956,-1.3019999999999965,,
2,2,52824,2112.96,5.199999999999818,10,15.364337735616333,93.5279628885,142.53491116558402,2.302585092994046,2984.728111315533,0.41802914724307183,-1.3303499999999957,0.40294410893711563,0.8533007640161899
2,2,52825,2113.0,5.239999999999782,10,15.351325625419095,93.097080101025,142.566118356624,2.302585092994046,2983.0880030993676,0.41779944020999543,-1.3576499999999996,,
2,2,52826,2113.04,5.279999999999745,10,15.337036284618485,92.67007187339998,142.55461012230398,2.302585092994046,2981.1704437647213,0.4175308744768518,-1.3870500000000057,,
2,2,52827,2113.08,5.319999999999709,10,15.321392582801638,92.24280885802503,142.502261818304,2.302585092994046,2979.241378612082,0.4172606972846053,-1.4164500000000002,,
2,2,52828,2113.12,5.359999999999673,10,15.304370748394755,91.81789486222503,142.405869142096,2.302585092994046,2977.1284293434637,0.41696476601449073,-1.4447999999999994,,
2,2,52829,2113.16,5.399999999999636,10,15.287111554182138,91.39768862962501,142.298091040384,2.302585092994046,2974.8659306481754,0.41664788944652326,-1.4752500000000008,0.3997093926350477,0.8506439681666867
2,2,52830,2113.2,5.4399999999996,10,15.269227802376285,90.96514282012495,142.184174860736,2.302585092994046,2972.5368601701734,0.41632168909946404,-1.5046499999999952,,
2,2,52831,2113.24,5.479999999999563,10,15.251196904796556,90.53019456390001,142.06881246497602,2.302585092994046,2970.1669850110643,0.41598977381107344,-1.5350999999999964,,
2,2,52832,2113.28,5.519999999999982,10,15.230869169412625,90.10217857410001,141.877197081664,2.302585092994046,2967.6349084822514,0.41563514124401274,-1.5645000000000024,,
2,2,52833,2113.32,5.559999999999945,10,15.210022092046449,89.65402089052498,141.69075115001604,2.302585092994046,2965.016248620693,0.415268382159761,-1.5917999999999948,,
2,2,52834,2113.36,5.599999999999909,10,15.190789975722,89.21460429000001,141.545495796496,2.302585092994046,2962.1185673392392,0.4148625444452716,-1.6190999999999989,0.39562523339421785,0.8450975724201694
2,2,52835,2113.4,5.639999999999873,10,15.16921524412153,88.77728338762499,141.32780773486402,2.302585092994046,2959.0088601856473,0.4144270112304828,-1.647449999999998,,
2,2,52836,2113.44,5.679999999999836,10,15.147213479965382,88.33451978452503,141.10355642311998,2.302585092994046,2955.756286446326,0.4139714686899616,-1.6768500000000042,,
2,2,52837,2113.48,5.7199999999998,10,15.1259945835024,87.89763540599999,140.89807673414398,2.302585092994046,2952.2353310337503,0.41347833767979697,-1.7052000000000034,,
2,2,52838,2113.52,5.7599999999997635,10,15.10346266535992,87.44816345422501,140.66642102969598,2.302585092994046,2948.7336262389463,0.4129879028345863,-1.7345999999999977,,
2,2,52839,2113.56,5.799999999999727,10,15.080939575576052,86.99975040959998,140.434988072576,2.302585092994046,2944.9571556181413,0.41245898538069203,-1.7640000000000038,0.39097190005505283,0.8378482403488814
2,2,52840,2113.6,5.839999999999691,10,15.057645477900222,86.548973450625,140.18371388750398,2.302585092994046,2941.0530474394473,0.4119121915181298,-1.7944500000000052,,
2,2,52841,2113.64,5.879999999999654,10,15.03341415419784,86.10687063089998,139.89667050073598,2.302585092994046,2937.0477797882545,0.41135122966222054,-1.8238499999999997,,
2,2,52842,2113.68,5.919999999999618,10,15.009174038639202,85.66860956062501,139.60669576153597,2.302585092994046,2932.875549034163,0.41076688361823016,-1.8532500000000058,,
2,2,52843,2113.72,5.959999999999582,10,14.983212175375614,85.22242184610002,139.27422524622403,2.302585092994046,2928.570798715572,0.4101639774111445,-1.8826500000000002,,
2,2,52844,2113.76,6.0,10,14.956911387158145,84.780151600725,138.929046642576,2.302585092994046,2924.1697008567257,0.4095475771508019,-1.9109999999999994,0.3862003318107676,0.8297109472370304
2,2,52845,2113.8,6.039999999999964,10,14.930556626699621,84.33989696790003,138.58162421518398,2.302585092994046,2919.652523384339,0.4089149192415041,-1.9393499999999986,,
2,2,52846,2113.84,6.079999999999927,10,14.904247518539975,83.894407643025,138.24218645087998,2.302585092994046,2915.144113389817,0.4082834892702825,-1.9697999999999998,,
2,2,52847,2113.88,6.119999999999891,10,14.878518356065735,83.45387995402503,137.91642851775998,2.302585092994046,2910.5187977594715,0.4076356859607103,-2.000250000000001,,
2,2,52848,2113.92,6.1599999999998545,10,14.85261656520682,83.00913805800002,137.591080775056,2.302585092994046,2905.639955833899,0.40695237476665247,-2.0307000000000026,,
2,2,52849,2113.96,6.199999999999818,10,14.825883384876734,82.5639190551,137.242899086864,2.302585092994046,2900.657493980685,0.4062545509776869,-2.0600999999999967,0.38117831670848185,0.8206173962220707
2,2,52850,2114.0,6.239999999999782,10,14.799118973439906,82.131878598525,136.88204379150403,2.302585092994046,2895.5801324671274,0.40554343591976577,-2.0863500000000057,,
2,2,52851,2114.04,6.279999999999745,10,14.772729622602894,81.69496477222502,136.538575730304,2.302585092994046,2890.4833586171376,0.40482960204721824,-2.114700000000005,,
2,2,52852,2114.08,6.319999999999709,10,14.747868056962167,81.266415216525,136.23319700904003,2.302585092994046,2885.240437148361,0.4040952993204987,-2.139899999999995,,
2,2,52853,2114.12,6.359999999999673,10,14.723067029545035,80.8385180211,135.93018473537603,2.302585092994046,2879.9756967259855,0.40335794071792513,-2.166150000000004,,
2,2,52854,2114.16,6.399999999999636,10,14.699878962080064,80.42411596589999,135.66232553390404,2.302585092994046,2874.5786221982853,0.4026020479269308,-2.190299999999999,0.3761034719370502,0.8103196608275253
2,2,52855,2114.2,6.4399999999996,10,14.674889235523006,80.016744961125,135.335629113744,2.302585092994046,2869.1536944634945,0.40184225412653984,-2.2123500000000034,,
2,2,52856,2114.24,6.479999999999563,10,14.650851648221545,79.61922172889999,135.028232289296,2.302585092994046,2863.444128070018,0.40104259496778966,-2.2343999999999964,,
2,2,52857,2114.28,6.519999999999982,10,14.628284058021332,79.23516820222505,134.751526279936,2.302585092994046,2857.7034840732163,0.4002385832035317,-2.256450000000001,,
2,2,52858,2114.32,6.559999999999945,10,14.604710762675996,78.8699201724,134.42765628902404,2.302585092994046,2851.723694437416,0.39940107765229915,-2.2764000000000033,,
2,2,52859,2114.36,6.599999999999909,10,14.58160184955552,78.50830177102499,134.11481072793597,2.302585092994046,2845.6273369128735,0.39854724606622877,-2.293199999999997,0.37037762109462674,0.7978288861820654
2,2,52860,2114.4,6.639999999999873,10,14.559204581775887,78.1699551381,133.80048291590398,2.302585092994046,2839.3884533659593,0.39767345285237526,-2.308949999999995,,
2,2,52861,2114.44,6.679999999999836,10,14.535179325883945,77.83624973250001,133.435188303104,2.302585092994046,2833.024814456204,0.39678218689862793,-2.322600000000003,,
2,2,52862,2114.48,6.7199999999998,10,14.511867507724189,77.51123935852502,133.083059203216,2.302585092994046,2826.72927705505,0.3959004589712955,-2.334149999999997,,
2,2,52863,2114.52,6.7599999999997635,10,14.48914154089679,77.20539086452504,132.729831727616,2.302585092994046,2820.202521749947,0.39498634758402623,-2.344649999999996,,
2,2,52864,2114.56,6.799999999999727,10,14.466490287747924,76.92375313822501,132.35558810727997,2.302585092994046,2813.575032359032,0.394058127781377,-2.353050000000004,0.3649916550775634,0.7856635378696988
2,2,52865,2114.6,6.839999999999691,10,14.444580169154797,76.6519417629,131.99395450024,2.302585092994046,2806.868064068047,0.3931187764801185,-2.359349999999999,,
2,2,52866,2114.64,6.879999999999654,10,14.422976039478817,76.4092143045,131.61302353088004,2.302585092994046,2800.1991630037546,0.39218475672321496,-2.3645999999999985,,
2,2,52867,2114.68,6.919999999999618,10,14.402154459321563,76.1595335991,131.262519471056,2.302585092994046,2793.497982599035,0.39124621605028503,-2.3656500000000054,,
2,2,52868,2114.72,6.959999999999582,10,14.381909684723235,75.94821138239999,130.891114797136,2.302585092994046,2786.6909028618975,0.39029284353808086,-2.363550000000003,,
2,2,52869,2114.76,7.0,10,14.36085351185719,75.75256628572501,130.48154730329597,2.302585092994046,2779.6445932208235,0.3893059654370901,-2.361450000000001,0.36000624279813537,0.7748570620210048
2,2,52870,2114.8,7.039999999999964,10,14.341371139664298,75.56936358510002,130.105562580496,2.302585092994046,2772.6031341847906,0.3883197666925477,-2.359349999999999,,
2,2,52871,2114.84,7.079999999999927,10,14.322860976575212,75.40351390372501,129.740832650576,2.302585092994046,2765.3109127996654,0.38729844717082146,-2.3519999999999976,,
2,2,52872,2114.88,7.119999999999891,10,14.305590727209028,75.24987669202496,129.40004936238398,2.302585092994046,2757.8877675046965,0.3862587909670444,-2.485349999999997,,
2,2,52873,2114.92,7.1599999999998545,10,14.288772622113349,75.1142019726,129.05482107385598,2.302585092994046,2750.5321978215757,0.38522859913467444,-2.9148000000000005,,
2,2,52874,2114.96,7.199999999999818,10,14.272922717856494,75.00701242439997,128.70931048550403,2.302585092994046,2743.1233813848567,0.3841909497737895,-3.3442500000000046,0.35524521667007924,0.7645733925370417
2,2,52875,2115.0,7.239999999999782,10,14.257557392500862,74.9199926286,128.35795017185598,2.302585092994046,2735.460493759507,0.3831177162128161,-3.774750000000004,,
2,2,52876,2115.04,7.279999999999745,10,14.24359218396469,74.8484709399,128.0314473632,2.302585092994046,2727.6073054571716,0.3820178298959624,-4.204199999999997,,
2,2,52877,2115.08,7.319999999999709,10,14.232659288733922,74.80166342040002,127.76692700878398,2.302585092994046,2719.7098886909057,0.38091174911637327,-4.63365,,
2,2,52878,2115.12,7.359999999999673,10,14.222956397895658,74.761302141225,127.53118655521601,2.302585092994046,2711.6213189451096,0.37977889621079974,-5.063100000000004,,
2,2,52879,2115.16,7.399999999999636,10,14.21273640794344,74.75188405702504,127.24999214465599,2.302585092994046,2703.3989014424487,0.37862729712079124,-5.493600000000003,0.35134833799190035,0.7568204427630612
2,2,52880,2115.2,7.4399999999996,10,14.204207645945232,74.76247202602502,126.997042823104,2.302585092994046,2694.8668576697046,0.37743233300696144,-5.9230499999999955,,
2,2,52881,2115.24,7.479999999999563,10,14.197059172534289,74.79303155099998,126.76345759744001,2.302585092994046,2686.3608913330245,0.37624102119510144,-6.3525,,
2,2,52882,2115.28,7.519999999999982,10,14.189618499635431,74.84481310950004,126.50046005569602,2.302585092994046,2677.9341349215288,0.37506080321029817,-6.781950000000004,,
2,2,52883,2115.32,7.559999999999945,10,14.184296886940011,74.91438840060003,126.27988977625603,2.302585092994046,2669.5976588883236,0.37389322953617976,-7.200899999999997,,
2,2,52884,2115.36,7.599999999999909,10,14.180347622845499,75.0081103821,126.07414832263999,2.302585092994046,2661.4428488060476,0.3727510992725557,-7.630350000000002,0.3480435957311993,0.750878647502082
2,2,52885,2115.4,7.639999999999873,10,14.1787717506777,75.12341922540001,125.91414913241599,2.302585092994046,2653.4391746494844,0.37163013650553,-8.071349999999999,,
2,2,52886,2115.44,7.679999999999836,10,14.177978938330527,75.2559900876,125.75909668814401,2.302585092994046,2645.5854205686883,0.3705301709479956,-8.500800000000003,,
2,2,52887,2115.48,7.7199999999998,10,14.178451832504704,75.40883645400001,125.61965991265599,2.302585092994046,2638.0353945758375,0.3694727443383525,-8.930249999999996,,
2,2,52888,2115.52,7.7599999999997635,10,14.182180513946543,75.58516083352501,125.54908329664003,2.302585092994046,2630.6142246714403,0.3684333647999216,-9.360749999999994,,
2,2,52889,2115.56,7.799999999999727,10,14.18669352106755,75.78180916109996,125.48046389960003,2.302585092994046,2623.2765407866873,0.3674056779813287,-9.790199999999999,0.34541247963384947,0.7460953617436547
2,2,52890,2115.6,7.839999999999691,10,14.192483278414668,75.98948333759999,125.43709827047999,2.302585092994046,2616.2133670429344,0.3664164379611953,-10.219650000000003,,
2,2,52891,2115.64,7.879999999999654,10,14.199785798961335,76.21014774239998,125.42376899398398,2.302585092994046,2609.1641551140538,0.3654291533773185,-10.649099999999995,,
2,2,52892,2115.68,7.919999999999618,10,14.207971636316142,76.44498601949999,125.421471998864,2.302585092994046,2602.2267069287486,0.3644575219788163,-11.079599999999994,,
2,2,52893,2115.72,7.959999999999582,10,14.218207363496848,76.7068522605,125.45056837089601,2.302585092994046,2595.5552863618764,0.3635231493504029,-11.509049999999998,,
2,2,52894,2115.76,8.0,10,14.230010579249372,76.97661241252501,125.51658867302402,2.302585092994046,2588.953770349753,0.3625985672758757,-11.938500000000003,0.3427499423443563,0.7414806176744981
2,2,52895,2115.8,8.039999999999964,10,14.243727920736339,77.25777830189998,125.626006778064,2.302585092994046,2582.5676667822727,0.3617041550115228,-12.357449999999996,,
2,2,52896,2115.84,8.079999999999927,10,14.258424811551102,77.55370063560001,125.74897747105604,2.302585092994046,2576.2717751948207,0.36082237747826623,-12.7869,,
2,2,52897,2115.88,8.11999999999989,10,14.274383775292053,77.866167845025,125.89186431929599,2.302585092994046,2570.4052977452793,0.3600007419811316,-13.227899999999998,,
2,2,52898,2115.92,8.159999999999854,10,14.290702848526381,78.20322836760002,126.02095953728,2.302585092994046,2564.5426326435563,0.35917964042626843,-13.657350000000003,,
2,2,52899,2115.96,8.199999999999818,10,14.308544613893615,78.55164297540003,126.18280599238396,2.302585092994046,2559.000313281799,0.35840340522154057,-14.086799999999995,0.3408417399940663,0.7398527798439883
2,2,52900,2116.0,8.239999999999782,10,14.328901710671651,78.90447103402498,126.412953200064,2.302585092994046,2553.580314621723,0.35764430176774836,-14.516249999999998,,
2,2,52901,2116.04,8.279999999999745,10,14.349596881900517,79.26441858562501,126.64651208742403,2.302585092994046,2548.4172733891437,0.35692118674917983,-14.946749999999998,,
2,2,52902,2116.08,8.319999999999709,10,14.37017519103633,79.64639791289999,126.85553710817601,2.302585092994046,2543.4556984156447,0.3562262882935078,-15.3762,,
2,2,52903,2116.12,8.359999999999673,10,14.3930593481542,80.02315423462501,127.13700316486397,2.302585092994046,2538.728224374566,0.35556417708327254,-15.805650000000005,,
2,2,52904,2116.16,8.399999999999636,10,14.417870010927446,80.40432447022499,127.47065118177599,2.302585092994046,2534.160686040643,0.35492446583202286,-16.2351,0.33918644581367746,0.7407228193436031
2,2,52905,2116.2,8.4399999999996,10,14.443775725648887,80.77834656990001,127.84431064294401,2.302585092994046,2529.835879977946,0.3543187506971914,-16.664550000000002,,
2,2,52906,2116.24,8.479999999999563,10,14.471080766331898,81.17667568552498,128.235502860176,2.302585092994046,2525.8198700631833,0.3537562843225747,-17.09505,,
2,2,52907,2116.28,8.519999999999982,10,14.500239632467459,81.5955655221,128.66138387688,2.302585092994046,2521.855511693068,0.35320105205785274,-17.524500000000003,,
2,2,52908,2116.32,8.559999999999945,10,14.529105523471463,81.996897098025,129.09801021414398,2.302585092994046,2518.0495545898084,0.35266800484451105,-17.94345,,
2,2,52909,2116.36,8.599999999999909,10,14.560147648661534,82.40766583140001,129.59023371942396,2.302585092994046,2514.4398730733874,0.35216244720915796,-18.3729,0.33759010427128106,0.7436682371720089
2,2,52910,2116.4,8.639999999999873,10,14.590871701915002,82.8143949276,130.079142094144,2.302585092994046,2511.018433265807,0.35168325395879646,-18.8139,,
2,2,52911,2116.44,8.679999999999836,10,14.623108275385778,83.21612114339997,130.61917449025603,2.302585092994046,2507.665357192122,0.35121363546108153,-19.243350000000003,,
2,2,52912,2116.48,8.7199999999998,10,14.656551969369195,83.63766911850004,131.17684651232,2.302585092994046,2504.4324022267965,0.35076084064801066,-19.672799999999995,,
2,2,52913,2116.52,8.759999999999764,10,14.691458533539855,84.04747080502499,131.79148303769603,2.302585092994046,2501.2261386244013,0.3503117841210646,-20.10225,,
2,2,52914,2116.56,8.799999999999727,10,14.72710113646484,84.4541214804,132.43338640326397,2.302585092994046,2498.339161816508,0.3499074456325641,-20.53275,0.3357547175339643,0.747296018386222
2,2,52915,2116.6,8.83999999999969,10,14.762886848301893,84.865738587525,133.07708950824,2.302585092994046,2495.3998770128605,0.3494957810942382,-20.962200000000003,,
2,2,52916,2116.64,8.879999999999654,10,14.798844218124232,85.274531122725,133.731259069584,2.302585092994046,2492.614040209921,0.3491056078725379,-21.391649999999995,,
2,2,52917,2116.68,8.919999999999618,10,14.83467036336733,85.673802159225,134.39364263054398,2.302585092994046,2489.8358862223445,0.3487165106753984,-21.8211,,
2,2,52918,2116.72,8.959999999999582,10,14.87370398036565,86.07069069322499,135.15637940232,2.302585092994046,2487.1880525464007,0.3483456656227452,-22.250550000000004,,
2,2,52919,2116.76,9.0,10,14.913871572121742,86.458698060525,135.96486720921604,2.302585092994046,2484.644814191356,0.3479894697746998,-22.681050000000003,0.3336252962697766,0.7508204222332591
2,2,52920,2116.8,9.039999999999964,10,14.953239667549772,86.8336689276,136.765707627584,2.302585092994046,2481.9713470528154,0.34761503460123466,-23.099999999999998,,
2,2,52921,2116.84,9.079999999999927,10,14.992882638879822,87.2252248014,137.56130502182398,2.302585092994046,2479.492656452622,0.34726787905498907,-23.52945,,
2,2,52922,2116.88,9.11999999999989,10,15.032430458160285,87.605059788225,138.3689056912,2.302585092994046,2477.0378639766304,0.3469240705849622,-23.969400000000004,,
2,2,52923,2116.92,9.159999999999854,10,15.07073785928466,87.99486263189996,139.13227699137605,2.302585092994046,2474.694028755241,0.3465958023466723,-24.399900000000002,,
2,2,52924,2116.96,9.199999999999818,10,15.110417646972204,88.34800799002498,139.976713475904,2.302585092994046,2472.534227801745,0.3462933092159307,-24.829349999999994,0.33142011205864635,0.7535534948297056
2,2,52925,2117.0,9.239999999999782,10,15.149713210666036,88.69902313072501,140.814787234704,2.302585092994046,2470.3911201975384,0.3459931540892911,-25.2588,,
2,2,52926,2117.04,9.279999999999745,10,15.189442501415911,89.04985281990001,141.66931068392,2.302585092994046,2468.3562742571335,0.3457081616606629,-25.688250000000004,,
2,2,52927,2117.08,9.319999999999709,10,15.229531946064693,89.38925772052502,142.54938557568,2.302585092994046,2466.4529132410075,0.3454415844875361,-26.117699999999996,,
2,2,52928,2117.12,9.359999999999673,10,15.268944231384303,89.72777698289998,143.412880958224,2.302585092994046,2464.4825055345227,0.3451656170216419,-26.548199999999994,,
2,2,52929,2117.16,9.399999999999636,10,15.309017368171903,90.079672855725,144.286339923264,2.302585092994046,2462.550797950478,0.34489506974096334,-26.97765,0.32943663664670764,0.7549197210612848
2,2,52930,2117.2,9.4399999999996,10,15.346676692631569,90.417860100225,145.10262540793602,2.302585092994046,2460.76935147181,0.3446455674330266,-27.407100000000003,,
2,2,52931,2117.24,9.479999999999563,10,15.386447186059199,90.77073326212499,145.97202374726402,2.302585092994046,2458.961093529235,0.3443923100181001,-27.836549999999995,,
2,2,52932,2117.28,9.519999999999982,10,15.426257896437523,91.115686064025,146.85374662337603,2.302585092994046,2457.1761499467984,0.3441423179197196,-28.267049999999994,,
2,2,52933,2117.32,9.559999999999945,10,15.464995248810812,91.462892287725,147.703185758016,2.302585092994046,2455.2801378275144,0.3438767700038536,-28.686,,
2,2,52934,2117.36,9.599999999999909,10,15.504233860506105,91.82017782,148.56108978126403,2.302585092994046,2453.3797535060726,0.34361060973474405,-29.115450000000003,0.3275113130219978,0.7540682534580753
2,2,52935,2117.4,9.639999999999873,10,15.543782634670237,92.19430021409998,149.41487837977598,2.302585092994046,2451.3979538769836,0.3433330467614823,-29.555399999999995,,
2,2,52936,2117.44,9.679999999999836,10,15.582451368601316,92.577694203225,150.2350964516,2.302585092994046,2449.4942970495963,0.34306642815820676,-29.985899999999994,,
2,2,52937,2117.48,9.7199999999998,10,15.621061274643793,92.97383135039998,151.04372399577602,2.302585092994046,2447.3663085648463,0.3427683905553006,-30.28935,,
2,2,52938,2117.52,9.759999999999764,10,15.658744841285618,93.38832452722498,151.807965477264,2.302585092994046,2445.1114043318685,0.3424525776375166,-30.40485,,
2,2,52939,2117.56,9.799999999999727,10,15.697435965570333,93.81722564812503,152.592270245056,2.302585092994046,2442.845908674414,0.3421352813269488,-30.516150000000007,0.32544600135358964,0.7532336714607595
2,2,52940,2117.6,9.83999999999969,10,15.735286860661422,94.25704918139999,153.342203405904,2.302585092994046,2440.544723999828,0.34181298655459785,-30.6243,,
2,2,52941,2117.64,9.879999999999654,10,15.771216064756103,94.71186144472497,154.01939471649604,2.302585092994046,2438.114230971813,0.34147258136860126,-30.728249999999996,,
2,2,52942,2117.68,9.919999999999618,10,15.807129619981897,95.180374993725,154.684971829184,2.302585092994046,2435.52609210152,0.34111009693298594,-30.944550000000003,,
2,2,52943,2117.72,9.959999999999582,10,15.843756748080173,95.65004496600002,155.37458292633602,2.302585092994046,2432.6853651221945,0.34071223601151185,-31.131450000000005,,
2,2,52944,2117.76,10.0,10,15.880090007831473,96.13006796452498,156.047190692304,2.302585092994046,2429.7116745971907,0.3402957527447046,-31.319399999999998,0.3225918656086422,0.7547912338624441
2,2,52945,2117.8,10.039999999999964,10,15.91476187936659,96.6362643351,156.64338134183998,2.302585092994046,2426.4492964871615,0.3398388370430198,-31.502099999999995,,
2,2,52946,2117.84,10.079999999999927,10,15.949019793431477,97.136814604725,157.234417766544,2.302585092994046,2422.9726503472843,0.3393519118133451,-31.690050000000003,,
2,2,52947,2117.88,10.11999999999989,10,15.983292550621883,97.65737867812496,157.80826208064,2.302585092994046,2419.176848108854,0.3388202868499795,-31.8822,,
2,2,52948,2117.92,10.159999999999854,10,16.016642863502984,98.19576201802502,158.33708659897601,2.302585092994046,2415.0184310560912,0.338237875498052,-32.069100000000006,,
2,2,52949,2117.96,10.199999999999818,10,16.049320722598697,98.75230378649998,158.82839187033602,2.302585092994046,2410.6830410345124,0.33763067801603813,-32.25705,0.31946149938478763,0.7560604040962495
2,2,52950,2118.0,10.239999999999782,10,16.08315853907049,99.32897540789999,159.33901318497598,2.302585092994046,2406.139026872286,0.33699426146670675,-32.44500000000001,,
2,2,52951,2118.04,10.279999999999745,10,16.11599428464558,99.91482111922498,159.810450663504,2.302585092994046,2401.35256061445,0.3363238880412394,-32.631899999999995,,
2,2,52952,2118.08,10.319999999999709,10,16.148856925132502,100.50926361840001,160.27631637,2.163955656882057,2396.2161522342526,0.335604503114041,-32.81985,,
2,2,52953,2118.12,10.359999999999673,10,16.182416682833285,101.130385052025,160.74022464481598,2.302585092994046,2390.8351182081033,0.3348508568918912,-33.006750000000004,,
2,2,52954,2118.16,10.399999999999636,10,16.213993310802895,101.76906047962498,161.12451860313598,2.302585092994046,2385.1822304480092,0.33405913591708813,-33.1947,0.31569843296275535,0.7540429744146107
2,2,52955,2118.2,10.4399999999996,10,16.24421381665681,102.42407238839999,161.45041013286396,2.302585092994046,2379.3380008645886,0.33324061636758945,-33.382650000000005,,
2,2,52956,2118.24,10.479999999999563,10,16.272873455179944,103.10107419990001,161.7053362884,2.302585092994046,2373.456730547308,0.3324169090402392,-33.56955000000001,,
2,2,52957,2118.28,10.519999999999982,10,16.30037291298773,103.78690491959999,161.91525218286404,2.302585092994046,2367.4063349930634,0.33156951470491086,-33.7575,,
2,2,52958,2118.32,10.559999999999945,10,16.3281786477056,104.50245472852501,162.10696322286398,2.302585092994046,2361.264530811401,0.3307093180408125,-33.9402,,
2,2,52959,2118.36,10.599999999999909,10,16.35497368417953,105.23446957012496,162.25069464007998,2.302585092994046,2355.030029620362,0.32983613860229155,-34.128150000000005,0.3280427444100556,0.7976942200166391
2,2,52960,2118.4,10.639999999999873,10,16.381273533530443,105.98544489802501,162.36067768232,2.302585092994046,2348.6440480220913,0.32894174342046095,-34.3203,,
2,2,52961,2118.44,10.679999999999836,10,16.406948286426974,106.762860425025,162.42509164846402,2.302585092994046,2342.176792532764,0.32803596534072327,-34.507200000000005,,
2,2,52962,2118.48,10.7199999999998,10,16.43336647211143,107.57080288710003,162.48473071961604,2.302585092994046,2335.7870254613417,0.32714103998058014,-34.69515,,
2,2,52963,2118.52,10.759999999999764,10,16.45633719641391,108.3713134959,162.43972042617602,2.302585092994046,2329.2982288061826,0.3262322449308379,-34.8831,,
2,2,52964,2118.56,10.799999999999727,10,16.47825645094529,109.1972485044,162.33568715872,2.302585092994046,2322.8594863745498,0.3253304602765476,-35.06999999999999,0.32309507583561015,0.7892263009087245
2,2,52965,2118.6,10.83999999999969,10,16.500105896506845,110.03781501089998,162.21567958504,2.302585092994046,2316.315172172981,0.3244138896600814,-35.25795,,
2,2,52966,2118.64,10.879999999999654,10,16.51925348663359,110.88946966860003,161.99626608705603,2.302585092994046,2309.7534120455557,0.3234948756366325,-35.44485,,
2,2,52967,2118.68,10.919999999999618,10,16.537454853539465,111.764203047,161.72320998585602,2.302585092994046,2303.220382950598,0.32257988556731065,-35.632799999999996,,
2,2,52968,2118.72,10.959999999999582,10,16.554901923527936,112.638941419725,161.425836277904,2.302585092994046,2296.5589096817675,0.3216469061178946,-35.82075,,
2,2,52969,2118.76,11.0,10,16.5711930032415,113.54697535860001,161.05746219207998,2.302585092994046,2289.916945776687,0.32071665907236513,-36.00765,0.3030259679536659,0.7354976502603023
2,2,52970,2118.8,11.039999999999964,10,16.588035221618654,114.463738561725,160.699173951936,2.302585092994046,2283.160877531657,0.31977043102684277,-36.19035,,
2,2,52971,2118.84,11.079999999999927,10,16.60287632475617,115.38596940412499,160.26953285102394,2.302585092994046,2276.595660420151,0.3188509328319539,-36.378299999999996,,
2,2,52972,2118.88,11.11999999999989,10,16.61656197244376,116.32344829560002,159.786683488464,2.302585092994046,2269.8953210384584,0.31791250994936393,-36.46124999999999,,
2,2,52973,2118.92,11.159999999999854,10,16.629102398069143,117.261549283725,159.265497281744,2.302585092994046,2263.273110850136,0.3169850295308314,-36.603,,
2,2,52974,2118.96,11.199999999999818,10,16.640493467395398,118.20009977212494,158.70592306630402,2.302585092994046,2256.4187780823077,0.3160250389471019,-36.740550000000006,0.2987079965657563,0.7257089971160319
2,2,52975,2119.0,11.239999999999782,10,16.651522069325196,119.14357776300002,158.129609462224,2.302585092994046,2249.6798764328732,0.31508121518667687,-36.8802,,
2,2,52976,2119.04,11.279999999999745,10,16.66058094828452,120.08999883352502,157.484958700816,2.302585092994046,2243.0026024814874,0.3141460227565108,-37.01669999999999,,
2,2,52977,2119.08,11.319999999999709,10,16.669330539580287,121.0301350146,156.83644562318403,2.302585092994046,2236.255049223687,0.31320098728623064,-37.15215,,
2,2,52978,2119.12,11.359999999999673,10,16.676856505019284,121.97468949750001,156.14285339150402,2.302585092994046,2229.4775507141653,0.3122517578031044,-37.28445,,
2,2,52979,2119.16,11.399999999999636,10,16.68386062575398,122.91115515839995,155.44005022118398,2.302585092994046,2222.8947432495984,0.3113297959733331,-37.41465,0.2937943137108075,0.711983092639016
2,2,52980,2119.2,11.4399999999996,10,16.689667351798118,123.86199415589999,154.683002157776,2.302585092994046,2216.156555265449,0.3103860721660293,-37.5417,,
2,2,52981,2119.24,11.479999999999563,10,16.69387150824997,124.79193204660002,153.89341388736005,2.302585092994046,2210.138487709909,0.30954320556161186,-37.667699999999996,,
2,2,52982,2119.28,11.519999999999982,10,16.69664498618917,125.7162124365,153.06174135833598,2.302585092994046,2204.702469108681,0.3087818584185827,-37.788450000000005,,
2,2,52983,2119.32,11.559999999999945,10,16.696793782932968,126.619086829725,152.163835800064,2.302585092994046,2199.843878215573,0.3081013835035817,-37.902899999999995,,
2,2,52984,2119.36,11.599999999999909,10,16.695625625215396,127.52327839072504,151.22063662662399,2.302585092994046,2195.628297793213,0.3075109660774808,-38.01630000000001,0.28832551255604555,0.6969205429162538
2,2,52985,2119.4,11.639999999999873,10,16.693250160070566,128.41730678699997,150.24729411969597,2.302585092994046,2189.9123743069013,0.3067104165695941,-38.13075,,
2,2,52986,2119.44,11.679999999999836,10,16.6912717696624,129.29989315162499,149.29866013710398,2.302585092994046,2182.525970791309,0.30567590627329255,-38.234700000000004,,
2,2,52987,2119.48,11.7199999999998,10,16.68748573243387,130.16394885059998,148.308231219584,2.302585092994046,2173.9165915587464,0.3044701108625696,-38.3397,,
2,2,52988,2119.52,11.759999999999764,10,16.682520133048126,131.0074590321,147.29901895745598,2.302585092994046,2164.4946840091397,0.3031505159676667,-38.43735,,
2,2,52989,2119.56,11.799999999999727,10,16.67610958161777,131.84357271749997,146.249058060624,2.302585092994046,2155.1529405569204,0.3018421485373838,-38.533950000000004,0.283227145342023,0.6823861098327438
2,2,52990,2119.6,11.83999999999969,10,16.669295256753507,132.664088288025,145.20131606880003,2.302585092994046,2145.8909448418544,0.3005449502579628,-38.62635,,
2,2,52991,2119.64,11.879999999999654,10,16.660604930398684,133.470649946025,144.1051067008,2.302585092994046,2136.598151557195,0.2992434385934446,-38.7135,,
2,2,52992,2119.68,11.919999999999618,10,16.651766013222264,134.2658905056,143.01542085350403,2.302585092994046,2127.4147683027327,0.2979572504625676,-38.7996,,
2,2,52993,2119.72,11.959999999999582,10,16.641187244347563,135.0214638759,141.90764902553602,2.302585092994046,2118.6405447993466,0.29672836761895616,-38.8857,,
2,2,52994,2119.76,12.0,10,16.629320060829187,135.7676450046,140.76664068089602,2.302585092994046,2109.689508820189,0.29547472112327583,-38.966550000000005,0.2778757885890897,0.6669655898752592
2,2,52995,2119.8,12.039999999999964,10,16.61461080391668,136.50116543122493,139.5441267344,2.302585092994046,2100.6315184854716,0.2942060950259764,-39.04425,,
2,2,52996,2119.84,12.079999999999927,10,16.60005071268326,137.23185796739995,138.32982569625602,2.302585092994046,2091.750391684874,0.292962239731775,-39.1209,,
2,2,52997,2119.88,12.11999999999989,10,16.584257454069387,137.94690912660002,137.090686176256,2.302585092994046,2082.9615618283046,0.2917313111804348,-39.199650000000005,,
2,2,52998,2119.92,12.159999999999854,10,16.56771621560042,138.65329098652504,135.83592961414402,2.302585092994046,2074.354515659078,0.29052584252928265,-39.2721,,
2,2,52999,2119.96,12.199999999999818,10,16.5514367301682,139.331236538025,134.618821294736,2.302585092994046,2065.6391822476353,0.289305207597708,-39.34455,0.27254032862402844,0.6513070379990902
2,2,53000,2120.0,12.239999999999782,10,16.534584735076507,139.970178065025,133.42231429640003,2.302585092994046,2057.182742431055,0.288120832273257,-39.41805,,
2,2,53001,2120.04,12.279999999999745,10,16.51648781832094,140.60691299340002,132.18745685934397,2.302585092994046,2048.787306723467,0.2869450009416619,-39.491550000000004,,
2,2,53002,2120.08,12.319999999999709,10,16.49832420969054,141.23057489572503,130.964126832336,2.302585092994046,2040.2579274637826,0.28575041000893314,-39.566100000000006,,
2,2,53003,2120.12,12.359999999999673,10,16.48032021987634,141.83637240622497,129.76458214344,2.302585092994046,2031.8690061823518,0.28457549106195407,-39.637499999999996,,
2,2,53004,2120.16,12.399999999999636,10,16.462221105317624,142.41520320772503,128.58952051264,2.302585092994046,2023.7453969096575,0.2834377306596159,-39.709950000000006,0.2684161881770548,0.6377310219416773
2,2,53005,2120.2,12.4399999999996,10,16.44256791279589,142.963522101225,127.39451746568,2.302585092994046,2015.672947478767,0.2823071355012278,-39.7782,,
2,2,53006,2120.24,12.479999999999563,10,16.42226945932821,143.51331864240007,126.17761555238401,2.302585092994046,2007.584691999051,0.28117432661051134,-39.84855,,
2,2,53007,2120.28,12.519999999999982,10,16.400805731976977,144.04103195422493,124.945396703824,2.163955656882057,1999.4169864126563,0.28003039025387344,-39.9147,,
2,2,53008,2120.32,12.559999999999945,10,16.379102694191797,144.575212961025,123.69979210585602,2.163955656882057,1990.8236671423263,0.2788268441375807,-39.9798,,
2,2,53009,2120.36,12.599999999999909,10,16.357077366339166,145.08744067912502,122.46653928928,2.163955656882057,1982.525051486659,0.27766457303734715,-40.04595,0.26215883097055775,0.6185924758867629
2,2,53010,2120.4,12.639999999999873,10,16.334949950107625,145.593212510025,121.237377362496,2.163955656882057,1974.536388681695,0.2765457127005175,-40.11105,,
2,2,53011,2120.44,12.679999999999836,10,16.314098845382052,146.09184017399997,120.057980962896,2.163955656882057,1967.0802852452798,0.27550144051054337,-40.173,,
2,2,53012,2120.48,12.7199999999998,10,16.2923035643737,146.5628160906,118.87633934310402,2.163955656882057,1959.5706153094109,0.2744496660097214,-40.239149999999995,,
2,2,53013,2120.52,12.759999999999764,10,16.271191487223334,147.04035974302502,117.711312670864,2.163955656882057,1952.4237445015701,0.27344870371170454,-40.30215,,
2,2,53014,2120.56,12.799999999999727,10,16.249096216299694,147.50307921352504,116.53004863304,2.302585092994046,1945.0631768789117,0.2724178118878028,-40.36515000000001,0.2572007784930628,0.6026225459758718
2,2,53015,2120.6,12.83999999999969,10,16.227785809288953,147.97218214799994,115.36885012415999,2.302585092994046,1937.6369381881145,0.2713777224353101,-40.428149999999995,,
2,2,53016,2120.64,12.879999999999654,10,16.207264905355284,148.43217100162505,114.24326471073603,2.302585092994046,1930.0742692314273,0.27031852510244087,-40.4901,,
2,2,53017,2120.68,12.919999999999618,10,16.186183304618293,148.90615858439998,113.086371386304,2.302585092994046,1922.3788045193328,0.2692407289242763,-40.5531,,
2,2,53018,2120.72,12.959999999999582,10,16.165023312480592,149.36724208822503,111.940736604816,2.302585092994046,1914.5653247170471,0.2681464040219954,-40.61715,,
2,2,53019,2120.76,13.0,10,16.143731584126886,149.809292892,110.81077656833602,2.302585092994046,1906.6837633930563,0.26704254389258497,-40.681200000000004,0.250764009824679,0.5831360272439705
2,2,53020,2120.8,13.039999999999964,10,16.122781340926135,150.26948084609995,109.674597321216,2.302585092994046,1898.5836018822877,0.2659080674905165,-40.744200000000006,,
2,2,53021,2120.84,13.079999999999927,10,16.10012722050779,150.70696576739996,108.50713074913601,2.302585092994046,1889.9868616056247,0.26470404224168415,-40.8093,,
2,2,53022,2120.88,13.11999999999989,10,16.078490362595893,151.155535455225,107.36231688486403,2.163955656882057,1881.9412671625105,0.2635772082860659,-40.8765,,
2,2,53023,2120.92,13.159999999999854,10,16.057000102628635,151.61033362860007,106.21691866721599,2.163955656882057,1873.8785382090425,0.26244797453908153,-40.94369999999999,,
2,2,53024,2120.96,13.199999999999818,10,16.03558462683241,152.06124545639997,105.078728867904,2.163955656882057,1865.5331943344654,0.26127915887037323,-41.01090000000001,0.24699195247961853,0.5719784889690827
2,2,53025,2121.0,13.239999999999782,10,16.0144766260225,152.49392163652502,103.96953996889602,2.163955656882057,1857.617268698555,0.26017048581212254,-41.080200000000005,,
2,2,53026,2121.04,13.279999999999745,10,15.993027921524462,152.95116304912503,102.82577904953601,2.163955656882057,1848.7566558307306,0.2589295036177494,-41.146350000000005,,
2,2,53027,2121.08,13.319999999999709,10,15.97285232088649,153.39905583502497,101.73295542982399,2.163955656882057,1840.4037962044838,0.2577596353227568,-41.213550000000005,,
2,2,53028,2121.12,13.359999999999673,10,15.95404251298526,153.86457838972504,100.66689411641599,2.163955656882057,1830.6160987020282,0.2563888093420207,-41.34165,,
2,2,53029,2121.16,13.399999999999636,10,15.93581220147301,154.32901307460006,99.621097446016,2.163955656882057,1821.0066090125306,0.25504294243872977,-41.496,0.24400384730781824,0.5617607101466245
2,2,53030,2121.2,13.4399999999996,10,15.916808760786946,154.78705454940007,98.55774657806397,2.163955656882057,1809.8542559206162,0.2534809882241759,-41.650349999999996,,
2,2,53031,2121.24,13.479999999999563,10,15.898660441403987,155.25807341939998,97.50933041166402,2.163955656882057,1798.8630957376367,0.25194161004728804,-41.804700000000004,,
2,2,53032,2121.28,13.519999999999982,10,15.881377150817904,155.760064436025,96.458075770496,2.163955656882057,1784.7474144167447,0.24996462386789148,-41.959050000000005,,
2,2,53033,2121.32,13.559999999999945,10,15.864909073862636,156.26418476602498,95.43115515590401,2.163955656882057,1768.9483622987773,0.247751871470417,-42.109199999999994,,
2,2,53034,2121.36,13.599999999999909,10,15.848093430815581,156.7652206869,94.39684470496,2.163955656882057,1749.2086050955972,0.2449871995932209,-42.26355,0.24066813420208372,0.5504988037189434
2,2,53035,2121.4,13.639999999999873,10,15.831136500800094,157.26535297672498,93.35952993024003,2.163955656882057,1725.017922207688,0.24159914876858374,-42.42105,,
2,2,53036,2121.44,13.679999999999836,10,15.815940590479464,157.78716925859993,92.35680750297598,2.163955656882057,1698.6152327316727,0.23790129309967403,-42.575399999999995,,
2,2,53037,2121.48,13.7199999999998,10,15.801045377692452,158.320873809,91.35216121889601,2.163955656882057,1669.5991812864522,0.23383742034824267,-42.72975,,
2,2,53038,2121.52,13.759999999999764,10,15.786610803343573,158.8587006069,90.35838004934399,2.163955656882057,1643.7552778614336,0.23021782603101312,-42.884100000000004,,
2,2,53039,2121.56,13.799999999999727,10,15.772843994313773,159.39117348840006,89.39143418056,2.163955656882057,1624.6009922694611,0.22753515297891613,-43.037400000000005,0.23922032838540183,0.5434540384610116
2,2,53040,2121.6,13.83999999999969,10,15.760139325485833,159.93359878072502,88.448392778,2.163955656882057,1609.3877002299353,0.22540443980811414,-43.19175,,
2,2,53041,2121.64,13.879999999999654,10,15.74807489861361,160.464328731,87.53753428134402,2.163955656882057,1597.1736237839666,0.22369378484369273,-43.34609999999999,,
2,2,53042,2121.68,13.919999999999618,10,15.736645241871631,160.98445084522507,86.65755262329597,2.302585092994046,1586.8274217614387,0.22224473694137795,-43.50045000000001,,
2,2,53043,2121.72,13.959999999999582,10,15.72559449174358,161.50242557610002,85.79189654265602,2.302585092994046,1577.1680388148507,0.22089188218695385,-43.6548,,
2,2,53044,2121.76,14.0,10,15.714260176533319,162.03984688552495,84.89812601025602,2.302585092994046,1568.6376949948065,0.2196971561617376,-43.8081,0.2392158056014913,0.5407146237105815
2,2,53045,2121.8,14.039999999999964,10,15.703854327627374,162.58513042012498,84.025910323216,2.302585092994046,1561.7851724793884,0.2187374191147603,-43.959300000000006,,
2,2,53046,2121.84,14.079999999999927,10,15.69558177420541,163.14563440822505,83.20565282254398,2.302585092994046,1555.9195292084225,0.21791590044935893,-43.9782,,
2,2,53047,2121.88,14.11999999999989,10,15.688490378343257,163.708943553225,82.41978679814397,2.302585092994046,1550.981959475929,0.21722436407225898,-44.04645,,
2,2,53048,2121.92,14.159999999999854,10,15.679948845673222,164.255704790625,81.605091012304,2.302585092994046,1546.142080218944,0.21654650983458607,-44.107350000000004,,
2,2,53049,2121.96,14.199999999999818,10,15.672852244097786,164.83217072962498,80.80612673569603,2.302585092994046,1541.868350456412,0.21594794824319494,-44.1672,0.23919198123787658,0.5406067341542934
2,3,89857,3594.28,-2.0,10,17.415517826391497,96.8182691364,206.48199202496,2.0253262207700677,5288.28809545039,0.7406565960014553,15.884399999999998,0.7319119131521794,0.9984795082188103
2,3,89858,3594.32,-1.9600000000000364,10,17.424131689663074,96.98023821622499,206.62012692249596,2.0253262207700677,5288.949948190175,0.7407492924636099,16.040849999999995,,
2,3,89859,3594.36,-1.9200000000000728,10,17.433427092726205,97.14947645340001,206.77490374400003,2.0253262207700677,5289.535535347673,0.740831307471663,16.112249999999996,,
2,3,89860,3594.4,-1.8800000000001091,10,17.44411063174274,97.3338678144,206.96312791808,2.0253262207700677,5290.0951341435875,0.7409096826531636,16.18365,,
2,3,89861,3594.44,-1.8400000000001455,10,17.454739423346773,97.5154676454,207.152460691536,2.0253262207700677,5290.625188999228,0.7409839200279031,16.257150000000003,,
2,3,89862,3594.48,-1.800000000000182,10,17.466746242627476,97.71063269152503,207.37659161281596,2.0253262207700677,5291.118190294869,0.7410529678284129,16.332749999999997,0.7331161222240266,0.9985896974867066
2,3,89863,3594.52,-1.7600000000002183,10,17.477752766882357,97.89660242459999,207.57523935566397,2.0253262207700677,5291.600852902383,0.741120567633387,16.409399999999998,,
2,3,89864,3594.56,-1.7200000000002547,10,17.488569900180057,98.07774462989994,207.77233252358397,2.0253262207700677,5292.111561514035,0.741192095450145,16.48605,,
2,3,89865,3594.6,-1.680000000000291,10,17.501994801412668,98.28087055290001,208.03895147577606,2.0253262207700677,5292.683879633452,0.7412722520495032,16.5627,,
2,3,89866,3594.64,-1.6400000000003274,10,17.51552751601333,98.48356164990001,208.31014251431998,2.0253262207700677,5293.367856420517,0.7413680471177194,16.641450000000003,,
2,3,89867,3594.68,-1.6000000000003638,10,17.528569495207986,98.6901915384,208.56055700993602,2.0253262207700677,5293.879793305736,0.7414397469615875,16.663499999999996,0.7338030183716606,0.9986547388391834
2,3,89868,3594.72,-1.5600000000004002,10,17.542064747817147,98.88692941102502,208.837106205584,2.163955656882057,5294.4628673325105,0.7415214099905478,16.412549999999996,,
2,3,89869,3594.76,-1.5199999999999818,10,17.556256696785365,99.10597459612498,209.116174607296,2.163955656882057,5295.143820505518,0.7416167815834058,16.16055,,
2,3,89870,3594.8,-1.4800000000000182,10,17.569121547405864,99.31646870302498,209.357563244496,2.163955656882057,5295.491915785794,0.7416655344237807,15.9096,,
2,3,89871,3594.84,-1.4400000000000546,10,17.582589281198032,99.51531422490002,209.63213160639998,2.163955656882057,5295.955396949692,0.7417304477520577,15.657600000000004,,
2,3,89872,3594.88,-1.400000000000091,10,17.597553842209464,99.73983033472499,209.93407089473604,2.163955656882057,5296.430960070458,0.7417970532311565,15.406650000000003,0.7331595524204276,0.9986315213354243
2,3,89873,3594.92,-1.3600000000001273,10,17.612746181444308,99.95852743852502,210.250300613456,2.163955656882057,5296.874253127073,0.7418591390934275,15.154649999999995,,
2,3,89874,3594.96,-1.3200000000001637,10,17.628166835410426,100.1796694794,210.57259649766402,2.163955656882057,5297.261883003213,0.7419134289920467,14.903699999999995,,
2,3,89875,3595.0,-1.2800000000002,10,17.64256883934732,100.40670171472502,210.85353353638402,2.163955656882057,5297.452902913623,0.7419401824808998,14.6517,,
2,3,89876,3595.04,-1.2400000000002365,10,17.6568553722461,100.62249654240001,211.14204509401597,2.163955656882057,5297.397421586691,0.7419324119869315,14.400749999999999,,
2,3,89877,3595.08,-1.2000000000002728,10,17.67171525927011,100.83612999599998,211.45339020872,2.163955656882057,5297.639281979752,0.7419662859915619,14.247449999999997,0.7314750442024472,0.9986554466320802
2,3,89878,3595.12,-1.1600000000003092,10,17.686511564263203,101.05850618639997,211.754185126416,2.163955656882057,5297.800436687764,0.7419888566789585,14.43645,,
2,3,89879,3595.16,-1.1200000000003456,10,17.7014839919783,101.27801790539999,212.064517612864,2.163955656882057,5297.729549633151,0.7419789285200492,14.624399999999996,,
2,3,89880,3595.2,-1.080000000000382,10,17.715206955499106,101.49896397689997,212.329593499264,2.163955656882057,5297.691720061623,0.7419736302607313,14.812350000000002,,
2,3,89881,3595.24,-1.0400000000004184,10,17.729311950180836,101.71069959802502,212.6178026288,2.163955656882057,5297.560366276044,0.741955233371995,15.001350000000006,,
2,3,89882,3595.28,-1.0,10,17.74146404493499,101.91094517362501,212.848601284096,2.163955656882057,5297.175866762353,0.7419013818994891,15.189300000000001,0.7300923914805777,0.9986075337250983
2,3,89883,3595.32,-0.9600000000000364,10,17.75360960361078,102.10220197852496,213.088451978896,2.163955656882057,5296.54316393869,0.7418127680586399,15.378300000000003,,
2,3,89884,3595.36,-0.9200000000000728,10,17.76532899714725,102.29125272502499,213.315661651856,2.163955656882057,5295.913885971537,0.7417246338895709,15.56625,,
2,3,89885,3595.4,-0.8800000000001091,10,17.777620672116278,102.4744579614,213.569338800256,2.163955656882057,5295.479829831625,0.7416638417131127,15.754199999999996,,
2,3,89886,3595.44,-0.8400000000001455,10,17.788934928171614,102.66117802290005,213.78502785582404,2.163955656882057,5294.987967321886,0.7415949534064264,15.943199999999997,,
2,3,89887,3595.48,-0.8000000000001819,10,17.800780507575755,102.848673285225,214.019113393664,2.163955656882057,5294.322871482856,0.741501802728691,16.131150000000005,0.7281376536554831,0.9985461893637586
2,3,89888,3595.52,-0.7600000000002183,10,17.81188729616491,103.028197946625,214.23513110465598,2.163955656882057,5293.568861301648,0.7413961990618554,16.320149999999995,,
2,3,89889,3595.56,-0.7200000000002547,10,17.821530746112693,103.18569350039999,214.42126463423998,2.163955656882057,5292.648646572043,0.7412673174470648,16.508100000000002,,
2,3,89890,3595.6,-0.680000000000291,10,17.830575183644974,103.32656354160001,214.60284783801598,2.163955656882057,5291.787672061982,0.7411467327817901,16.69605,,
2,3,89891,3595.64,-0.6400000000003274,10,17.839014738492594,103.46415038189998,214.76629645825597,2.163955656882057,5290.887754962373,0.7410206939723212,16.88505,,
2,3,89892,3595.68,-0.6000000000003638,10,17.846104286969297,103.5878286114,214.89560960998398,2.163955656882057,5289.99430085486,0.7408955603438179,17.072999999999997,0.7244797857734071,0.9983761828257322
2,3,89893,3595.72,-0.5600000000004002,10,17.852847305589773,103.70923282440003,215.01492409230394,2.163955656882057,5289.715949223239,0.7408565755214621,17.260950000000005,,
2,3,89894,3595.76,-0.5199999999999818,10,17.858770090900464,103.82506404322498,215.110605116416,2.163955656882057,5289.420063449973,0.740815134936971,17.449949999999994,,
2,3,89895,3595.8,-0.4800000000000182,10,17.86396593954839,103.94718832102497,215.17409076832,2.163955656882057,5287.795300174474,0.7405875770552485,17.637900000000002,,
2,3,89896,3595.84,-0.44000000000005457,10,17.86870496581932,104.05885436100002,215.23176279449598,2.163955656882057,5283.940778664591,0.7400477281042842,17.826900000000006,,
2,3,89897,3595.88,-0.40000000000009095,10,17.871252245567042,104.15286062212503,215.22879620255998,2.163955656882057,5275.669237067026,0.7388892488889393,18.01485,0.7194338589277254,0.9983920456080932
2,3,89898,3595.92,-0.36000000000012733,10,17.87330304405039,104.25482864212499,215.200133062336,2.163955656882057,5269.49145235261,0.7380240129345396,18.202799999999996,,
2,3,89899,3595.96,-0.3200000000001637,10,17.876132760018905,104.35914913252505,215.19697332129599,2.163955656882057,5265.2603445853465,0.7374314208102726,18.391799999999996,,
2,3,89900,3596.0,-0.2800000000002001,10,17.878995646234745,104.460074672625,215.19841064545602,2.163955656882057,5261.770066688858,0.7369425863709885,18.579750000000004,,
2,3,89901,3596.04,-0.24000000000023647,10,17.880773907002013,104.5603405539,215.161734959424,2.0253262207700677,5258.489245552081,0.7364830876123363,18.7677,,
2,3,89902,3596.08,-0.20000000000027285,10,17.880681634909227,104.63523055650003,215.08354517248,2.0253262207700677,5255.191421320058,0.7360212074677953,18.956700000000005,0.7129085393349279,0.9982117275979699
2,3,89903,3596.12,-0.16000000000030923,10,17.880093982226267,104.70890886749999,214.988851945744,2.0253262207700677,5251.878940606613,0.7355572745947636,19.14465,,
2,3,89904,3596.16,-0.12000000000034561,10,17.87595865522339,104.77438991460001,214.77550792865594,2.0253262207700677,5248.253114153792,0.7350494557638365,19.333650000000002,,
2,3,89905,3596.2,-0.08000000000038199,10,17.86998765524266,104.835373566525,214.501085232,2.0253262207700677,5244.287097042025,0.7344939911823565,19.521599999999996,,
2,3,89906,3596.24,-0.04000000000041837,10,17.863542745502528,104.90162516189999,214.20453425849595,2.0253262207700677,5239.8812061642775,0.7338769196308513,19.709550000000004,,
2,3,89907,3596.28,0.0,10,17.855972737994673,104.95322265802497,213.882539761984,2.0253262207700677,5235.176564927275,0.7332180062923354,19.898549999999997,0.7036030738797454,0.9980561632873524
2,3,89908,3596.32,0.03999999999996362,10,17.847149991148758,104.99530243702502,213.525460369536,2.0253262207700677,5230.044691044483,0.7324992564488072,20.480249999999995,,
2,3,89909,3596.36,0.07999999999992724,10,17.83704633024428,105.036438564225,213.123783223056,2.0253262207700677,5224.579580030887,0.7317338347382195,20.3616,,
2,3,89910,3596.4,0.11999999999989086,10,17.824367968345914,105.06492402209994,212.64316944889597,2.0253262207700677,5218.888550508103,0.7309367717798464,20.24085,,
2,3,89911,3596.44,0.15999999999985448,10,17.811292031558406,105.09373468439996,212.14838914905604,2.0253262207700677,5212.825468500955,0.7300876006303859,20.115899999999996,,
2,3,89912,3596.48,0.1999999999998181,10,17.798503307775743,105.13601114940002,211.65070884750398,2.163955656882057,5206.383317903033,0.7291853386418814,19.98675,0.6922383980845916,0.9977400793070911
2,3,89913,3596.52,0.23999999999978172,10,17.783989493387473,105.17457373289999,211.09570856801602,2.163955656882057,5199.440970086934,0.7282130210205789,19.857599999999994,,
2,3,89914,3596.56,0.27999999999974534,10,17.768969841420073,105.2092895616,210.52699966369605,2.163955656882057,5192.0458600409165,0.7271772913222572,19.723200000000002,,
2,3,89915,3596.6,0.31999999999970896,10,17.753944788803526,105.24320594549997,209.959349618384,2.163955656882057,5184.300301191165,0.7260924791584266,19.586700000000004,,
2,3,89916,3596.64,0.3599999999996726,10,17.73735189359573,105.27724073789997,209.33641145934402,2.163955656882057,5176.041948199496,0.7249358470867642,19.447049999999997,,
2,3,89917,3596.68,0.3999999999996362,10,17.71860374434907,105.30002439652499,208.648894252736,2.163955656882057,5167.098497984939,0.7236832630231007,19.307400000000005,0.6790286034444751,0.9973476104645739
2,3,89918,3596.72,0.4399999999995998,10,17.698448479481502,105.31551813772504,207.91956044313602,2.163955656882057,5157.592669763559,0.7223519145327112,19.165649999999996,,
2,3,89919,3596.76,0.4800000000000182,10,17.678461118757593,105.3205965504,207.20739097702398,2.163955656882057,5147.470060978344,0.7209341822098521,19.01865,,
2,3,89920,3596.8,0.5199999999999818,10,17.657893537545867,105.32354181300002,206.47766237030402,2.163955656882057,5136.736937408197,0.7194309436145936,18.872700000000002,,
2,3,89921,3596.84,0.5599999999999454,10,17.63582913313522,105.315011781525,205.707457431616,2.302585092994046,5125.288671725456,0.7178275450595877,18.723600000000005,,
2,3,89922,3596.88,0.599999999999909,10,17.611818298223184,105.31446061972494,204.861683149904,2.302585092994046,5112.784985841322,0.7160763285492047,18.572400000000005,0.6654537028633456,0.99659955234567
2,3,89923,3596.92,0.6399999999998727,10,17.58699451526329,105.30884845372505,203.993527626176,2.302585092994046,5099.447566003754,0.7142083425775566,18.420149999999996,,
2,3,89924,3596.96,0.6799999999998363,10,17.560463542233048,105.29168776559997,203.07819205249604,2.302585092994046,5085.31999413015,0.7122296910546427,18.264750000000006,,
2,3,89925,3597.0,0.7199999999997999,10,17.534789039678266,105.287059437525,202.181767228496,2.163955656882057,5069.875223154586,0.7100665578647879,18.108299999999993,,
2,3,89926,3597.04,0.7599999999997635,10,17.50761339768959,105.2783122356,201.23821464736002,2.163955656882057,5052.8673926307565,0.7076845087718145,17.949750000000005,,
2,3,89927,3597.08,0.7999999999997272,10,17.48550593373449,105.37203964140004,200.37087811726397,2.163955656882057,5029.815708904565,0.7044559816392948,17.790149999999997,0.6514816795349145,0.9955999781436459
2,3,89928,3597.12,0.8399999999996908,10,17.460630676680726,105.4561060161,199.41751761134398,2.163955656882057,5013.218884816346,0.7021314964728775,17.628449999999997,,
2,3,89929,3597.16,0.8799999999996544,10,17.435072795967358,105.54795525802498,198.43380814265598,2.163955656882057,4997.385718122094,0.6999139661235424,17.46465,,
2,3,89930,3597.2,0.919999999999618,10,17.408076876748936,105.64143588022505,197.399704666576,2.163955656882057,4980.805651147648,0.6975918278918274,17.300849999999997,,
2,3,89931,3597.24,0.9599999999995816,10,17.38169982167095,105.7395843441,196.38390434657597,2.163955656882057,4964.75648435322,0.6953440454276218,17.134949999999993,,
2,3,89932,3597.28,1.0,10,17.35512310738348,105.85236744810001,195.347930624336,2.163955656882057,4948.553245237413,0.6930746842069206,16.969050000000003,0.6372181462639144,0.9939689603558652
2,3,89933,3597.32,1.0399999999999636,10,17.329420981832715,105.98685035400001,194.32198121158402,2.163955656882057,4932.677472612451,0.6908511866403995,16.80105,,
2,3,89934,3597.36,1.0799999999999272,10,17.3036541328754,106.1234137656,193.29303258457594,2.163955656882057,4916.643091011195,0.6886054749315399,16.6341,,
2,3,89935,3597.4,1.1199999999998909,10,17.278360441518288,106.28781327359998,192.253926273424,2.163955656882057,4900.804173141865,0.6863871390954992,16.46505,,
2,3,89936,3597.44,1.1599999999998545,10,17.253178741942136,106.45048666349999,191.221690037904,2.163955656882057,4885.065050342837,0.6841827801600611,16.034550000000003,,
2,3,89937,3597.48,1.199999999999818,10,17.227295707508013,106.63089209010002,190.14882530382403,2.163955656882057,4868.867663877909,0.6819142386383625,15.611400000000003,0.6230760830941174,0.9914044708541364
2,3,89938,3597.52,1.2399999999997817,10,17.201729123441517,106.81533059400002,189.08415424225603,2.302585092994046,4852.080488266939,0.6795630935948094,15.188249999999995,,
2,3,89939,3597.56,1.2799999999997453,10,17.175601137731075,107.00862209572499,187.992652346704,2.302585092994046,4834.579691432019,0.6771120016011233,14.765099999999997,,
2,3,89940,3597.6,1.319999999999709,10,17.149868700367243,107.20385154990001,186.91414488993604,2.302585092994046,4816.19875921749,0.6745376413469876,14.340900000000003,,
2,3,89941,3597.64,1.3599999999996726,10,17.125100243122112,107.421131643525,185.84792669345603,2.302585092994046,4798.4124248598355,0.6720465581036185,13.917749999999995,,
2,3,89942,3597.68,1.3999999999996362,10,17.100097397382303,107.64603128002503,184.767299719936,2.302585092994046,4784.679230139438,0.6701231414761117,13.494599999999997,0.6081706915324201,0.9876950836645411
2,3,89943,3597.72,1.4399999999995998,10,17.07442598234708,107.875692614025,183.660330012624,2.163955656882057,4774.307919217467,0.668670576921214,13.071449999999999,,
2,3,89944,3597.76,1.4800000000000182,10,17.04869940063819,108.11977517722497,182.53837607609603,2.163955656882057,4764.4500618836255,0.6672899246335612,12.6483,,
2,3,89945,3597.8,1.5199999999999818,10,17.023631755120906,108.37782579802497,181.426212335936,2.163955656882057,4749.363839907005,0.6651770083903369,12.225150000000003,,
2,3,89946,3597.84,1.5599999999999454,10,16.99842789459134,108.64552668952494,180.30102419809603,2.163955656882057,4731.713631511946,0.6627049904078356,11.802000000000007,,
2,3,89947,3597.88,1.599999999999909,10,16.974017736897327,108.91912560322503,179.19815252927998,2.163955656882057,4712.195292766409,0.659971329519105,11.3778,0.5923883838770702,0.9821661980581039
2,3,89948,3597.92,1.6399999999998727,10,16.94863118151224,109.21303049422504,178.04306843270402,2.163955656882057,4691.048729799374,0.6570096260223213,10.954650000000004,,
2,3,89949,3597.96,1.6799999999998363,10,16.925229003076915,109.51609137210001,176.947285434496,2.302585092994046,4668.756089996563,0.6538874075625439,10.531499999999994,,
2,3,89950,3598.0,1.7199999999998,10,16.902887686867114,109.8267757839,175.88083637094397,2.302585092994046,4646.4122124702135,0.6507580129510103,10.108349999999996,,
2,3,89951,3598.04,1.7599999999997635,10,16.879875922543416,110.13937582252497,174.790835337936,2.302585092994046,4622.719298380077,0.6474396776442685,9.685199999999998,,
2,3,89952,3598.08,1.7999999999997272,10,16.85719829786151,110.45734286422498,173.70779158919999,2.302585092994046,4597.762655398043,0.6439443494955241,9.26205,0.5782063441797398,0.9744419276358184
2,3,89953,3598.12,1.8399999999996908,10,16.83544199773454,110.79988250310001,172.63222475598403,2.163955656882057,4570.6118590490505,0.6401417169536485,8.837849999999996,,
2,3,89954,3598.16,1.8799999999996544,10,16.814128256854264,111.156575618025,171.55833341992,2.163955656882057,4540.534297768927,0.6359291733569926,8.414699999999998,,
2,3,89955,3598.2,1.919999999999618,10,16.79325047501195,111.530283428025,170.482978088464,2.163955656882057,4508.597635859104,0.6314562515208829,7.991550000000001,,
2,3,89956,3598.24,1.9599999999995816,10,16.771833263918527,111.91391659349999,169.38047443918398,2.163955656882057,4475.012691605252,0.6267524778158616,7.827750000000001,,
2,3,89957,3598.28,2.0,10,16.749495118557334,112.28977494,168.25581178657598,2.163955656882057,4440.313532427277,0.6218926516004588,7.61775,0.5630691502483117,0.964157082888596
2,3,89958,3598.32,2.0399999999999636,10,16.727710802813874,112.68494551439998,167.131363188176,2.302585092994046,4406.722055547251,0.6171879629618001,7.40775,,
2,3,89959,3598.36,2.0799999999999272,10,16.706233021717402,113.08960853662498,166.00861323929598,2.302585092994046,4373.3987656641675,0.6125208355271944,7.19775,,
2,3,89960,3598.4,2.119999999999891,10,16.68530253440797,113.51334850222501,164.885972162496,2.302585092994046,4342.122989744573,0.6081404747541419,6.990899999999997,,
2,3,89961,3598.44,2.1599999999998545,10,16.664859550566394,113.94395121059999,163.77359262950398,2.302585092994046,4311.857957388102,0.6039016747042159,6.784049999999994,,
2,3,89962,3598.48,2.199999999999818,10,16.645041230548635,114.38748731340002,162.66991025326396,2.302585092994046,4281.718679394812,0.599680487310198,6.578249999999998,0.5484165042685583,0.9513341901742507
2,3,89963,3598.52,2.2399999999997817,10,16.626124334374982,114.85570239359997,161.572307988496,2.302585092994046,4252.192757001773,0.595545204061873,6.373499999999997,,
2,3,89964,3598.56,2.2799999999997453,10,16.605193337304478,115.31489237572505,160.417553393536,2.302585092994046,4222.207292758784,0.5913455592099136,6.167700000000002,,
2,3,89965,3598.6,2.319999999999709,10,16.584084728963973,115.79757378840002,159.234292509056,2.163955656882057,4192.298910091306,0.5871567100968217,5.963999999999996,,
2,3,89966,3598.64,2.3599999999996726,10,16.564574631608142,116.30193847650003,158.083194249616,2.163955656882057,4163.794004643469,0.583164426420654,5.759249999999995,,
2,3,89967,3598.68,2.399999999999636,10,16.547174334550174,116.82196770510002,156.987010752896,2.163955656882057,4136.354019322644,0.5793212912216587,5.556599999999997,0.5332410421307486,0.9352075325058665
2,3,89968,3598.72,2.4399999999996,10,16.53052325874907,117.3503918979,155.907807310144,2.163955656882057,4110.589112990479,0.5757127609230361,5.355000000000005,,
2,3,89969,3598.76,2.480000000000018,10,16.514238075314406,117.89475709410003,154.825302114064,2.163955656882057,4086.2296191777314,0.5723010671117271,5.153400000000001,,
2,3,89970,3598.8,2.519999999999982,10,16.4969605400287,118.441538838,153.70816822126397,2.163955656882057,4062.340429852983,0.568955242276328,4.952850000000005,,
2,3,89971,3598.84,2.5599999999999454,10,16.480548623453043,119.00992609800001,152.598556832,2.163955656882057,4040.0359123430717,0.5658313602721389,4.754399999999999,,
2,3,89972,3598.88,2.599999999999909,10,16.45919630508355,119.47633876710003,151.428804242176,2.163955656882057,4017.9600920397256,0.5627395086890373,4.555950000000005,0.5195132461251933,0.9181389905246556
2,3,89973,3598.92,2.6399999999998727,10,16.44049664737866,119.98276086352496,150.307169148944,2.163955656882057,3997.318287642095,0.5598484996697612,4.356450000000002,,
2,3,89974,3598.96,2.6799999999998363,10,16.422887736205258,120.483570827025,149.227670768976,2.163955656882057,3976.40702300396,0.5569197511210028,3.7821000000000056,,
2,3,89975,3599.0,2.7199999999998,10,16.40745123481185,121.01237966002498,148.192076362704,2.163955656882057,3956.398839647697,0.5541174845444954,3.3799500000000053,,
2,3,89976,3599.04,2.7599999999997635,10,16.390940384543196,121.543320287025,147.119606402624,2.163955656882057,3936.210602278922,0.5512900003191767,2.9778000000000056,,
2,3,89977,3599.08,2.799999999999727,10,16.374800781188178,122.077981631025,146.056118992576,2.163955656882057,3915.760070623023,0.548425780199303,2.5756500000000053,0.5061920865356991,0.8987471199974737
2,3,89978,3599.12,2.8399999999996908,10,16.359197645165732,122.61574138590001,145.007606207696,2.163955656882057,3895.41125653031,0.5455758062367382,2.1735000000000055,,
2,3,89979,3599.16,2.8799999999996544,10,16.34365099016924,123.16442458949999,143.95050309896,2.163955656882057,3874.8562539793224,0.5426969543388407,1.7713500000000053,,
2,3,89980,3599.2,2.919999999999618,10,16.32833482003995,123.715756847025,142.898761148304,2.163955656882057,3854.4866747525307,0.5398440720941919,1.3692000000000055,,
2,3,89981,3599.24,2.9599999999995816,10,16.31357161042305,124.27025348902495,141.86236519937603,2.302585092994046,3833.84816837397,0.5369535249823487,0.9670500000000054,,
2,3,89982,3599.28,3.0,10,16.30028806536145,124.83445111672498,140.86493989703996,2.302585092994046,3813.896333531228,0.5341591503545136,0.5649000000000054,0.49326551143812636,0.8769460351455552
2,3,89983,3599.32,3.0399999999999636,10,16.287558967760056,125.402920755525,139.88165637273602,2.302585092994046,3794.1105202449276,0.5313880280455081,0.1627500000000054,,
2,3,89984,3599.36,3.0799999999999272,10,16.27529688107716,126.0006547464,138.88463382080002,2.302585092994046,3774.628478126284,0.5286594507179669,-0.23940000000000045,,
2,3,89985,3599.4,3.119999999999891,10,16.26347926758973,126.59672543962502,137.90403244769595,2.302585092994046,3755.283380792311,0.5259500533322564,-0.6415500000000005,,
2,3,89986,3599.44,3.1599999999998545,10,16.25126489713847,127.18843767472497,136.91517308224002,2.302585092994046,3735.8495509092886,0.5232282284186679,-1.0437000000000005,,
2,3,89987,3599.48,3.199999999999818,10,16.24271078611831,127.80637929990004,136.019274381584,2.302585092994046,3717.477727074195,0.5206551438479264,-1.4458500000000005,0.48187347185299273,0.8537519052158858
2,3,89988,3599.52,3.2399999999997817,10,16.232756720395,128.41375286722499,135.088637876304,2.163955656882057,3698.848199933194,0.5180459663771979,-1.8480000000000005,,
2,3,89989,3599.56,3.2799999999997453,10,16.222955467135577,129.02643468540003,134.15784940326404,2.163955656882057,3680.9346851240994,0.5155370707456722,-2.2501500000000005,,
2,3,89990,3599.6,3.319999999999709,10,16.213025898270317,129.6358138656,133.22639491238402,2.163955656882057,3663.4860912527256,0.5130932900914181,-2.6523000000000003,,
2,3,89991,3599.64,3.3599999999996726,10,16.203517491949366,130.24061843152498,132.31336068038402,2.163955656882057,3646.1047355418696,0.5106589265464803,-3.0544500000000006,,
2,3,89992,3599.68,3.399999999999636,10,16.193519822750087,130.85938291859998,131.3707013312,2.163955656882057,3628.5788327684295,0.5082043183149061,-3.4566000000000003,0.47103343508100265,0.8295141563423564
2,3,89993,3599.72,3.4399999999996,10,16.185564683705817,131.480839071225,130.4916650592,2.163955656882057,3611.5300779493364,0.5058165375279184,-3.8587500000000006,,
2,3,89994,3599.76,3.480000000000018,10,16.17842481831161,132.116368316625,129.625061285136,2.163955656882057,3594.784492276402,0.5034712174056586,-4.2609,,
2,3,89995,3599.8,3.519999999999982,10,16.17102446441115,132.76147254300002,128.74055968558397,2.163955656882057,3577.814896353199,0.5010945232987674,-4.66305,,
2,3,89996,3599.84,3.5599999999999454,10,16.163633653088063,133.40061879322496,127.86243407801598,2.163955656882057,3561.1832257351534,0.4987651576659877,-5.065200000000001,,
2,3,89997,3599.88,3.599999999999909,10,16.157365368811092,134.0549465346,127.005509126656,2.163955656882057,3544.722668610553,0.4964597575084809,-5.467350000000001,0.46061430632463285,0.8058418873786614
2,3,89998,3599.92,3.6399999999998727,10,16.151177390501164,134.71038512190003,126.15014597753597,2.302585092994046,3528.321268904054,0.494162642703649,-5.8695,,
2,3,89999,3599.96,3.6799999999998363,10,16.145749837514394,135.36986410710006,125.31537370849601,2.163955656882057,3512.2043079463274,0.49190536525858924,-6.27165,,
2,3,90000,3600.0,3.7199999999998,10,16.141509370982007,136.0420966359,124.50622813759999,2.163955656882057,3495.772445223695,0.48960398392488735,-6.673800000000001,,
2,3,90001,3600.04,3.7599999999997635,10,16.138384777998695,136.7123339925,123.73512925023999,2.163955656882057,3479.7181266558096,0.48735547992378286,-7.075950000000001,,
2,3,90002,3600.08,3.799999999999727,10,16.136504296804468,137.40132858952498,122.98544233126401,2.0253262207700677,3464.316658254688,0.4851984115202644,-7.4781,0.4506391172724553,0.7819787362465838
2,3,90003,3600.12,3.8399999999996908,10,16.134254796164743,138.084161964525,122.23001586304001,2.0253262207700677,3448.729318294509,0.48301531068550546,-7.88025,,
2,3,90004,3600.16,3.8799999999996544,10,16.131976130445054,138.772472339025,121.46818153422399,2.0253262207700677,3433.0317542459593,0.4808167723033556,-8.078700000000001,,
2,3,90005,3600.2,3.919999999999618,10,16.13000273050222,139.459266423225,120.71772166278402,2.0253262207700677,3416.5870860321015,0.47851359748348765,-8.360100000000003,,
2,3,90006,3600.24,3.9599999999995816,10,16.12858134548482,140.144332140225,119.98680407769598,2.0253262207700677,3400.275986460075,0.47622912975631293,-8.643600000000001,,
2,3,90007,3600.28,4.0,10,16.128305917751437,140.8334727744,119.28877900217601,2.0253262207700677,3384.131906709511,0.4739680541609959,-8.926049999999996,0.43946464392430734,0.7575648199891539
2,3,90008,3600.32,4.039999999999964,10,16.129235183856174,141.52701142439997,118.62521619174399,2.0253262207700677,3367.8250407536175,0.4716841793772574,-9.2085,,
2,3,90009,3600.36,4.079999999999927,10,16.130860562155885,142.23683272050002,117.96782975521599,2.0253262207700677,3351.6562908995515,0.46941964858537144,-9.491999999999997,,
2,3,90010,3600.4,4.119999999999891,10,16.13397159746195,142.96134325252498,117.34369625518397,2.0253262207700677,3336.254339511406,0.4672625125366115,-9.775500000000001,,
2,3,90011,3600.44,4.1599999999998545,10,16.13667092675949,143.67484685452501,116.71730174399997,2.0253262207700677,3320.3502890692343,0.4650350544914894,-10.057949999999998,,
2,3,90012,3600.48,4.199999999999818,10,16.139900672538104,144.3929732721,116.10342044729597,2.0253262207700677,3304.3386224331093,0.4627925241502954,-10.341450000000002,0.4301975560677331,0.7334234173097217
2,3,90013,3600.52,4.239999999999782,10,16.142867965003152,145.11401639752498,115.47816973799998,2.0253262207700677,3287.9223619506547,0.4604933280042934,-10.62495,,
2,3,90014,3600.56,4.279999999999745,10,16.14690785059384,145.84224565102502,114.88038748454399,2.0253262207700677,3271.4375250996336,0.4581845273248786,-10.907399999999997,,
2,3,90015,3600.6,4.319999999999709,10,16.152958086983944,146.57946891210003,114.33858604775999,2.0253262207700677,3254.9924564619555,0.4558812964232431,-11.18985,,
2,3,90016,3600.64,4.359999999999673,10,16.159356408251814,147.32084787052494,113.803951658384,2.0253262207700677,3238.141597290227,0.45352123211347717,-11.472300000000002,,
2,3,90017,3600.68,4.399999999999636,10,16.16496686457628,148.061708687025,113.244445045824,2.0253262207700677,3220.6315065561903,0.45106883845324786,-11.753699999999998,0.41870698121073063,0.7078858548425956
2,3,90018,3600.72,4.4399999999996,10,16.171584893277345,148.8099409839,112.71021697657599,2.0253262207700677,3203.223152670019,0.44863069365126307,-12.036150000000001,,
2,3,90019,3600.76,4.480000000000018,10,16.176947482456914,149.55393987922506,112.139689970944,2.0253262207700677,3185.132545847579,0.4460969952167477,-12.3207,,
2,3,90020,3600.8,4.519999999999982,10,16.182232041582644,150.290748909,111.57388493862399,2.0253262207700677,3166.7614011372484,0.44352400576151946,-12.605249999999998,,
2,3,90021,3600.84,4.559999999999945,10,16.188977175377108,151.03845074902497,111.044531235856,1.973001406393613,3148.648201891891,0.4409871431221136,-12.890849999999999,,
2,3,90022,3600.88,4.599999999999909,10,16.194753845001166,151.7811709869,110.48888111327999,1.973001406393613,3130.104458411135,0.43838998016962677,-13.176449999999999,0.4073302695697605,0.6819386881035684
2,3,90023,3600.92,4.639999999999873,10,16.201587938735173,152.53291181362502,109.95853992294401,1.973001406393613,3112.025185841165,0.43585786916542923,-13.4631,,
2,3,90024,3600.96,4.679999999999836,10,16.20828550945028,153.28023648839996,109.42828266745599,1.973001406393613,3093.6536345995387,0.43328482277304464,-13.752899999999999,,
2,3,90025,3601.0,4.7199999999998,10,16.214776254688683,154.029607326,108.88936166361597,1.973001406393613,3074.669693767006,0.43062600753039304,-14.040600000000001,,
2,3,90026,3601.04,4.7599999999997635,10,16.222588160133515,154.79769817260006,108.374668440704,1.973001406393613,3055.7824728646096,0.42798073849644397,-14.3304,,
2,3,90027,3601.08,4.799999999999727,10,16.230819795457315,155.56121603662504,107.87829519598401,1.973001406393613,3037.455457522515,0.42541392962500213,-14.6223,0.3976911769313372,0.6591695901162514
2,3,90028,3601.12,4.839999999999691,10,16.238253603600235,156.31859776049998,107.36228233433596,1.973001406393613,3018.6039361579137,0.4227736605263183,-14.913149999999998,,
2,3,90029,3601.16,4.879999999999654,10,16.24724084704095,157.08227719589996,106.89055794585599,1.973001406393613,2999.5319367243674,0.42010251214627,-15.20505,,
2,3,90030,3601.2,4.919999999999618,10,16.25538553779728,157.848666763725,106.388892218704,2.163955656882057,2980.4303892760927,0.4174272253888085,-15.498000000000001,,
2,3,90031,3601.24,4.959999999999582,10,16.263938911132843,158.62685492272502,105.88885398233599,2.163955656882057,2960.704148802044,0.41466444661093055,-15.79305,,
2,3,90032,3601.28,5.0,10,16.270455786580044,159.37734796200002,105.350383541056,2.163955656882057,2939.744013143453,0.41172885338143594,-16.0881,0.38620644907041807,0.6347711396460842
2,3,90033,3601.32,5.039999999999964,10,16.278363834903185,160.1576224479,104.82750669358401,2.163955656882057,2919.3462686564053,0.4088720264224657,-16.38315,,
2,3,90034,3601.36,5.079999999999927,10,16.288606772348455,160.94185759890001,104.37685298529598,2.163955656882057,2899.3417128352457,0.4060702679040961,-16.683449999999997,,
2,3,90035,3601.4,5.119999999999891,10,16.298277290431525,161.7330766905,103.90076594529599,2.163955656882057,2879.1882018781916,0.40324764732187557,-16.98375,,
2,3,90036,3601.44,5.1599999999998545,10,16.307814842297418,162.53302842,103.41179651065599,2.163955656882057,2859.0714252101884,0.4004301715980657,-17.284049999999997,,
2,3,90037,3601.48,5.199999999999818,10,16.31816539500507,163.33180489552498,102.950716963216,2.163955656882057,2839.0252005454745,0.39762257710720933,-17.586450000000003,0.3774914789863206,0.612209258820861
2,3,90038,3601.52,5.239999999999782,10,16.329775811143396,164.1559145499,102.50566349230401,2.163955656882057,2819.102098079093,0.39483222662172174,-17.89095,,
2,3,90039,3601.56,5.279999999999745,10,16.341149680597294,164.984334031125,102.04883885255998,2.302585092994046,2799.095814355935,0.392030226100271,-18.19545,,
2,3,90040,3601.6,5.319999999999709,10,16.35257448238032,165.81230393489997,101.59438826689599,2.302585092994046,2778.9543380230634,0.3892092910396447,-18.499950000000002,,
2,3,90041,3601.64,5.359999999999673,10,16.364863104544597,166.646445214725,101.16229921576002,2.302585092994046,2759.2096445963234,0.3864439278146112,-18.806549999999998,,
2,3,90042,3601.68,5.399999999999636,10,16.376838050183224,167.49436971802498,100.70645480390401,2.302585092994046,2739.740177730658,0.3837171117269829,-19.1121,0.3688343709686066,0.5911650749435883
2,3,90043,3601.72,5.4399999999996,10,16.388370566987557,168.33639111660005,100.24229872430399,2.302585092994046,2720.6165604513576,0.3810387339567728,-19.41975,,
2,3,90044,3601.76,5.480000000000018,10,16.40020217999839,169.19175330539997,99.774878239424,2.302585092994046,2701.261683897516,0.3783279669324252,-19.72425,,
2,3,90045,3601.8,5.519999999999982,10,16.412526510904073,170.04734129722496,99.32368517390401,2.302585092994046,2683.1720737066644,0.37579440808216585,-20.02875,,
2,3,90046,3601.84,5.559999999999945,10,16.42559758633956,170.9278264071,98.872429661264,2.302585092994046,2665.8803700884628,0.37337260085272594,-20.332199999999997,,
2,3,90047,3601.88,5.599999999999909,10,16.438093516749106,171.78505033252503,98.425868132864,2.302585092994046,2648.8563888598774,0.37098828975628534,-20.636699999999998,0.3615199160900511,0.5737261976944981
2,3,90048,3601.92,5.639999999999873,10,16.451649502202173,172.67203151572502,97.98473982758398,2.302585092994046,2632.5295860275423,0.3687016226929331,-20.9391,,
2,3,90049,3601.96,5.679999999999836,10,16.46387520627756,173.54658580402497,97.512601003856,2.302585092994046,2615.9081504730293,0.36637369054244107,-21.240450000000003,,
2,3,90050,3602.0,5.7199999999998,10,16.476111091217614,174.43441960560003,97.02781708454401,2.302585092994046,2599.989432122333,0.36414417816839395,-21.538649999999997,,
2,3,90051,3602.04,5.7599999999997635,10,16.48776441051791,175.32966483112503,96.51671042561598,2.302585092994046,2584.1868004649314,0.3619309244348644,-21.834750000000003,,
2,3,90052,3602.08,5.799999999999727,10,16.500520223540498,176.23180291972503,96.035364727744,2.163955656882057,2569.0725971916745,0.35981408924253144,-22.1298,0.35504262374608414,0.5611409145868711
2,3,90053,3602.12,5.839999999999691,10,16.513378272288683,177.15029870159998,95.54136326209598,2.163955656882057,2554.2918244720154,0.35774395300728506,-22.4196,,
2,3,90054,3602.16,5.879999999999654,10,16.52693568394459,178.07962480402497,95.059978297216,2.163955656882057,2540.4172154858625,0.3558007304602049,-22.708350000000003,,
2,3,90055,3602.2,5.919999999999618,10,16.539991721047624,178.99050848489998,94.58081764742401,2.163955656882057,2525.9659812547043,0.35377674807488846,-22.992900000000002,,
2,3,90056,3602.24,5.959999999999582,10,16.552804867932956,179.919961904025,94.07538709184003,2.163955656882057,2512.7507756239856,0.3519258789389336,-23.277449999999998,,
2,3,90057,3602.28,6.0,10,16.564826781196956,180.85727295089998,93.53621334016,2.163955656882057,2500.1324286854697,0.35015860345734867,-23.558850000000003,0.34634521354339315,0.545870065739769
2,3,90058,3602.32,6.039999999999964,10,16.577289762926416,181.79921619562498,93.0073196884,2.163955656882057,2489.233021883907,0.3486320758941046,-23.838150000000002,,
2,3,90059,3602.36,6.079999999999927,10,16.58955196280843,182.72617288222503,92.48706144449599,2.163955656882057,2480.196466062192,0.3473664518294386,-24.114299999999997,,
2,3,90060,3602.4,6.119999999999891,10,16.60061891998476,183.65836779990002,91.92218072665602,2.163955656882057,2470.2038036301724,0.3459669192759346,-24.38835,,
2,3,90061,3602.44,6.1599999999998545,10,16.61187351112767,184.57653011962503,91.37781143008002,2.163955656882057,2459.32712801159,0.3444435753517634,-24.65925,,
2,3,90062,3602.48,6.199999999999818,10,16.623956305462787,185.5058657256,90.85005752033598,2.163955656882057,2447.9726022714913,0.3428533056402649,-24.929100000000002,0.3398638054615624,0.5369265310708976
2,3,90063,3602.52,6.239999999999782,10,16.63503374317648,186.43081537709998,90.29353225952,2.163955656882057,2435.696766715129,0.34113400094049423,-25.19685,,
2,3,90064,3602.56,6.279999999999745,10,16.648106701111093,187.36121283390005,89.79824389768001,2.163955656882057,2424.616341354801,0.3395821206379273,-25.46145,,
2,3,90065,3602.6,6.319999999999709,10,16.660006350348247,188.2993927059,89.25641888774399,2.163955656882057,2413.3157717855775,0.3379994078131061,-25.72395,,
2,3,90066,3602.64,6.359999999999673,10,16.6730419449906,189.2473590294,88.742968670016,2.163955656882057,2402.590126967837,0.33649721666216204,-25.981199999999998,,
2,3,90067,3602.68,6.399999999999636,10,16.686828343035145,190.19516673622505,88.25507341369601,2.163955656882057,2393.0968855193073,0.33516763102511304,-26.237399999999997,0.3359542039511643,0.5361146907441328
2,3,90068,3602.72,6.4399999999996,10,16.700162668929575,191.117780763525,87.777652405184,2.163955656882057,2383.419610897861,0.33381227043387407,-26.492550000000005,,
2,3,90069,3602.76,6.480000000000018,10,16.712676597398307,192.03646477522503,87.277094274,2.163955656882057,2374.183589368428,0.33251870999557814,-26.742449999999998,,
2,3,90070,3602.8,6.519999999999982,10,16.726168360306552,192.9656708154,86.79903720192,2.163955656882057,2365.320016986947,0.3312773133034941,-26.991300000000003,,
2,3,90071,3602.84,6.559999999999945,10,16.7385824291281,193.88844413190003,86.291697604816,2.163955656882057,2355.940867531183,0.32996370693714044,-27.239099999999997,,
2,3,90072,3602.88,6.599999999999909,10,16.7500123545581,194.78401155202496,85.77890232582402,2.302585092994046,2346.3627113036646,0.3286222284739026,-27.48585,0.33049371592138577,0.5332206844760987
2,3,90073,3602.92,6.639999999999873,10,16.76311622265052,195.717543284025,85.28452221006401,2.302585092994046,2337.2688412454027,0.32734857720523847,-27.7305,,
2,3,90074,3602.96,6.679999999999836,10,16.77509048973376,196.62004320210002,84.783617736656,2.302585092994046,2328.578978041146,0.32613150952957226,-27.97515,,
2,3,90075,3603.0,6.7199999999998,10,16.78955448316792,197.5289981364,84.36014160686399,2.302585092994046,2321.5810419354784,0.3251514064335404,-28.220850000000002,,
2,3,90076,3603.04,6.7599999999997635,10,16.802757990711047,198.4128713721,83.91980472230398,2.302585092994046,2314.5437014825507,0.32416578452136563,-28.460250000000002,,
2,3,90077,3603.08,6.799999999999727,10,16.816083135301632,199.30159851839994,83.479053494976,2.302585092994046,2307.782092460504,0.3232187804566532,-28.699649999999995,0.3293920651709217,0.5398152266697842
2,3,90078,3603.12,6.839999999999691,10,16.829473618286936,200.1820087134,83.049173555216,2.302585092994046,2301.3073099410713,0.32231194817101844,-28.9359,,
2,3,90079,3603.16,6.879999999999654,10,16.841070953523385,201.03275717122506,82.58891369038399,2.302585092994046,2294.3401604611404,0.3213361569273306,-29.165849999999995,,
2,3,90080,3603.2,6.919999999999618,10,16.853953919289353,201.89240323402498,82.163359479504,2.302585092994046,2288.999998934328,0.3205882351448639,-29.39265,,
2,3,90081,3603.24,6.959999999999582,10,16.866705549471153,202.72120196422495,81.764554128336,2.163955656882057,2282.835396855203,0.3197248454979276,-29.6142,,
2,3,90082,3603.28,7.0,10,16.87853540641015,203.54533323862503,81.33962422681601,2.163955656882057,2276.981275392757,0.3189049405311985,-29.8305,0.32570156638868913,0.5452747629520918
2,3,90083,3603.32,7.039999999999964,10,16.88886743132354,204.33507696472503,80.89876614809602,2.0253262207700677,2270.398833465833,0.3179830298971755,-30.0405,,
2,3,90084,3603.36,7.079999999999927,10,16.899369854569013,205.10963868149997,80.479062800016,2.0253262207700677,2264.253937695156,0.3171224002374168,-30.244199999999996,,
2,3,90085,3603.4,7.119999999999891,10,16.910620516460536,205.8956514594,80.073434792336,2.0253262207700677,2259.533907800239,0.3164613316246834,-30.443699999999996,,
2,3,90086,3603.44,7.1599999999998545,10,16.921287751380184,206.669485019025,79.66049414598402,2.0253262207700677,2254.1849832026573,0.31571218252138056,-30.636900000000004,,
2,3,90087,3603.48,7.199999999999818,10,16.932397519953753,207.426252033,79.279833740736,2.0253262207700677,2251.7259377449946,0.31536777839565755,-30.82485,0.321951046307004,0.5470118006276461
2,3,90088,3603.52,7.239999999999782,10,16.943043949868752,208.18112805000004,78.88561023718401,2.163955656882057,2248.259258184626,0.31488224904546586,-31.002299999999998,,
2,3,90089,3603.56,7.279999999999745,10,16.954527733334274,208.93846847422498,78.51754218617602,2.163955656882057,2244.9950770314695,0.3144250808167324,-31.177650000000003,,
2,3,90090,3603.6,7.319999999999709,10,16.964251075459977,209.66088658252505,78.12492796872002,2.163955656882057,2241.1341268678166,0.31388433149409195,-31.350900000000003,,
2,3,90091,3603.64,7.359999999999673,10,16.97288251203728,210.36233765452494,77.716403112896,2.163955656882057,2237.3701177954817,0.31335715935510955,-31.51995,,
2,3,90092,3603.68,7.399999999999636,10,16.981815815706632,211.05564957539997,77.326418823184,2.163955656882057,2234.3615662986745,0.3129357935992541,-31.68585,0.31733380107589365,0.5477110495956964
2,3,90093,3603.72,7.4399999999996,10,16.990022655187634,211.71977622652503,76.941093597264,2.163955656882057,2231.5313497930038,0.3125394047329137,-31.848600000000005,,
2,3,90094,3603.76,7.480000000000018,10,17.000159206431007,212.37841082902497,76.62700221497599,2.163955656882057,2231.106477999064,0.31247989887942085,-32.007149999999996,,
2,3,90095,3603.8,7.519999999999982,10,17.010409738894474,213.0349728969,76.31906658817601,2.163955656882057,2232.4198552210464,0.3126638452690541,-32.16675,,
2,3,90096,3603.84,7.559999999999945,10,17.020222308833365,213.66463297252494,76.02333446958399,2.163955656882057,2233.7119763896344,0.31284481462039704,-32.32005,,
2,3,90097,3603.88,7.599999999999909,10,17.030057403274395,214.30016027752504,75.72269488129601,2.163955656882057,2233.53347791244,0.3128198148336751,-32.4723,0.3155117692793625,0.5523830271824376
2,3,90098,3603.92,7.639999999999873,10,17.03844472666622,214.8966615411,75.41193716256001,2.163955656882057,2234.423726547165,0.3129444995164098,-32.6256,,
2,3,90099,3603.96,7.679999999999836,10,17.045832606738696,215.45484617790004,75.105563079056,2.163955656882057,2236.3407059592473,0.31321298402790576,-32.772600000000004,,
2,3,90100,3604.0,7.7199999999998,10,17.054486647004065,216.02456556659996,74.83094922624,2.163955656882057,2240.4057399476005,0.31378231651927185,-32.91329999999999,,
2,3,90101,3604.04,7.7599999999997635,10,17.061682108549235,216.56445872512504,74.53653764806401,2.163955656882057,2243.410852306493,0.31420320060315016,-33.0519,,
2,3,90102,3604.08,7.799999999999727,10,17.067914813775612,217.06658529412493,74.24713079617601,2.163955656882057,2247.9518535476723,0.314839195174744,-33.185249999999996,0.3142538730149297,0.5559793837528652
2,3,90103,3604.12,7.839999999999691,10,17.075268703041864,217.562126013225,74.002675267856,2.163955656882057,2253.6866880286075,0.3156423932813176,-33.310199999999995,,
2,3,90104,3604.16,7.879999999999654,10,17.081407328176912,218.03195082059997,73.74252549049598,2.163955656882057,2259.661492249067,0.3164792005951074,-33.43095,,
2,3,90105,3604.2,7.919999999999618,10,17.086523195738245,218.47590266512503,73.47337225337601,2.163955656882057,2265.6226016472488,0.31731408986656146,-33.54645,,
2,3,90106,3604.24,7.959999999999582,10,17.090913881861205,218.9115082539,73.18782906329601,2.163955656882057,2271.3566806394465,0.31811718216238744,-33.6567,,
2,3,90107,3604.28,8.0,10,17.093895679628446,219.3254833329,72.87578617311999,2.0253262207700677,2276.573434437626,0.3188478199492474,-33.759600000000006,0.3106769758671984,0.5518491999931516
2,3,90108,3604.32,8.039999999999964,10,17.096767325647267,219.72304399499998,72.57640899232,2.0253262207700677,2281.8763859029373,0.31959053023850664,-33.85725,,
2,3,90109,3604.36,8.079999999999927,10,17.098102779379502,220.10469819502504,72.24042045920001,2.0253262207700677,2286.184018884841,0.32019384017994973,-33.94755,,
2,3,90110,3604.4,8.11999999999989,10,17.100669467951366,220.5006275871,71.932268665024,1.973001406393613,2289.7758238757306,0.3206968941002423,-34.0347,,
2,3,90111,3604.44,8.159999999999854,10,17.10085856421262,220.85031809610004,71.589045537104,2.163955656882057,2292.3485887517254,0.3210572253153677,-34.121849999999995,,
2,3,90112,3604.48,8.199999999999818,10,17.099878783779843,221.18562494909997,71.220229470864,2.163955656882057,2293.7473621594454,0.32125313195510435,-34.20375,0.30458033986209626,0.5390919273990993
2,3,90113,3604.52,8.239999999999782,10,17.098345377206414,221.53658245109992,70.816832187136,2.163955656882057,2293.883825827008,0.32127224451358655,-34.2804,,
2,3,90114,3604.56,8.279999999999745,10,17.098466939983393,221.886542201625,70.47102949607999,1.973001406393613,2294.3611196936886,0.32133909239407404,-34.354949999999995,,
2,3,90115,3604.6,8.319999999999709,10,17.097383017246354,222.20152926300003,70.118976775424,1.973001406393613,2293.8960627145148,0.3212739583633774,-34.42215,,
2,3,90116,3604.64,8.359999999999673,10,17.095577283208776,222.50714574689997,69.75161689926401,1.973001406393613,2292.320154924496,0.321053242986624,-34.486200000000004,,
2,3,90117,3604.68,8.399999999999636,10,17.094008404307313,222.816064626225,69.38905870030399,1.973001406393613,2290.516319343708,0.32080060495009916,-34.54605,0.297690560962858,0.5238223760320979
2,3,90118,3604.72,8.4399999999996,10,17.091099626705383,223.1083783010249,68.997308148944,1.973001406393613,2287.801099898255,0.32042032211460153,-34.60065,,
2,3,90119,3604.76,8.480000000000018,10,17.087567957472007,223.38404447940007,68.60093422182399,1.973001406393613,2283.8547715515074,0.31986761506323624,-34.65,,
2,3,90120,3604.8,8.519999999999982,10,17.083507359130323,223.65752247089995,68.18870121855998,1.973001406393613,2278.728085689791,0.31914959183330405,-34.692,,
2,3,90121,3604.84,8.559999999999945,10,17.079770392197577,223.94581661812495,67.772740032064,1.973001406393613,2272.671779981925,0.3183013697453676,-34.731899999999996,,
2,3,90122,3604.88,8.599999999999909,10,17.07673042841073,224.216143664625,67.398578459984,1.834371970281624,2266.4528908030647,0.3174303768631743,-34.7655,0.28963401996043137,0.503353923884785
2,3,90123,3604.92,8.639999999999873,10,17.072067621711202,224.4923074674,66.96318541288,1.834371970281624,2259.260607449673,0.3164230542646601,-34.79595,,
2,3,90124,3604.96,8.679999999999836,10,17.06865418838826,224.78338537200003,66.555570430784,1.834371970281624,2252.4223948154076,0.31546532140271816,-34.82325,,
2,3,90125,3605.0,8.7199999999998,10,17.064258030244066,225.06161276812503,66.127289354624,1.834371970281624,2244.4387525193006,0.31434716421838943,-34.84635,,
2,3,90126,3605.04,8.759999999999764,10,17.06034319225847,225.37555196939994,65.67975786823999,1.973001406393613,2236.4970732989764,0.3132348842155429,-34.8684,,
2,3,90127,3605.08,8.799999999999727,10,17.056696310704748,225.67898696962493,65.25190206598401,2.0253262207700677,2227.951559809967,0.31203803358683013,-34.8873,0.28216462072236154,0.4827976726700824
2,3,90128,3605.12,8.83999999999969,10,17.05197444896444,225.98146921140005,64.788363396736,2.0253262207700677,2218.338393259773,0.31069165171705504,-34.9041,,
2,3,90129,3605.16,8.879999999999654,10,17.046936739866315,226.2941663031,64.30388590990398,2.0253262207700677,2208.202982881921,0.30927212645405056,-34.920899999999996,,
2,3,90130,3605.2,8.919999999999618,10,17.04276577884693,226.60414255710003,63.85172283553601,2.0253262207700677,2197.9965756655624,0.30784265765624125,-34.93455,,
2,3,90131,3605.24,8.959999999999582,10,17.038930525132177,226.91982761122503,63.40532582905602,2.0253262207700677,2186.628480755895,0.30625048750082573,-34.9482,,
2,3,90132,3605.28,9.0,10,17.034701073326882,227.22997403609997,62.951066621504005,2.0253262207700677,2174.2213872577613,0.3045127993358209,-34.9629,0.2742850081295158,0.4630136292104666
2,3,90133,3605.32,9.039999999999964,10,17.030086739955525,227.53691379562503,62.486940574784,2.0253262207700677,2159.504333511081,0.3024515873264819,-34.97865,,
2,3,90134,3605.36,9.079999999999927,10,17.02512376720369,227.84732067509998,62.00751861350399,2.0253262207700677,2142.761082126075,0.3001065941353046,-34.9944,,
2,3,90135,3605.4,9.11999999999989,10,17.020340063949636,228.16095243322502,61.531023459264,2.0253262207700677,2122.970841610622,0.2973348517661935,-35.0049,,
2,3,90136,3605.44,9.159999999999854,10,17.016157751335054,228.50085502440007,61.04876959392001,2.0253262207700677,2108.3206402196115,0.29528300283187836,-35.331450000000004,,
2,3,90137,3605.48,9.199999999999818,10,17.011445850249796,228.84913968052496,60.54015023545601,1.8866967846580787,2094.5246161255,0.2933507865721989,-35.709450000000004,0.2665734967768713,0.44260839216948533
2,3,90138,3605.52,9.239999999999782,10,17.007355159296257,229.224795255225,60.025334259216,1.8866967846580787,2081.4853857420817,0.2915245638294232,-36.0864,,
2,3,90139,3605.56,9.279999999999745,10,17.003839379895616,229.62765775162498,59.50289590566399,2.0253262207700677,2068.1841890299615,0.2896616511246445,-36.46335,,
2,3,90140,3605.6,9.319999999999709,10,16.999997717922906,230.03681524740006,58.963107161984,2.0253262207700677,2054.1687252162956,0.2876987010106857,-36.8403,,
2,3,90141,3605.64,9.359999999999673,10,16.9961991128212,230.4536202234,58.41716405926401,2.0253262207700677,2039.1261842309816,0.2855919025533588,-37.2183,,
2,3,90142,3605.68,9.399999999999636,10,16.991827987328644,230.87671964752502,57.845498703440015,2.0253262207700677,2022.395684619319,0.28324869532483454,-37.59525,0.2572103480316791,0.4181247572527661
2,3,90143,3605.72,9.4399999999996,10,16.987750418648726,231.31185548309995,57.27180880320001,2.0253262207700677,2004.2387891068297,0.2807057127600602,-37.972199999999994,,
2,3,90144,3605.76,9.480000000000018,10,16.985103726534287,231.77748000802495,56.716268593104,2.0253262207700677,1986.4463810195637,0.27821377885428056,-38.3502,,
2,3,90145,3605.8,9.519999999999982,10,16.982136250413877,232.24912911112506,56.143822516496,2.0253262207700677,1970.3903940011685,0.2759650411766343,-38.72715,,
2,3,90146,3605.84,9.559999999999945,10,16.980994250681437,232.7613653295,55.59280041217602,2.0253262207700677,1955.3563486876162,0.273859432589302,-39.104099999999995,,
2,3,90147,3605.88,9.599999999999909,10,16.98136978839634,233.29554395489998,55.07137593535998,2.0253262207700677,1941.071913802353,0.2718588114569122,-39.48105,0.24946330724525384,0.3992033242336247
2,3,90148,3605.92,9.639999999999873,10,16.98153171843447,233.85855895289995,54.51386055129601,2.0253262207700677,1926.170816895981,0.2697718230946752,-39.85905,,
2,3,90149,3605.96,9.679999999999836,10,16.983489052345547,234.44003827912502,53.998862112016,2.0253262207700677,1912.0172075826927,0.2677895248715256,-40.236,,
2,3,90150,3606.0,9.7199999999998,10,16.987461011338596,235.06400759152493,53.509824020224,2.0253262207700677,1898.4563838786416,0.265890249842947,-40.61295,,
2,3,90151,3606.04,9.759999999999764,10,16.991948831228424,235.71020709652498,53.01611798656002,2.0253262207700677,1885.5120965515996,0.26407732444700277,-40.9899,,
2,3,90152,3606.08,9.799999999999727,10,16.998824674942945,236.39355207562508,52.566488253824005,2.0253262207700677,1873.4783138620116,0.26239192070896517,-41.3679,0.2427439117896077,0.38118937111587703
2,3,90153,3606.12,9.83999999999969,10,17.005795413661307,237.08786810939995,52.10920954190401,1.834371970281624,1861.388347443114,0.2606986481012765,-41.74485,,
2,3,90154,3606.16,9.879999999999654,10,17.01308657829675,237.774280078125,51.67083484249599,1.834371970281624,1849.7298850877223,0.25906581023637565,-42.1218,,
2,3,90155,3606.2,9.919999999999618,10,17.020929992256622,238.486230037125,51.225827764175996,1.834371970281624,1838.0943670451318,0.2574361858606627,-42.49875,,
2,3,90156,3606.24,9.959999999999582,10,17.02963084385111,239.22755033152504,50.780776346319996,1.834371970281624,1826.5292650521515,0.25581642367677193,-42.87675,,
2,3,90157,3606.28,10.0,10,17.03860839486676,239.9648074614,50.34936857222401,1.834371970281624,1814.6357550775115,0.2541506659772425,-43.253699999999995,0.23527674102026197,0.3621068130377182
2,3,90158,3606.32,10.039999999999964,10,17.048698924163247,240.719603359725,49.93853164703999,1.834371970281624,1803.1633271194034,0.25254388335005656,-43.63065,,
2,3,90159,3606.36,10.079999999999927,10,17.05897572183383,241.50711019049996,49.50154248761599,1.834371970281624,1791.064258800582,0.250849335966468,-44.00865,,
2,3,90160,3606.4,10.11999999999989,10,17.070367691945478,242.3270518326,49.070401305616,1.834371970281624,1779.0748208784648,0.24917014298017715,-44.3856,,
2,3,90161,3606.44,10.159999999999854,10,17.082499825920355,243.152843571225,48.65895673134399,1.834371970281624,1767.28558115024,0.24751898895661625,-44.76255,,
2,3,90162,3606.48,10.199999999999818,10,17.093814797774545,243.970614909,48.22788943161599,1.834371970281624,1754.4997205644358,0.245728252179893,-45.1395,0.22810530009431143,0.34277471936682863
2,3,90163,3606.52,10.239999999999782,10,17.10690120833884,244.8021945080249,47.843874443839994,1.834371970281624,1742.1682357985212,0.2440011534731823,-45.5175,,
2,3,90164,3606.56,10.279999999999745,10,17.120461779978978,245.65313717122498,47.45707438849602,1.834371970281624,1729.4694019221874,0.24222260531123074,-45.89445,,
2,3,90165,3606.6,10.319999999999709,10,17.133279810798893,246.48241156402497,47.06686551110401,1.834371970281624,1716.1625930153682,0.24035890658478545,-46.2714,0.2237317641823288,0.33154898390603194
3,1,86877,3475.08,-2.0,10,23.886931374145906,212.97855294450005,357.606937528656,2.302585092994046,4656.126916021678,0.6521186156893105,34.57755,0.6675440358969906,0.9759335546826371
3,1,86878,3475.12,-1.9600000000000364,10,23.909797165584152,215.08829037360002,356.59011012577594,2.302585092994046,4667.190616932033,0.6536681536319373,35.08155,,
3,1,86879,3475.16,-1.9200000000000728,10,23.93276300905443,217.21202743589998,355.565117811664,2.302585092994046,4678.147662398991,0.6552027538373936,35.5866,,
3,1,86880,3475.2,-1.8800000000001091,10,23.95584996131903,219.33483633652494,354.547911032704,2.302585092994046,4686.947594253454,0.6564352372903997,36.09165,,
3,1,86881,3475.24,-1.8400000000001455,10,23.97967837890344,221.50672451302498,353.518250642624,2.302585092994046,4696.600162164432,0.6577871375580436,36.59565,,
3,1,86882,3475.28,-1.7999999999997272,10,24.004001648436788,223.68064330709998,352.511451831056,2.302585092994046,4707.543271027744,0.6593197858582275,37.100699999999996,0.6731276062594983,0.97536172521281
3,1,86883,3475.32,-1.7599999999997635,10,24.028534682759915,225.84920250689999,351.52127649369606,2.302585092994046,4719.103047598547,0.6609388021846706,37.60574999999999,,
3,1,86884,3475.36,-1.7199999999998,10,24.0528381216265,228.05325185422504,350.485769850944,2.302585092994046,4730.898621158941,0.6625908432995716,38.10975,,
3,1,86885,3475.4,-1.6799999999998363,10,24.079227763252064,230.26435573522502,349.54485393934397,2.302585092994046,4743.851251459786,0.6644049371792418,38.614799999999995,,
3,1,86886,3475.44,-1.6399999999998727,10,24.10588331478125,232.50386574922499,348.589744636624,2.302585092994046,4757.5916358696495,0.6663293607660573,39.11985,,
3,1,86887,3475.48,-1.599999999999909,10,24.132388402635076,234.7532138889,347.61895612673595,2.302585092994046,4772.151822856577,0.6683686026409771,39.62385,0.6781470560300761,0.9742888717993665
3,1,86888,3475.52,-1.5599999999999454,10,24.161892085652976,237.0508494669,346.74617969184,2.302585092994046,4787.701480657773,0.6705464258624332,40.1289,,
3,1,86889,3475.56,-1.5199999999999818,10,24.18778380852841,239.366309658525,345.68257590958405,2.302585092994046,4801.960806439644,0.6725435303136756,40.63395,,
3,1,86890,3475.6,-1.4800000000000182,10,24.215331342975755,241.71397398540003,344.66829806470395,2.302585092994046,4811.990272585471,0.6739482174489455,41.13795,,
3,1,86891,3475.64,-1.4400000000000546,10,24.241682580661433,244.04065011899996,343.61852422254395,2.302585092994046,4821.262037996975,0.6752467840331899,41.643,,
3,1,86892,3475.68,-1.400000000000091,10,24.267249754933992,246.35242168739993,342.5469889809439,2.302585092994046,4829.474349428604,0.6763969677070873,41.8131,0.6822594500696908,0.9733093622902578
3,1,86893,3475.72,-1.3600000000001273,10,24.29387776795893,248.67932106622501,341.513175938304,2.302585092994046,4835.816363910248,0.6772852050294463,41.984249999999996,,
3,1,86894,3475.76,-1.319999999999709,10,24.31953420384743,250.974012969225,340.46573092287997,2.302585092994046,4841.7330295604,0.6781138696863304,42.15435,,
3,1,86895,3475.8,-1.2799999999997453,10,24.34445860116433,253.29256997309994,339.36009461070404,2.302585092994046,4847.275769658271,0.6788901638176852,42.32445,,
3,1,86896,3475.84,-1.2399999999997817,10,24.368725775949407,255.611179345725,338.22361659769604,2.302585092994046,4853.067062164333,0.6797012692106907,42.494550000000004,,
3,1,86897,3475.88,-1.199999999999818,10,24.392941001471225,257.9601044034,337.055466297856,2.302585092994046,4856.8114763800295,0.680225696971993,42.6657,0.685492091762011,0.9729187577290892
3,1,86898,3475.92,-1.1599999999998545,10,24.416742106455583,260.285583497625,335.891711595536,2.302585092994046,4863.341084903714,0.6811402079697078,42.8358,,
3,1,86899,3475.96,-1.1199999999998909,10,24.441039324889193,262.65775569389996,334.70664758688,2.302585092994046,4870.908664432015,0.6822000930577052,43.0059,,
3,1,86900,3476.0,-1.0799999999999272,10,24.46292301382155,264.99531310559996,333.43928927456,2.302585092994046,4876.961631150782,0.6830478475001095,43.176,,
3,1,86901,3476.04,-1.0399999999999636,10,24.485813139135995,267.335805030525,332.21924005415997,2.302585092994046,4888.740605075688,0.6846975637360908,43.347150000000006,,
3,1,86902,3476.08,-1.0,10,24.506664709759278,269.64857859502496,330.92803660153595,2.302585092994046,4903.086715599163,0.686706822913048,43.51725,0.6946220917183829,0.9721360784559846
3,1,86903,3476.12,-0.9600000000000364,10,24.528579428757002,271.912377389625,329.738831403216,2.302585092994046,4918.574758536264,0.6888760166017176,43.68735,,
3,1,86904,3476.16,-0.9200000000000728,10,24.551328836605567,274.17879787410004,328.58894976904,2.302585092994046,4935.764161881462,0.6912834960618294,43.85745,,
3,1,86905,3476.2,-0.8800000000001091,10,24.572308910217615,276.42790250459996,327.37046267456003,2.302585092994046,4955.008961427413,0.6939788461382933,44.028600000000004,,
3,1,86906,3476.24,-0.8400000000001455,10,24.595820732055376,278.69084466772506,326.26355281568,2.302585092994046,4976.152644109772,0.6969401462338617,44.198699999999995,,
3,1,86907,3476.28,-0.7999999999997272,10,24.617720552612177,280.940062095,325.09210311150406,2.302585092994046,4997.164299193597,0.6998829550691311,44.3688,0.7058099445701257,0.9707860417777411
3,1,86908,3476.32,-0.7599999999997635,10,24.63794818655279,283.15476713789997,323.87372370536,2.302585092994046,5001.883705108483,0.7005439362897035,44.5389,,
3,1,86909,3476.36,-0.7199999999997999,10,24.658893236038413,285.37386618352497,322.687149442816,2.302585092994046,5008.028541908057,0.7014045576902042,44.71005,,
3,1,86910,3476.4,-0.6799999999998363,10,24.67911959306979,287.59893746062505,321.4600064284161,2.302585092994046,5014.886427141118,0.7023650458180836,44.88015,,
3,1,86911,3476.44,-0.6399999999998727,10,24.700826337451325,289.846239768225,320.284581984704,2.302585092994046,5022.472041337357,0.703427456769938,45.05025,,
3,1,86912,3476.48,-0.599999999999909,10,24.721148865994476,292.04631506609996,319.08888618855997,2.302585092994046,5030.602064476566,0.7045661154729084,45.220349999999996,0.7085649159136213,0.969388873761806
3,1,86913,3476.52,-0.5599999999999454,10,24.74181213894207,294.23843055652503,317.9188373621761,2.302585092994046,5037.885822973547,0.705586249716183,45.3915,,
3,1,86914,3476.56,-0.5199999999999818,10,24.761733923949752,296.41253646689995,316.73093045358405,2.302585092994046,5044.9750306156175,0.7065791359405625,45.5616,,
3,1,86915,3476.6,-0.4800000000000182,10,24.782284913711244,298.55974099139996,315.60190455296004,2.302585092994046,5051.240039924401,0.7074565882247058,45.7317,,
3,1,86916,3476.64,-0.44000000000005457,10,24.80290361018663,300.696626700225,314.487400795984,2.302585092994046,5057.323387803303,0.7083085977315552,45.9018,,
3,1,86917,3476.68,-0.40000000000009095,10,24.821110505411315,302.8135789223999,313.27394779944,2.302585092994046,5064.3507226438205,0.7092928182974538,46.07295,0.7116320143283139,0.9678211552151259
3,1,86918,3476.72,-0.36000000000012733,10,24.83835113979195,304.89618012209996,312.047507221504,2.302585092994046,5071.070630611656,0.7102339818783833,46.243050000000004,,
3,1,86919,3476.76,-0.31999999999970896,10,24.854725902381723,306.93212569372497,310.82527398879995,2.302585092994046,5079.222845283404,0.7113757486391322,46.413149999999995,,
3,1,86920,3476.8,-0.27999999999974534,10,24.87132681323214,308.9774280726,309.605469378,2.302585092994046,5086.842012697859,0.7124428589212688,46.58325,,
3,1,86921,3476.84,-0.23999999999978172,10,24.88600982445159,310.990272079725,308.323212902976,2.302585092994046,5095.427055547342,0.713645245874978,46.754400000000004,,
3,1,86922,3476.88,-0.1999999999998181,10,24.899679962398896,312.993189695025,307.000872534864,2.302585092994046,5103.497681459887,0.7147755856386396,46.9245,0.7126289191303903,0.9661011742700204
3,1,86923,3476.92,-0.15999999999985448,10,24.911704725072127,314.93264485252496,305.660387456656,2.302585092994046,5112.286700621726,0.7160065407033228,47.0946,,
3,1,86924,3476.96,-0.11999999999989086,10,24.92243679933798,316.85862087809994,304.269235138896,2.302585092994046,5121.075106213545,0.7172374098338299,47.2647,,
3,1,86925,3477.0,-0.07999999999992724,10,24.932614954750253,318.77062127190004,302.86466720993593,2.302585092994046,5129.919848008855,0.7184761691889153,47.43585,,
3,1,86926,3477.04,-0.03999999999996362,10,24.942012480090774,320.5680487191,301.53593783790404,2.302585092994046,5138.396713690751,0.7196634052788167,47.60595,,
3,1,86927,3477.08,0.0,10,24.948827764477613,322.37010213502504,300.073904686544,2.302585092994046,5146.259389381451,0.7207646203615479,48.59505,0.711204058791117,0.9636082204981683
3,1,86928,3477.12,0.03999999999996362,10,24.9565827353006,324.1609994196,298.670022404304,2.302585092994046,5153.285780156592,0.7217487087054051,48.546749999999996,,
3,1,86929,3477.16,0.07999999999992724,10,24.963207954813498,325.89527002200003,297.266481373264,2.302585092994046,5159.764701859873,0.7226561207086657,48.489,,
3,1,86930,3477.2,0.11999999999989086,10,24.968853581157145,327.5540405424,295.88960861486396,2.302585092994046,5166.436591316252,0.7235905590078785,48.4323,,
3,1,86931,3477.24,0.15999999999985448,10,24.97380006349863,329.1705518409,294.520137770704,2.302585092994046,5172.95884869602,0.724504040433616,48.37455,,
3,1,86932,3477.28,0.20000000000027285,10,24.975883582749102,330.75953702190003,293.03522371713603,2.302585092994046,5178.655485946728,0.7253018887880571,48.31785,0.710089648311452,0.9631350430836977
3,1,86933,3477.32,0.24000000000023647,10,24.975647463464103,332.292121533225,291.490844686016,2.302585092994046,5183.593499150001,0.7259934872759105,48.2601,,
3,1,86934,3477.36,0.2800000000002001,10,24.975915384040782,333.7787507465249,290.01759852424004,2.302585092994046,5188.698026732163,0.726708407105345,48.2034,,
3,1,86935,3477.4,0.3200000000001637,10,24.974642741591722,335.2023867591,288.53039331104003,2.302585092994046,5192.506799786836,0.727241848709641,48.1467,,
3,1,86936,3477.44,0.36000000000012733,10,24.97387595114801,336.619767870225,287.0747121531039,2.302585092994046,5194.848865538969,0.7275698691231051,48.088950000000004,,
3,1,86937,3477.48,0.40000000000009095,10,24.97346981128205,338.0137627734001,285.66043164161596,2.302585092994046,5197.969069850304,0.7280068725280535,48.032250000000005,0.7078234134308283,0.9626439192003114
3,1,86938,3477.52,0.44000000000005457,10,24.971071974613345,339.359868351,284.19456721032003,2.302585092994046,5199.890662652511,0.7282760031726204,47.9745,,
3,1,86939,3477.56,0.4800000000000182,10,24.9682620021259,340.70756413050003,282.706543276304,2.302585092994046,5201.796124267595,0.7285428745472823,47.9178,,
3,1,86940,3477.6,0.5199999999999818,10,24.96465667527843,341.99907964109997,281.235003273424,2.302585092994046,5203.219170565233,0.7287421807514332,47.86005,,
3,1,86941,3477.64,0.5599999999999454,10,24.960392667286484,343.23120891202495,279.789993193104,2.302585092994046,5204.602601806626,0.728935938628379,47.80335,,
3,1,86942,3477.68,0.599999999999909,10,24.955639493531095,344.43620480902496,278.347737722064,2.302585092994046,5206.783063970397,0.72924132548605,47.7456,0.7048518557291414,0.9619635034159915
3,1,86943,3477.72,0.6399999999998727,10,24.94783240210171,345.5704537551,276.823887808256,2.302585092994046,5207.662542934898,0.7293645018116104,47.688900000000004,,
3,1,86944,3477.76,0.680000000000291,10,24.938340580584264,346.6269694944,275.293861418816,2.302585092994046,5208.860053526136,0.7295322203818118,47.6322,,
3,1,86945,3477.8,0.7200000000002547,10,24.930208916218813,347.6681030655,273.847213540816,2.302585092994046,5210.077188343694,0.7297026874430944,47.57445,,
3,1,86946,3477.84,0.7600000000002183,10,24.91949015232294,348.6324047346,272.34858471712,2.302585092994046,5210.246205647692,0.7297263593344105,47.51775,,
3,1,86947,3477.88,0.8000000000001819,10,24.90916645181448,349.5270640806,270.93950924359996,2.302585092994046,5210.2545502061075,0.7297275280400711,47.46,0.7002908076862476,0.9616754424739197
3,1,86948,3477.92,0.8400000000001455,10,24.89737624083793,350.38572751822494,269.49361615961607,2.302585092994046,5209.953038337635,0.7296852994870637,47.403299999999994,,
3,1,86949,3477.96,0.8800000000001091,10,24.885160765192598,351.193845818025,268.077380491456,2.302585092994046,5208.861899708529,0.7295324789507742,47.345549999999996,,
3,1,86950,3478.0,0.9200000000000728,10,24.872383726227064,351.946651207725,266.68882101696,2.302585092994046,5207.5682861063015,0.7293513005751122,47.28885,,
3,1,86951,3478.04,0.9600000000000364,10,24.853690776610144,352.60467470550003,265.10127051385604,2.302585092994046,5205.5809502171915,0.7290729622152929,47.2311,,
3,1,86952,3478.08,1.0,10,24.836292041345786,353.2375445886,263.603857774416,2.302585092994046,5202.812296069056,0.7286851955278789,47.1744,0.6947833691550138,0.9624824979704364
3,1,86953,3478.12,1.0399999999999636,10,24.818049435929,353.82029521859994,262.115282585616,2.302585092994046,5200.003987249669,0.7282918749649396,47.117700000000006,,
3,1,86954,3478.16,1.0799999999999272,10,24.798474417230512,354.38244157890006,260.581891843136,2.302585092994046,5196.006918871318,0.7277320614665711,47.05995,,
3,1,86955,3478.2,1.1199999999998909,10,24.7779590954014,354.88290131122494,259.06435562216,2.302585092994046,5191.037448815439,0.7270360572570643,47.00325,,
3,1,86956,3478.24,1.1599999999998545,10,24.756477330415347,355.290846597225,257.592323214144,2.302585092994046,5186.189139418627,0.7263570223275388,46.9455,,
3,1,86957,3478.28,1.2000000000002728,10,24.73480324859086,355.67361938272495,256.136872363776,2.302585092994046,5180.849771980563,0.7256092117619836,46.8888,0.6885578547443509,0.9630584531559175
3,1,86958,3478.32,1.2400000000002365,10,24.712594055799748,356.023750891725,254.68855407502406,2.302585092994046,5175.092942265034,0.7248029330903409,46.831050000000005,,
3,1,86959,3478.36,1.2800000000002,10,24.690199357854546,356.353671944025,253.25227238657598,2.302585092994046,5170.058130190714,0.7240977773376353,46.77435,,
3,1,86960,3478.4,1.3200000000001637,10,24.667174329586864,356.644320535125,251.825168871104,2.302585092994046,5164.620410583798,0.7233361919585151,46.7166,,
3,1,86961,3478.44,1.3600000000001273,10,24.644222919914192,356.8919149026,250.44580842382402,2.302585092994046,5158.539181771256,0.7224844792396717,46.6599,,
3,1,86962,3478.48,1.400000000000091,10,24.62016901917865,357.08649525990006,249.06622727302403,2.302585092994046,5152.0586552718505,0.7215768424750489,46.6032,0.6832349828648928,0.9631117312072369
3,1,86963,3478.52,1.4400000000000546,10,24.596912801365214,357.2742534795001,247.73386587846397,2.302585092994046,5145.280598446624,0.7206275347964459,46.54545,,
3,1,86964,3478.56,1.4800000000000182,10,24.573813243412264,357.4425360366001,246.429761285504,2.302585092994046,5138.352934879642,0.719657273792667,46.488749999999996,,
3,1,86965,3478.6,1.5199999999999818,10,24.54974645279083,357.5460001491,245.144050747216,2.302585092994046,5132.55879938216,0.7188457702215912,46.431,,
3,1,86966,3478.64,1.5599999999999454,10,24.52533383574342,357.558590445525,243.933409309136,2.302585092994046,5125.895308190502,0.71791250814993,46.3743,,
3,1,86967,3478.68,1.599999999999909,10,24.4993410534704,357.5001171861,242.71759486816,2.302585092994046,5119.1563571974375,0.7169686774786326,46.31655,0.676188961200386,0.963295741144869
3,1,86968,3478.72,1.6399999999998727,10,24.47299180523542,357.41376510839996,241.51356279071996,2.302585092994046,5112.356473331349,0.7160163127915055,46.25985,,
3,1,86969,3478.76,1.680000000000291,10,24.444107742112738,357.2667723996,240.24763090841597,2.302585092994046,5104.8495433894,0.7149649220433335,46.2021,,
3,1,86970,3478.8,1.7200000000002547,10,24.414349765311403,357.102856415025,238.95761804793597,2.302585092994046,5097.679906427235,0.7139607712082964,46.145399999999995,,
3,1,86971,3478.84,1.7600000000002183,10,24.383159950704425,356.89831659090004,237.64017259073603,2.302585092994046,5089.800436756133,0.7128572040274695,46.08765,,
3,1,86972,3478.88,1.800000000000182,10,24.351077329980065,356.596087218525,236.37887991214401,2.302585092994046,5081.495865897199,0.7116940988651539,46.03095,0.6680214352945765,0.9630182692827887
3,1,86973,3478.92,1.8400000000001455,10,24.318562993791883,356.2880787396,235.104427343424,2.302585092994046,5072.893033116175,0.7104892203243942,45.974250000000005,,
3,1,86974,3478.96,1.8800000000001091,10,24.288086900190986,355.99485833572504,233.91630693550405,2.302585092994046,5064.180587978788,0.7092689899129955,45.9165,,
3,1,86975,3479.0,1.9200000000000728,10,24.255989669865645,355.69330050712495,232.65973435750402,2.302585092994046,5055.690083921976,0.7080798436865514,45.8598,,
3,1,86976,3479.04,1.9600000000000364,10,24.22366289656905,355.34480664060004,231.441037486016,2.302585092994046,5046.512133733089,0.7067944164892281,45.80205,,
3,1,86977,3479.08,2.0,10,24.19141193007089,354.9484905246,230.275920645776,2.302585092994046,5036.532431583797,0.7053966991013721,45.74535,0.6627170475286499,0.9623561032811899
3,1,86978,3479.12,2.0399999999999636,10,24.158064145062617,354.50713040399995,229.10493283296,2.302585092994046,5025.838945661829,0.703899011997455,45.6876,,
3,1,86979,3479.16,2.0799999999999272,10,24.125038071759885,354.0395200229999,227.977941940864,2.302585092994046,5014.618544492338,0.7023275272398232,45.6309,,
3,1,86980,3479.2,2.119999999999891,10,24.091289892475768,353.540053136025,226.85019554728,2.302585092994046,5002.912815412614,0.7006880693855201,45.573150000000005,,
3,1,86981,3479.24,2.1599999999998545,10,24.055697570773454,353.00010397049994,225.67648164601601,2.302585092994046,4990.388922418286,0.698934022747659,45.51645,,
3,1,86982,3479.28,2.200000000000273,10,24.01865800671636,352.3980591936,224.49787324999997,2.302585092994046,4976.347875770688,0.6969674896037378,45.45975,0.6575046546600473,0.9619920874419821
3,1,86983,3479.32,2.2400000000002365,10,23.981227406854327,351.742830180525,223.356437758736,2.302585092994046,4960.660251393485,0.6947703433324208,45.402,,
3,1,86984,3479.36,2.2800000000002,10,23.942094917779855,351.0186113259,222.20529772607998,2.302585092994046,4939.020434911837,0.6917395567103413,45.3453,,
3,1,86985,3479.4,2.3200000000001637,10,23.903887453629398,350.272618294725,221.12321710105599,2.302585092994046,4910.903108742021,0.6878015558462214,45.287549999999996,,
3,1,86986,3479.44,2.3600000000001273,10,23.864950548146982,349.512973656525,220.02289100897602,2.302585092994046,4873.802748255065,0.68260542692648,45.23085,,
3,1,86987,3479.48,2.400000000000091,10,23.826319715487408,348.72503493240004,218.96847625222398,2.302585092994046,4844.508071866014,0.6785025310736714,45.1731,0.6525726136730057,0.9618722598116449
3,1,86988,3479.52,2.4400000000000546,10,23.789141104135833,347.929984840725,217.99324963176,2.302585092994046,4822.293790376223,0.6753912871675383,45.1164,,
3,1,86989,3479.56,2.480000000000018,10,23.7519672203628,347.124611413125,217.03133542406403,2.302585092994046,4802.553523185119,0.6726265438634622,45.05865,,
3,1,86990,3479.6,2.519999999999982,10,23.71343014499623,346.29863617440003,216.028133067216,2.302585092994046,4785.903106969802,0.6702945527968911,45.00195,,
3,1,86991,3479.64,2.5599999999999454,10,23.67582336872777,345.4493096439,215.095302543296,2.302585092994046,4771.48725458584,0.6682755258523587,44.94525,,
3,1,86992,3479.68,2.599999999999909,10,23.638267300318354,344.61474316289997,214.15293779839993,2.302585092994046,4755.445544896998,0.6660287878007001,44.887499999999996,0.6489068871882302,0.9612952714851564
3,1,86993,3479.72,2.6399999999998727,10,23.599797401088342,343.7761373423999,213.174300030016,2.302585092994046,4734.811322667116,0.6631388407096801,44.8308,,
3,1,86994,3479.76,2.680000000000291,10,23.55951761513007,342.877354029,212.17351622862398,2.302585092994046,4704.50635577536,0.6588944475875856,44.77305,,
3,1,86995,3479.8,2.7200000000002547,10,23.518949942042163,341.979804600525,211.16120177576005,2.302585092994046,4659.087182231373,0.6525332187999122,44.71635,,
3,1,86996,3479.84,2.7600000000002183,10,23.479562515108327,341.04576045960005,210.24409544128002,2.302585092994046,4637.45628188469,0.6495036809362311,44.6586,,
3,1,86997,3479.88,2.800000000000182,10,23.440289808866723,340.11435484372504,209.33283147993598,2.302585092994046,4629.35246619692,0.6483686927446667,44.6019,0.6463120273659377,0.9600080468911334
3,1,86998,3479.92,2.8400000000001455,10,23.400840926425893,339.14089201702507,208.45846404686398,2.302585092994046,4624.789606480075,0.6477296367619151,44.54415,,
3,1,86999,3479.96,2.880000000000109,10,23.36090970996098,338.12922112672504,207.602881350224,2.302585092994046,4621.931200502969,0.6473292997903318,44.48745,,
3,1,87000,3480.0,2.9200000000000728,10,23.319567480870244,337.085396617725,206.716830877136,2.302585092994046,4619.997984377504,0.6470585412293424,44.43075,,
3,1,87001,3480.04,2.9600000000000364,10,23.278099782464977,336.03293475990006,205.836994722496,2.302585092994046,4618.337119174501,0.6468259270552522,44.0706,,
3,1,87002,3480.08,3.0,10,23.235805243911578,334.98050273572494,204.92214259726398,2.302585092994046,4616.906273689563,0.6466255285279502,43.64745,0.6457416892290777,0.9592657852046678
3,1,87003,3480.12,3.0399999999999636,10,23.191977534239808,333.8997045111,203.968117437584,2.302585092994046,4615.699755916873,0.6464565484477414,43.2243,,
3,1,87004,3480.16,3.0799999999999272,10,23.147410574789763,332.775346842225,203.027269475664,2.302585092994046,4614.711610345037,0.646318152709389,42.80115,,
3,1,87005,3480.2,3.119999999999891,10,23.1023715746385,331.64228104402497,202.07729132864,2.302585092994046,4613.732608370201,0.6461810375868628,42.37695,,
3,1,87006,3480.24,3.1599999999998545,10,23.05618772967604,330.5009635956,201.086829030464,2.302585092994046,4612.596095919975,0.6460218621736661,41.9538,,
3,1,87007,3480.28,3.200000000000273,10,23.010576166606867,329.3533858104,200.13322970881595,2.302585092994046,4611.281049930064,0.6458376820630342,41.53065,0.6457292048539413,0.9594691858103254
3,1,87008,3480.32,3.2400000000002365,10,22.96499479972432,328.21061868472503,199.18036746664,2.302585092994046,4609.798979625358,0.6456301091912265,41.1075,,
3,1,87009,3480.36,3.2800000000002,10,22.919617574119773,327.0741211899,198.234748554,2.302585092994046,4608.346423527687,0.645426669961861,40.684349999999995,,
3,1,87010,3480.4,3.3200000000001637,10,22.874370170506026,325.9382827806,197.29852791673596,2.302585092994046,4606.76052377615,0.6452045551507214,40.260149999999996,,
3,1,87011,3480.44,3.3600000000001273,10,22.828924844744574,324.8109570825,196.34885248449604,2.302585092994046,4605.069093635173,0.6449676601729935,39.837,,
3,1,87012,3480.48,3.400000000000091,10,22.78446258542573,323.700324392025,195.43141091464,2.302585092994046,4603.50267907849,0.6447482743807408,39.41385,0.6467919871530273,0.9598466724514343
3,1,87013,3480.52,3.4400000000000546,10,22.740117841270944,322.58036961202504,194.53258982286403,2.302585092994046,4602.388777513408,0.6445922657581804,38.990700000000004,,
3,1,87014,3480.56,3.480000000000018,10,22.697658984395307,321.432651103725,193.751072268176,2.302585092994046,4601.624165198983,0.644485177198737,38.5665,,
3,1,87015,3480.6,3.519999999999982,10,22.655152076136257,320.265731587725,192.990184005136,2.302585092994046,4601.72307325264,0.6444990298673164,38.14335,,
3,1,87016,3480.64,3.5599999999999454,10,22.612965499493622,319.1314899512249,192.21471873006396,2.302585092994046,4602.553425363838,0.6446153256812098,37.7202,,
3,1,87017,3480.68,3.599999999999909,10,22.570641607936647,317.983261514625,191.450601079296,2.302585092994046,4604.870075980905,0.6449397865519476,37.297050000000006,0.6472028666787931,0.9603942004475856
3,1,87018,3480.72,3.6399999999998727,10,22.52738136467672,316.79835977159996,190.684551377984,2.302585092994046,4608.295401758065,0.6454195240557514,36.8739,,
3,1,87019,3480.76,3.680000000000291,10,22.48210665058791,315.589920734025,189.85519871438402,2.302585092994046,4613.213775946666,0.6461083719813258,36.4497,,
3,1,87020,3480.8,3.7200000000002547,10,22.43672271391856,314.36001120352495,189.046514937744,2.302585092994046,4620.373227394975,0.647111096273806,36.02655,,
3,1,87021,3480.84,3.7600000000002183,10,22.39164821951113,313.1377389,188.24817108633596,2.302585092994046,4627.67199323777,0.6481333323862423,35.6034,,
3,1,87022,3480.88,3.800000000000182,10,22.34659680792422,311.93599900522497,187.434389890704,2.302585092994046,4633.190636891046,0.6489062516654125,35.180249999999994,0.6471601153706782,0.9611472850763116
3,1,87023,3480.92,3.8400000000001455,10,22.302370092443446,310.7377567035,186.657955036816,2.302585092994046,4638.381551179826,0.649633270473365,34.75605,,
3,1,87024,3480.96,3.880000000000109,10,22.25697171483715,309.497482228725,185.875307686336,2.302585092994046,4642.404200945989,0.6501966667991581,34.3329,,
3,1,87025,3481.0,3.9200000000000728,10,22.211265821909407,308.28511603102504,185.05521338049599,2.302585092994046,4645.93537748962,0.6506912293402829,33.909749999999995,,
3,1,87026,3481.04,3.9600000000000364,10,22.165725385344466,307.05548057100003,184.26390128750398,2.302585092994046,4648.166628040508,0.6510037294174381,33.486599999999996,,
3,1,87027,3481.08,4.0,10,22.120851946372884,305.844312316725,183.48777851662402,2.302585092994046,4649.715784273641,0.6512206980775407,33.06345,0.6471277571275356,0.961618316359642
3,1,87028,3481.12,4.039999999999964,10,22.075764577044417,304.648588224225,182.690793436864,2.302585092994046,4650.608048855189,0.6513456651057687,32.63925,,
3,1,87029,3481.16,4.079999999999927,10,22.032400364726854,303.495395616,181.931270215616,2.302585092994046,4650.887074382659,0.6513847443112968,32.2161,,
3,1,87030,3481.2,4.119999999999891,10,21.98748856064933,302.321662969725,181.12799023496,2.302585092994046,4650.655667341235,0.6513523343615177,31.79295,,
3,1,87031,3481.24,4.1599999999998545,10,21.94263995741661,301.14095465160005,180.338493649216,2.302585092994046,4650.142157116027,0.6512804141619086,31.3698,,
3,1,87032,3481.28,4.200000000000273,10,21.896623123604265,299.92110165202496,179.541002565136,2.302585092994046,4649.42512453315,0.6511799894304131,30.9456,0.6465856266738668,0.9619282755167357
3,1,87033,3481.32,4.2400000000002365,10,21.850731940662055,298.7146987445249,178.739787598144,2.302585092994046,4648.321408245591,0.6510254073173097,30.52245,,
3,1,87034,3481.36,4.2800000000002,10,21.804141253686396,297.48786505672496,177.932710753984,2.302585092994046,4647.069887898422,0.6508501243555211,30.099300000000003,,
3,1,87035,3481.4,4.320000000000164,10,21.757615429074598,296.25469053862497,177.13913862088003,2.302585092994046,4645.739099236925,0.6506637393889251,29.67615,,
3,1,87036,3481.44,4.360000000000127,10,21.712819937015457,295.0555731606,176.39097645665598,2.302585092994046,4644.127658341743,0.6504380473867988,29.252999999999997,,
3,1,87037,3481.48,4.400000000000091,10,21.667632161005596,293.8515215769,175.63476188774402,2.302585092994046,4641.826039021642,0.6501156917397257,28.8288,0.6456959274556777,0.9623299859579985
3,1,87038,3481.52,4.440000000000055,10,21.623212488383864,292.634130537,174.92918778079996,2.302585092994046,4639.3830509093295,0.6497735365419229,28.405649999999998,,
3,1,87039,3481.56,4.480000000000018,10,21.580281006586198,291.457893584025,174.25063473920005,2.302585092994046,4636.726741321081,0.6494015043867061,27.982499999999995,,
3,1,87040,3481.6,4.519999999999982,10,21.537437768099643,290.28320457412485,173.57802104064004,2.302585092994046,4633.567560481755,0.6489590420842796,27.55935,,
3,1,87041,3481.64,4.559999999999945,10,21.49499531306383,289.13296719510004,172.90185631353597,2.302585092994046,4630.761276392486,0.6485660050969868,27.13515,,
3,1,87042,3481.68,4.599999999999909,10,21.451382880318928,287.95916344860007,172.20266402943997,2.302585092994046,4627.745412083836,0.6481436151377921,26.711999999999996,0.6446034553273319,0.9635259500442416
3,1,87043,3481.72,4.639999999999873,10,21.40853237361132,286.8341915438999,171.49106684806398,2.302585092994046,4624.72783994318,0.6477209859864398,26.375999999999998,,
3,1,87044,3481.76,4.680000000000291,10,21.36675689904214,285.73341745252503,170.80488293023998,2.302585092994046,4621.6026221638485,0.647283280415105,26.242649999999998,,
3,1,87045,3481.8,4.720000000000255,10,21.324884640377306,284.66639637659995,170.0843085488,2.302585092994046,4618.72872936973,0.646880774421531,26.108249999999998,,
3,1,87046,3481.84,4.760000000000218,10,21.283278335595412,283.5925941980249,169.38534251240003,2.302585092994046,4615.795756031306,0.6464699938419196,25.974899999999998,,
3,1,87047,3481.88,4.800000000000182,10,21.242419690765008,282.547723196025,168.69267112257597,2.302585092994046,4612.605261650883,0.6460231458894794,25.841549999999998,0.6417099954090171,0.9650800022293535
3,1,87048,3481.92,4.8400000000001455,10,21.202988231145532,281.5292254824,168.037484447696,2.302585092994046,4609.484748031579,0.6455860991640867,25.7082,,
3,1,87049,3481.96,4.880000000000109,10,21.162846224162667,280.4916689505,167.374391357056,2.302585092994046,4606.524689659915,0.6451715251624529,25.57485,,
3,1,87050,3482.0,4.920000000000073,10,21.12308669293709,279.4542406614,166.73055077593602,2.302585092994046,4603.815859666051,0.6447921372081304,25.440450000000002,,
3,1,87051,3482.04,4.960000000000036,10,21.083471005022965,278.40280938750004,166.10994023214397,2.302585092994046,4601.057052163507,0.6444057496027321,25.307100000000002,,
3,1,87052,3482.08,5.0,10,21.04384576949793,277.3287075384,165.51473723201602,2.302585092994046,4598.277483516309,0.6440164542739929,25.173750000000002,0.6380721025452479,0.9662358924830817
3,1,87053,3482.12,5.039999999999964,10,21.003088789955374,276.22989179572505,164.899846923024,2.302585092994046,4595.65508727959,0.6436491718878977,25.0404,,
3,1,87054,3482.16,5.079999999999927,10,20.96271456784357,275.118837851025,164.316564201856,2.302585092994046,4592.578153328457,0.643218228757487,24.907049999999998,,
3,1,87055,3482.2,5.119999999999891,10,20.921862335526086,274.016496611025,163.70782697568,2.302585092994046,4589.662421746918,0.6428098629897644,24.77265,,
3,1,87056,3482.24,5.1599999999998545,10,20.882005827457885,272.928746297025,163.12942108096,2.302585092994046,4586.368978237508,0.6423485963918077,24.6393,,
3,1,87057,3482.28,5.200000000000273,10,20.84295145095773,271.853720641125,162.57490454585601,2.302585092994046,4583.3272297535,0.6419225811979693,24.50595,0.634780600851621,0.9671433191875148
3,1,87058,3482.32,5.2400000000002365,10,20.803769693410278,270.77232640499994,162.02450705145597,2.302585092994046,4580.726430413641,0.6415583235873447,24.3726,,
3,1,87059,3482.36,5.2800000000002,10,20.765282815517924,269.7187439331,161.47822647534403,2.302585092994046,4577.860188017427,0.6411568890780711,24.2382,,
3,1,87060,3482.4,5.320000000000164,10,20.727212067600625,268.67542592362497,160.94189417166402,2.302585092994046,4575.294806529382,0.6407975919508939,24.10485,,
3,1,87061,3482.44,5.360000000000127,10,20.689678033169486,267.6256169454,160.43716017081604,2.302585092994046,4572.188486217305,0.6403625330836561,23.9715,,
3,1,87062,3482.48,5.400000000000091,10,20.65349344160026,266.6436792122249,159.92311213000002,2.302585092994046,4568.787849096296,0.6398862533748313,23.838150000000002,0.6305949373772358,0.967846315893928
3,1,87063,3482.52,5.440000000000055,10,20.61720275451876,265.6527431166,159.416306304336,2.302585092994046,4565.389995618289,0.6394103635319731,23.704800000000002,,
3,1,87064,3482.56,5.480000000000018,10,20.58098669683706,264.65853595859994,158.91847745678405,2.302585092994046,4561.757645191532,0.6389016309792062,23.570400000000003,,
3,1,87065,3482.6,5.519999999999982,10,20.544272555025646,263.68836969510005,158.37876512008,2.302585092994046,4558.279545441343,0.6384145021626532,23.437050000000003,,
3,1,87066,3482.64,5.559999999999945,10,20.50713469197294,262.7069009544,157.83567232032004,2.302585092994046,4554.410597500698,0.637872632703179,23.303700000000003,,
3,1,87067,3482.68,5.599999999999909,10,20.471168043791955,261.71878295902496,157.34993811814402,2.302585092994046,4550.432828154186,0.6373155221504461,23.17035,0.6259782862113396,0.9681967913902085
3,1,87068,3482.72,5.639999999999873,10,20.435431159412445,260.720134357725,156.88671231336002,2.302585092994046,4546.482424680503,0.6367622443530117,23.037,,
3,1,87069,3482.76,5.680000000000291,10,20.398790494374317,259.7208798996,156.38977373377605,2.302585092994046,4542.588484857946,0.6362168746299645,22.9026,,
3,1,87070,3482.8,5.720000000000255,10,20.363368274447524,258.73938738899994,155.92738009177597,2.302585092994046,4538.165412317679,0.6355973966831483,22.76925,,
3,1,87071,3482.84,5.760000000000218,10,20.327432473778778,257.76414459809996,155.440366377936,2.302585092994046,4533.522192074388,0.6349470857247042,22.6359,,
3,1,87072,3482.88,5.800000000000182,10,20.291926133329383,256.7965986684,154.965667532096,2.302585092994046,4528.618104331505,0.6342602387018914,22.50255,0.6217234969471956,0.9681767530399448
3,1,87073,3482.92,5.8400000000001455,10,20.257777151975016,255.85220943922505,154.52532569985596,2.302585092994046,4523.366569163322,0.633524729574695,22.3692,,
3,1,87074,3482.96,5.880000000000109,10,20.223574469162074,254.8977867324,154.095177577344,2.302585092994046,4517.674802466165,0.6327275633706113,22.2348,,
3,1,87075,3483.0,5.920000000000073,10,20.190018402253028,253.9744851861,153.662357897216,2.302585092994046,4512.07882025332,0.631943812360409,22.10145,,
3,1,87076,3483.04,5.960000000000036,10,20.156843967483226,253.05504169522496,153.24331703424,2.302585092994046,4506.584066747483,0.6311742390402637,21.968100000000003,,
3,1,87077,3483.08,6.0,10,20.124230514269506,252.17078297039993,152.81387082105599,2.302585092994046,4501.2157036831995,0.630422367462633,21.834750000000003,0.6180205661814813,0.9682190428680831
3,1,87078,3483.12,6.039999999999964,10,20.090767417816075,251.29903247190003,152.33990296488,2.302585092994046,4495.609537282971,0.6296371900956542,21.701399999999996,,
3,1,87079,3483.16,6.079999999999927,10,20.058172917949655,250.460600328225,151.869700478144,2.302585092994046,4489.954374264282,0.6288451504571824,21.567000000000004,,
3,1,87080,3483.2,6.119999999999891,10,20.025807808477538,249.60301954559995,151.42995883648,2.302585092994046,4484.261677278672,0.6280478539605985,21.433649999999997,,
3,1,87081,3483.24,6.1599999999998545,10,19.992508981465132,248.74119630989995,150.959219064064,2.302585092994046,4478.5646186992335,0.6272499465965313,21.3003,,
3,1,87082,3483.28,6.200000000000273,10,19.959468717059682,247.8848894109,150.49550205638403,2.302585092994046,4472.579856471648,0.6264117446038723,21.16695,0.612910086122257,0.9676436029252738
3,1,87083,3483.32,6.2400000000002365,10,19.926066841074682,247.01922700559993,150.02891274937605,2.302585092994046,4466.81679283972,0.6256045928346947,21.03255,,
3,1,87084,3483.36,6.2800000000002,10,19.892190532450897,246.1566431882251,149.542600991104,2.302585092994046,4460.734568554246,0.624752740693872,20.8992,,
3,1,87085,3483.4,6.320000000000164,10,19.858880589748882,245.30783108422492,149.06730719367997,2.302585092994046,4454.736533385487,0.6239126797458666,20.76585,,
3,1,87086,3483.44,6.360000000000127,10,19.825527352018884,244.451153304225,148.60038148142402,2.302585092994046,4448.412103537437,0.6230269052573442,20.6325,,
3,1,87087,3483.48,6.400000000000091,10,19.793058374669666,243.60988750402498,148.155272319056,2.302585092994046,4442.381607047226,0.622182297905774,20.49915,0.6073976899808099,0.966396947617941
3,1,87088,3483.52,6.440000000000055,10,19.760893030508008,242.78216881589998,147.71072454728,2.302585092994046,4436.614404796269,0.6213745664980769,20.36475,,
3,1,87089,3483.56,6.480000000000018,10,19.727129202762274,241.91547945390002,147.24414712857603,2.302585092994046,4430.762332089386,0.6205549484719028,20.2314,,
3,1,87090,3483.6,6.519999999999982,10,19.695694728379703,241.07360736690003,146.84678346662398,2.302585092994046,4424.725946029587,0.6197095162506425,20.098050000000004,,
3,1,87091,3483.64,6.559999999999945,10,19.66420086079025,240.24435956639996,146.43643592710401,2.302585092994046,4418.872966564107,0.618889771227466,19.959449999999997,,
3,1,87092,3483.68,6.599999999999909,10,19.632850893976048,239.41767798900008,146.031156236096,2.302585092994046,4413.504354116049,0.6181378647221357,19.64235,0.6030380119884778,0.9644915642496954
3,1,87093,3483.72,6.639999999999873,10,19.602195832431732,238.59253034189996,145.653551111104,2.302585092994046,4408.625229789727,0.6174545139761521,19.324199999999998,,
3,1,87094,3483.76,6.680000000000291,10,19.57064026363545,237.77140766872503,145.238552659904,2.302585092994046,4403.790552022753,0.6167773882384808,19.006050000000002,,
3,1,87095,3483.8,6.720000000000255,10,19.53906419724251,236.96268342390005,144.81234628006396,2.302585092994046,4399.364723665887,0.6161575243229533,18.687900000000003,,
3,1,87096,3483.84,6.760000000000218,10,19.508374169792035,236.18722713862502,144.389435609984,2.302585092994046,4395.590139874552,0.6156288711308896,18.36975,,
3,1,87097,3483.88,6.800000000000182,10,19.47854551381671,235.44320496952506,143.97053036430398,2.302585092994046,4392.522385245695,0.6151992136198452,18.052650000000003,0.6001860874070458,0.9623983481279943
3,1,87098,3483.92,6.8400000000001455,10,19.448908123706687,234.69884189639998,143.56118530798398,2.163955656882057,4390.197693232374,0.6148736265031336,17.7345,,
3,1,87099,3483.96,6.880000000000109,10,19.419790649770686,233.96913499522498,143.159133885696,2.163955656882057,4388.577269721105,0.6146466764315273,17.41635,,
3,1,87100,3484.0,6.920000000000073,10,19.390870956427822,233.2503564489,142.75551999993598,2.163955656882057,4387.698355910038,0.6145235792591089,17.0982,,
3,1,87101,3484.04,6.960000000000036,10,19.36164099042767,232.52889946702498,142.34424237518402,2.163955656882057,4386.104146047349,0.6143003005668556,16.78005,,
3,1,87102,3484.08,7.0,10,19.331325815474244,231.795980619525,141.90417716449596,2.163955656882057,4383.86850379054,0.6139871854048375,16.46295,0.5944955611788092,0.959919112632254
3,1,87103,3484.12,7.039999999999964,10,19.302119187160798,231.091131510225,141.48067360513596,2.163955656882057,4382.15719223588,0.6137475059153893,16.1448,,
3,1,87104,3484.16,7.079999999999927,10,19.27378056326991,230.38609854802493,141.092518653056,2.163955656882057,4381.718651192658,0.6136860856012126,15.826649999999997,,
3,1,87105,3484.2,7.119999999999891,10,19.244222732964953,229.68870189772502,140.65140669824,2.163955656882057,4380.6026201838395,0.6135297787372325,15.5085,,
3,1,87106,3484.24,7.1599999999998545,10,19.21504982798744,229.00062577140005,140.21751412064,2.163955656882057,4379.417013811309,0.613363727424553,15.190350000000002,,
3,1,87107,3484.28,7.200000000000273,10,19.18687181585703,228.32475650302496,139.811293575104,2.163955656882057,4376.234391212739,0.6129179819625685,14.8722,0.5886337588303568,0.9563086480892977
3,1,87108,3484.32,7.2400000000002365,10,19.158306175913907,227.63021920852498,139.410476321536,2.163955656882057,4372.622205779158,0.6124120736385378,14.555100000000003,,
3,1,87109,3484.36,7.2800000000002,10,19.13027105813739,226.94989049302498,139.017380264784,2.163955656882057,4369.439862261159,0.6119663672634676,14.236949999999998,,
3,1,87110,3484.4,7.320000000000164,10,19.102439606295448,226.268062906725,138.63513600544,2.163955656882057,4367.990035412,0.6117633102817928,13.918800000000001,,
3,1,87111,3484.44,7.360000000000127,10,19.074882408544617,225.61647014812496,138.23466875167998,2.163955656882057,4364.477058175321,0.6112712966632102,13.600649999999998,,
3,1,87112,3484.48,7.400000000000091,10,19.046598511267806,224.95936718272506,137.81354766670398,2.163955656882057,4360.638340748985,0.6107336611693256,13.2825,0.5821892106866077,0.9513678665433223
3,1,87113,3484.52,7.440000000000055,10,19.01686365349881,224.28926696610006,137.35183624966402,2.163955656882057,4357.295483830205,0.610265473925799,12.965399999999997,,
3,1,87114,3484.56,7.480000000000018,10,18.98812108743685,223.63759129949995,136.91115113166398,2.163955656882057,4353.635756438849,0.6097529070642645,12.64725,,
3,1,87115,3484.6,7.519999999999982,10,18.95863980704776,222.96787745399996,136.462145879376,2.163955656882057,4349.8766193206875,0.6092264172718049,12.329100000000002,,
3,1,87116,3484.64,7.559999999999945,10,18.929933314791576,222.29353262339995,136.048842679056,2.163955656882057,4345.843803669992,0.6086615971526598,12.01095,,
3,1,87117,3484.68,7.599999999999909,10,18.900956231275284,221.62119072660002,135.624955729984,2.163955656882057,4341.781479848663,0.6080926442365074,11.692800000000002,0.5749665208456234,0.9448018161978228
3,1,87118,3484.72,7.639999999999873,10,18.871233718058527,220.94858684272498,135.17487519886402,2.163955656882057,4337.3531386371715,0.6074724283805563,11.375699999999998,,
3,1,87119,3484.76,7.680000000000291,10,18.84105034866517,220.28173913339992,134.703439107536,2.163955656882057,4332.587486056444,0.6068049700359165,11.05755,,
3,1,87120,3484.8,7.720000000000255,10,18.811556834459207,219.618525065625,134.256145470464,2.163955656882057,4326.7275509639085,0.6059842508352813,10.739399999999998,,
3,1,87121,3484.84,7.760000000000218,10,18.78252342485165,218.958815922525,133.82437028257598,2.163955656882057,4322.408065003406,0.6053792808128019,10.42125,,
3,1,87122,3484.88,7.800000000000182,10,18.753381019326195,218.29965634259997,133.38964331342402,2.163955656882057,4317.6715029766,0.6047158967754341,10.103100000000003,0.5670695163932568,0.9365938821043975
3,1,87123,3484.92,7.8400000000001455,10,18.725448515545253,217.65438770039995,132.988034407936,2.302585092994046,4311.341436027187,0.603829332776917,9.786000000000001,,
3,1,87124,3484.96,7.880000000000109,10,18.69708377023219,216.99206347140006,132.58887803968,2.302585092994046,4304.780412741534,0.6029104219525958,9.467849999999997,,
3,1,87125,3485.0,7.920000000000073,10,18.66808507684816,216.34241791522498,132.154982521216,2.302585092994046,4298.72274290703,0.6020620088105084,9.1497,,
3,1,87126,3485.04,7.960000000000036,10,18.64091938543722,215.734890053025,131.74898548134405,2.302585092994046,4293.3882863850895,0.6013148860483318,8.831550000000002,,
3,1,87127,3485.08,8.0,10,18.61377985396166,215.122448877525,131.350351574224,2.302585092994046,4287.698415759906,0.6005179854005471,8.513399999999999,0.5606346192406781,0.9289938558264103
3,1,87128,3485.12,8.039999999999964,10,18.587157566605633,214.535982161025,130.9464442448,2.302585092994046,4281.159104570986,0.5996021154861324,8.196300000000003,,
3,1,87129,3485.16,8.079999999999927,10,18.560826629523916,213.95342375190003,130.55086141934402,2.302585092994046,4274.929801705848,0.5987296641044607,7.878149999999999,,
3,1,87130,3485.2,8.11999999999989,10,18.535925132619333,213.40501565512506,130.17550486694398,2.302585092994046,4268.696654388019,0.5978566742840362,7.5600000000000005,,
3,1,87131,3485.24,8.159999999999854,10,18.511501675718694,212.86536504659998,129.810329243536,2.302585092994046,4261.241523873821,0.596812538357678,7.241849999999998,,
3,1,87132,3485.28,8.200000000000273,10,18.48705904856681,212.35783000949996,129.413522255696,2.302585092994046,4253.486893724961,0.595726455703776,6.9237,0.5522505589037824,0.9203862409172955
3,1,87133,3485.32,8.240000000000236,10,18.46442134313732,211.87393690522504,129.06091863167998,2.302585092994046,4245.5848526139835,0.5946197272568603,6.605550000000003,,
3,1,87134,3485.36,8.2800000000002,10,18.441333379756355,211.38986032289995,128.692916500416,2.302585092994046,4237.149467302435,0.593438300742638,6.28845,,
3,1,87135,3485.4,8.320000000000164,10,18.418665254433204,210.91406380222506,128.33316595263997,2.302585092994046,4229.546182259888,0.5923734148823373,5.970300000000003,,
3,1,87136,3485.44,8.360000000000127,10,18.396889650664974,210.44684466539996,127.99870415334401,2.302585092994046,4222.4915588701415,0.5913853723907762,5.652149999999999,,
3,1,87137,3485.48,8.400000000000091,10,18.374820592342555,209.96471612340002,127.66931567737602,2.302585092994046,4213.412289599724,0.5901137660503816,5.334000000000001,0.544122896339885,0.9105711910244654
3,1,87138,3485.52,8.440000000000055,10,18.35133689725479,209.46863955622499,127.30292636032,2.302585092994046,4204.23115652759,0.5888278930710912,5.015849999999998,,
3,1,87139,3485.56,8.480000000000018,10,18.32959803088614,208.986378449625,126.98778552424001,2.302585092994046,4195.574528802281,0.5876154802244091,4.797450000000001,,
3,1,87140,3485.6,8.519999999999982,10,18.306388943600428,208.46873546099997,126.65514069337601,2.302585092994046,4185.49194631263,0.5862033538252983,4.594800000000002,,
3,1,87141,3485.64,8.559999999999945,10,18.283138410017603,207.953949777525,126.31920034233602,2.302585092994046,4175.871595118078,0.5848559657028121,4.393199999999998,,
3,1,87142,3485.68,8.599999999999909,10,18.259813552390423,207.418274398125,126.002516569936,2.302585092994046,4166.2684644755345,0.5835109894223438,4.191600000000001,0.534331659699152,0.899792474892819
3,1,87143,3485.72,8.639999999999873,10,18.236439145730174,206.87587812359993,125.69183459231999,2.302585092994046,4156.364661997041,0.5821239022404819,3.9889500000000027,,
3,1,87144,3485.76,8.680000000000291,10,18.21242905859721,206.3330419185,125.359530295936,2.302585092994046,4146.615471763082,0.5807584694346051,3.787349999999999,,
3,1,87145,3485.8,8.720000000000255,10,18.18770931403746,205.76465731552497,125.02811277640001,2.302585092994046,4135.585437560725,0.5792136467171883,3.5857500000000013,,
3,1,87146,3485.84,8.760000000000218,10,18.163146385009288,205.2085091175,124.691377485776,2.302585092994046,4124.955993128782,0.5777249290096333,3.383100000000003,,
3,1,87147,3485.88,8.800000000000182,10,18.140653056418035,204.705312296625,124.37798101670398,2.302585092994046,4115.678176404101,0.5764255149025351,3.1814999999999993,0.5260760580896058,0.890118357744931
3,1,87148,3485.92,8.840000000000146,10,18.118676138717227,204.21091275322505,124.075512266496,2.302585092994046,4105.828455497155,0.5750460021704699,2.9799000000000015,,
3,1,87149,3485.96,8.88000000000011,10,18.097448762617372,203.745251504025,123.77240021153598,2.302585092994046,4095.437447199776,0.5735906788795205,2.7772499999999973,,
3,1,87150,3486.0,8.920000000000073,10,18.079277806222347,203.33378433689998,123.52650165766397,2.302585092994046,4085.310917048874,0.5721723973457807,2.5756499999999996,,
3,1,87151,3486.04,8.960000000000036,10,18.062262070461053,202.95519584759998,123.29011525441601,2.302585092994046,4075.40019419704,0.5707843409239551,2.374050000000002,,
3,1,87152,3486.08,9.0,10,18.046000530547595,202.59314168310004,123.06499346542401,2.302585092994046,4065.492172952215,0.5693966628784615,2.1713999999999976,0.5191758484410512,0.8814016518637579
3,1,87153,3486.12,9.039999999999964,10,18.030417964204407,202.26390824902504,122.83206371488,2.302585092994046,4056.2171612667908,0.5680976416340043,1.9697999999999998,,
3,1,87154,3486.16,9.079999999999927,10,18.014868658845668,201.9111851925,122.62430760295999,2.302585092994046,4045.9681874694984,0.5666622111301819,1.7682000000000022,,
3,1,87155,3486.2,9.11999999999989,10,18.00039702762539,201.56310156622501,122.45119158591999,2.302585092994046,4035.7092497674116,0.5652253851214862,1.5665999999999989,,
3,1,87156,3486.24,9.159999999999854,10,17.987765708441835,201.2377489101,122.32196627169601,2.302585092994046,4026.0483183945234,0.5638723135006335,1.3639500000000002,,
3,1,87157,3486.28,9.200000000000273,10,17.97521737604052,200.89937297272505,122.20906674318398,2.302585092994046,4016.539580679376,0.56254055751812,1.1623500000000027,0.5127924775440897,0.8734824568818012
3,1,87158,3486.32,9.240000000000236,10,17.96358789704632,200.593056577725,122.09743355718399,2.302585092994046,4006.1768826935827,0.5610891992568043,0.9607499999999991,,
3,1,87159,3486.36,9.2800000000002,10,17.952967502943377,200.315899720125,121.99314244161602,2.302585092994046,3996.691374561407,0.5597606967172839,0.7581000000000004,,
3,1,87160,3486.4,9.320000000000164,10,17.94280917251535,200.03779480072495,121.90660620057602,2.302585092994046,3986.6061971642143,0.5583482068857443,0.5565000000000029,,
3,1,87161,3486.44,9.360000000000127,10,17.934354314416673,199.81115703989997,121.82990763513598,2.302585092994046,3977.0724397399767,0.5570129467422936,0.3548999999999994,,
3,1,87162,3486.48,9.400000000000091,10,17.92562313889336,199.589648748525,121.738316169104,2.302585092994046,3966.358649120977,0.5555124158432742,0.15225000000000072,0.5053298511628921,0.8654045031749306
3,1,87163,3486.52,9.440000000000055,10,17.916730665536722,199.36637621459997,121.64286152678399,2.302585092994046,3955.0534365281114,0.5539290527350296,-0.049349999999996896,,
3,1,87164,3486.56,9.480000000000018,10,17.908499433800813,199.15649694989997,121.557855020544,2.302585092994046,3943.7605627188223,0.5523474177477343,-0.25095000000000034,,
3,1,87165,3486.6,9.519999999999982,10,17.899936039428745,198.93889480500002,121.46881541063999,2.302585092994046,3931.5294167285256,0.5506343720908298,-0.453599999999999,,
3,1,87166,3486.64,9.559999999999945,10,17.891969311344823,198.75085241602494,121.37171342207998,2.302585092994046,3918.622624589797,0.5488266981218203,-0.6552000000000024,,
3,1,87167,3486.68,9.599999999999909,10,17.885117978859295,198.5740616349,121.303383482816,2.302585092994046,3905.5509154939687,0.5469959265397715,-0.8567999999999942,0.4963884064222418,0.8562165610694652
3,1,87168,3486.72,9.639999999999873,10,17.878396488067967,198.412640255025,121.22442072953602,2.302585092994046,3891.8660536860657,0.5450792792277402,-1.0594500000000044,,
3,1,87169,3486.76,9.680000000000291,10,17.873250681200552,198.28498198950004,121.16810792353601,2.163955656882057,3878.1521508744604,0.5431585645482437,-1.2610499999999965,,
3,1,87170,3486.8,9.720000000000255,10,17.869648692627422,198.185023926225,121.13932047169598,2.163955656882057,3863.952179271791,0.5411697730072537,-1.4626499999999998,,
3,1,87171,3486.84,9.760000000000218,10,17.865211278835858,198.07767256409997,121.08810147334403,2.163955656882057,3848.975013482918,0.5390721307399045,-1.6642500000000031,,
3,1,87172,3486.88,9.800000000000182,10,17.86201281377183,197.97262461112504,121.078877148224,2.163955656882057,3834.0173338586783,0.5369772176272658,-1.866900000000002,0.4871707589709772,0.8467956934614679
3,1,87173,3486.92,9.840000000000146,10,17.85777148069459,197.84264409472502,121.05735816198403,2.163955656882057,3818.8453348976823,0.5348522878007957,-2.0685000000000056,,
3,1,87174,3486.96,9.88000000000011,10,17.85244143612195,197.6787122121,121.030953018064,2.163955656882057,3803.154172369659,0.5326546459901483,-2.270099999999997,,
3,1,87175,3487.0,9.920000000000073,10,17.845597680777633,197.464671054,121.000685530176,2.163955656882057,3787.2768327686435,0.5304309289591939,-2.472749999999996,,
3,1,87176,3487.04,9.960000000000036,10,17.838537588800854,197.23544177872498,120.97798152833597,2.163955656882057,3771.9230487748882,0.528280539044102,-2.674349999999999,,
3,1,87177,3487.08,10.0,10,17.833080703184294,196.9811476731,121.03761969318398,2.163955656882057,3757.359410996181,0.5262408138650113,-2.8759500000000027,0.48072006296317793,0.8378700600182942
3,1,87178,3487.12,10.039999999999964,10,17.82627659857257,196.71930961200002,121.05682775681598,2.163955656882057,3742.399880521213,0.5241456415295818,-3.0786000000000016,,
3,1,87179,3487.16,10.079999999999927,10,17.82051849409708,196.47322340940002,121.09765598905601,2.163955656882057,3727.888601102305,0.5221132494541043,-3.2802000000000047,,
3,1,87180,3487.2,10.11999999999989,10,17.813338638644357,196.19572773149997,121.11930572352,2.163955656882057,3712.4575840940042,0.5199520425901966,-3.4817999999999967,,
3,1,87181,3487.24,10.159999999999854,10,17.8056143426444,195.9221309346,121.11777118438401,2.163955656882057,3696.4614538368505,0.5177116882124441,-3.684449999999995,,
3,1,87182,3487.28,10.200000000000273,10,17.798305484010438,195.66248975910003,121.11718834305597,2.302585092994046,3680.14843855397,0.5154269521784272,-3.8860499999999987,0.4706016029356491,0.8276853836160399
3,1,87183,3487.32,10.240000000000236,10,17.790994046482197,195.429216469725,121.09025269224,2.302585092994046,3663.4256271817485,0.5130848217341385,-4.087650000000002,,
3,1,87184,3487.36,10.2800000000002,10,17.785131031471455,195.23272137862494,121.07816442798398,2.302585092994046,3646.671881769522,0.5107383587912495,-4.290300000000001,,
3,1,87185,3487.4,10.320000000000164,10,17.781938160302552,195.083427609,121.11389712782402,2.302585092994046,3631.236948670969,0.5085766034553177,-4.491900000000005,,
3,1,87186,3487.44,10.360000000000127,10,17.77927040998657,194.9446552284,121.157801083024,2.302585092994046,3615.105722238119,0.5063173280445545,-4.693499999999996,,
3,1,87187,3487.48,10.400000000000091,10,17.777928707333032,194.85705860459998,121.197690518416,2.302585092994046,3599.505980320914,0.5041324902410244,-4.895099999999999,0.4622969452596536,0.8154575337516519
3,1,87188,3487.52,10.440000000000055,10,17.777290814515016,194.80689000360002,121.22517870024001,2.302585092994046,3583.99798677785,0.5019605023498389,-5.097749999999998,,
3,1,87189,3487.56,10.480000000000018,10,17.777641911920966,194.76938711002498,121.27516483846398,2.302585092994046,3568.587068712665,0.49980211046395867,-5.299350000000001,,
3,1,87190,3487.6,10.519999999999982,10,17.778346494307055,194.74626617459995,121.32333789704,2.302585092994046,3553.343272443491,0.4976671249920856,-5.500950000000005,,
3,1,87191,3487.64,10.559999999999945,10,17.778604492322113,194.7074801364,121.371297558016,2.302585092994046,3538.4917074735285,0.49558707387584433,-5.703600000000003,,
3,1,87192,3487.68,10.599999999999909,10,17.777980408180223,194.64431702939996,121.41227036423997,2.302585092994046,3522.897750734396,0.4934030463213441,-5.905199999999995,0.45248367724795274,0.8004625075815271
3,1,87193,3487.72,10.639999999999873,10,17.7739306132701,194.5467396495,121.36586979584001,2.302585092994046,3507.21923757272,0.491207176130633,-6.106799999999999,,
3,1,87194,3487.76,10.680000000000291,10,17.76994541206427,194.41969923599999,121.35126071174402,2.302585092994046,3491.9800675689776,0.48907283859509487,-6.309449999999997,,
3,1,87195,3487.8,10.720000000000255,10,17.763224678316266,194.2541084106,121.27804256174397,2.302585092994046,3476.2364467526954,0.48686784968525154,-6.511050000000001,,
3,1,87196,3487.84,10.760000000000218,10,17.7557339808942,194.059869089625,121.20622011065598,2.302585092994046,3459.831185832295,0.484570194094159,-6.7126500000000044,,
3,1,87197,3487.88,10.800000000000182,10,17.74774534229337,193.8579430284,121.12452170649598,2.302585092994046,3442.841596358997,0.4821906997701677,-6.915300000000003,0.4396455980792451,0.7825723237847477
3,1,87198,3487.92,10.840000000000146,10,17.741328793455015,193.6775793645,121.07716799297597,2.302585092994046,3425.827057755875,0.4798077111702906,-7.116899999999995,,
3,1,87199,3487.96,10.88000000000011,10,17.73482723085751,193.528733320125,120.99536358824002,2.302585092994046,3408.4413690763004,0.477372740766989,-7.3184999999999985,,
3,1,87200,3488.0,10.920000000000073,10,17.727076876745244,193.38271424009997,120.86654035393602,2.302585092994046,3391.5102643040154,0.4750014375775933,-7.521149999999997,,
3,1,87201,3488.04,10.960000000000036,10,17.7194507450728,193.24858745272496,120.73034725433597,2.302585092994046,3375.658011055074,0.47278123404132677,-7.7227500000000004,,
3,1,87202,3488.08,11.0,10,17.712752037003735,193.13970903989997,120.60187568448002,2.302585092994046,3359.876229209891,0.47057090044956457,-7.924350000000004,0.4292597168940518,0.7653824408669947
3,1,87203,3488.12,11.039999999999964,10,17.705986551795302,193.00728159090002,120.494678181456,2.302585092994046,3344.2199256028352,0.46837814084073337,-8.125949999999996,,
3,1,87204,3488.16,11.079999999999927,10,17.698566998469,192.879234198,120.36003960129604,2.302585092994046,3327.3327693510996,0.4660129929063164,-8.328599999999994,,
3,1,87205,3488.2,11.11999999999989,10,17.691982016849778,192.75739974539997,120.24882793913598,2.302585092994046,3308.7974803739035,0.46341701405796965,-8.530199999999997,,
3,1,87206,3488.24,11.159999999999854,10,17.68479734234113,192.62604723389998,120.126009805776,2.302585092994046,3286.69025791243,0.4603207644135057,-8.731800000000002,,
3,1,87207,3488.28,11.200000000000273,10,17.67873867390703,192.50224561260003,120.03555548769603,2.302585092994046,3267.3550564170955,0.45761275299959325,-8.93445,0.41562307063551485,0.7499151296348311
3,1,87208,3488.32,11.240000000000236,10,17.672799711595474,192.363868467225,119.96398117894401,2.302585092994046,3247.3064038890266,0.4548048184718524,-9.136050000000003,,
3,1,87209,3488.36,11.2800000000002,10,17.668321526077683,192.26214902790002,119.90743652096,2.302585092994046,3231.7816292674142,0.4526304802895538,-9.337649999999995,,
3,1,87210,3488.4,11.320000000000164,10,17.663193712496078,192.142898714025,119.84551341113601,2.302585092994046,3216.4653546853906,0.450485343793472,-9.540300000000006,,
3,1,87211,3488.44,11.360000000000127,10,17.65867959239821,192.010139853525,119.81882509345603,2.302585092994046,3201.763059858845,0.4484261988597823,-9.741899999999998,,
3,1,87212,3488.48,11.400000000000091,10,17.653498817273277,191.880932233725,119.765088257744,2.302585092994046,3186.852780332354,0.4463379244162961,-9.9435,0.4101629898384467,0.7361741136075004
3,1,87213,3488.52,11.440000000000055,10,17.6499555937617,191.7551280204,119.76580444135998,2.302585092994046,3172.338213149358,0.44430507186965795,-10.146149999999999,,
3,1,87214,3488.56,11.480000000000018,10,17.644481414881795,191.61280811452502,119.71491628558401,2.302585092994046,3157.559174833661,0.44223517854813177,-10.347750000000003,,
3,1,87215,3488.6,11.519999999999982,10,17.63890316803559,191.458454355,119.67245061633601,2.302585092994046,3142.6538775548897,0.44014760189844393,-10.549349999999995,,
3,1,87216,3488.64,11.559999999999945,10,17.634062042468948,191.3099876919,119.65015642574403,2.302585092994046,3127.8856529012764,0.43807922309541686,-10.752000000000004,,
3,1,87217,3488.68,11.599999999999909,10,17.62847223020705,191.187829644525,119.57520352665601,2.302585092994046,3112.5556313553393,0.4359321612542492,-11.119499999999999,0.39919998048462707,0.716332494972909
3,1,87218,3488.72,11.639999999999873,10,17.625418518455923,191.11297637722495,119.54240157350401,2.302585092994046,3097.1942060037168,0.4337807011209687,-11.527950000000006,,
3,1,87219,3488.76,11.680000000000291,10,17.623076744780406,191.07173170889996,119.50110224352002,2.302585092994046,3081.289878966574,0.43155320433705524,-11.937449999999995,,
3,1,87220,3488.8,11.720000000000255,10,17.622505092800203,191.06924081962504,119.48344492614402,2.302585092994046,3065.8097259257343,0.4293851156758731,-12.345900000000002,,
3,1,87221,3488.84,11.760000000000218,10,17.624065620472933,191.1336122556,119.474076739136,2.302585092994046,3049.880655489887,0.42715415342995616,-12.755400000000003,,
3,1,87222,3488.88,11.800000000000182,10,17.6241485254427,191.20293851400004,119.40767273286401,2.302585092994046,3032.598747883182,0.42473371819092187,-13.163849999999998,0.388846192582685,0.6960189764300078
3,1,87223,3488.92,11.840000000000146,10,17.62550900381674,191.293891688025,119.36467595559998,2.302585092994046,3014.759552055263,0.422235231380289,-13.57335,,
3,1,87224,3488.96,11.88000000000011,10,17.625551522824725,191.38329345712503,119.276773026624,2.302585092994046,2994.910993627391,0.41945532123632917,-13.981799999999994,,
3,1,87225,3489.0,11.920000000000073,10,17.626606576026738,191.50109275972503,119.19616662630403,2.302585092994046,2975.347969501362,0.416715401890947,-14.39025,,
3,1,87226,3489.04,11.960000000000036,10,17.62883939792396,191.6554887009,119.120489816896,2.302585092994046,2955.8650148690626,0.4139866967603729,-14.799750000000001,,
3,1,87227,3489.08,12.0,10,17.632200290392717,191.818503744525,119.075983336,2.302585092994046,2937.0034125562493,0.4113450157641805,-15.208199999999996,0.37978308353124485,0.6758485358390405
3,1,87228,3489.12,12.039999999999964,10,17.636497298633873,191.9808035964,119.06523336832001,2.302585092994046,2918.5921879992343,0.40876641288504684,-15.617699999999997,,
3,1,87229,3489.16,12.079999999999927,10,17.64082707663677,192.15967047322505,119.03910947457602,2.163955656882057,2900.211988819589,0.4061921552968612,-16.026150000000005,,
3,1,87230,3489.2,12.11999999999989,10,17.644012638682394,192.34464623640002,118.96653575758401,2.163955656882057,2881.769288900943,0.4036091441037736,-16.435649999999995,,
3,1,87231,3489.24,12.159999999999854,10,17.64724516466397,192.51869513309998,118.90656676865599,2.163955656882057,2863.5289097197847,0.4010544691484292,-16.8441,,
3,1,87232,3489.28,12.200000000000273,10,17.649044789571928,192.69203653350002,118.796745450816,2.163955656882057,2844.6077685307073,0.3984044493740486,-17.253600000000002,0.3699881551558154,0.6556684757928941
3,1,87233,3489.32,12.240000000000236,10,17.65153366157751,192.85632473309997,118.720315872704,2.163955656882057,2826.0382206428885,0.395803672358948,-17.662049999999997,,
3,1,87234,3489.36,12.2800000000002,10,17.653563228861902,193.01612378422502,118.6321708912,2.163955656882057,2807.0437652000587,0.3931433844818009,-18.07155,,
3,1,87235,3489.4,12.320000000000164,10,17.656842307187205,193.2072049719,118.55687528897599,2.163955656882057,2788.609928221022,0.3905616145967818,-18.480000000000004,,
3,1,87236,3489.44,12.360000000000127,10,17.66151356568063,193.43848977022498,118.49057166049597,2.163955656882057,2769.894532279578,0.38794041068341434,-18.889499999999995,,
3,1,87237,3489.48,12.400000000000091,10,17.667039742501174,193.69182745710003,118.43246580601598,2.163955656882057,2751.4774477694396,0.38536098708255456,-19.29795,0.38525163462765827,0.7068584348001996
3,1,87238,3489.52,12.440000000000055,10,17.675903349326845,193.9726745586,118.464884656144,2.163955656882057,2733.559738356431,0.382851503971489,-19.70745,,
3,1,87239,3489.56,12.480000000000018,10,17.683787264689116,194.285454745725,118.43087727705601,2.163955656882057,2714.85594665682,0.3802319253020756,-20.115899999999996,,
3,1,87240,3489.6,12.519999999999982,10,17.69425277498589,194.63599853459996,118.450582730496,2.163955656882057,2696.4201571029334,0.37764988194718957,-20.525399999999998,,
3,1,87241,3489.64,12.559999999999945,10,17.704675428296223,195.0210557001,118.43447632121601,2.163955656882057,2677.114930347397,0.374946068676106,-20.933850000000007,,
3,1,87242,3489.68,12.599999999999909,10,17.716112713329526,195.41737887209996,118.44327079929602,2.163955656882057,2657.504879448285,0.3721995629479391,-21.343349999999994,0.3781069612503969,0.6906262513913024
3,1,87243,3489.72,12.639999999999873,10,17.727032234144577,195.82828147102495,118.41939035937598,2.163955656882057,2637.078682731012,0.3693387510827748,-21.751800000000003,,
3,1,87244,3489.76,12.680000000000291,10,17.73626620492205,196.21951677090001,118.35562212095999,2.163955656882057,2615.246519803987,0.3662810251826313,-22.161300000000004,,
3,1,87245,3489.8,12.720000000000255,10,17.74880799730013,196.655035637025,118.36514968800002,2.163955656882057,2592.673851630654,0.3631195870631168,-22.56975,,
3,1,87246,3489.84,12.760000000000218,10,17.7611912690913,197.109880170525,118.35003512672002,2.163955656882057,2571.4526943146393,0.3601474361785209,-22.97925,,
3,1,87247,3489.88,12.800000000000182,10,17.77376692123493,197.58735020902503,118.31944036136001,2.163955656882057,2549.640655589773,0.3570925287940858,-23.387700000000006,0.3696188474124868,0.6685633614715362
3,1,87248,3489.92,12.840000000000146,10,17.787251269130625,198.09870915712503,118.28759855406399,2.163955656882057,2528.612932406535,0.35414746952472476,-23.797199999999997,,
3,1,87249,3489.96,12.88000000000011,10,17.801567638581048,198.62445889440002,118.27135149657597,2.163955656882057,2508.269324702337,0.3512982247482265,-24.205650000000002,,
3,1,87250,3490.0,12.920000000000073,10,17.816096174024654,199.17903491639998,118.23424796569596,2.163955656882057,2488.324002448243,0.3485047622476531,-24.615150000000003,,
3,1,87251,3490.04,12.960000000000036,10,17.830437345863952,199.72157723910001,118.20291870568,2.163955656882057,2469.652372990017,0.3458896880938399,-25.0236,,
3,1,87252,3490.08,13.0,10,17.84392158431854,200.28100533052503,118.12453217678402,2.163955656882057,2451.84795855422,0.34339607262664135,-25.4331,0.3610951899451715,0.6476163432739398
3,1,87253,3490.12,13.039999999999964,10,17.85879005006165,200.887607974725,118.04877407745599,2.163955656882057,2434.62916983296,0.34098447756764144,-25.841550000000005,,
3,1,87254,3490.16,13.079999999999927,10,17.873203236565878,201.48486062512495,117.966533310464,2.163955656882057,2417.673394012724,0.3386097190494012,-26.251049999999996,,
3,1,87255,3490.2,13.11999999999989,10,17.889150565925732,202.14340773322496,117.878300237136,2.163955656882057,2401.49325920045,0.3363435937255532,-26.6595,,
3,1,87256,3490.24,13.159999999999854,10,17.905318558116637,202.81916256210002,117.78127010553598,2.163955656882057,2385.7615029387816,0.3341402665180367,-27.069000000000003,,
3,1,87257,3490.28,13.200000000000273,10,17.921044514225056,203.48827598609998,117.675560494736,2.163955656882057,2370.420621540482,0.3319916836891431,-27.477449999999997,0.35377031128582087,0.6287667586204325
3,1,87258,3490.32,13.240000000000236,10,17.938446535747318,204.200825495625,117.58703862024,2.163955656882057,2355.570809055928,0.3299118780190375,-27.88695,,
3,1,87259,3490.36,13.2800000000002,10,17.95642919180971,204.91933677389997,117.51401254657601,2.163955656882057,2340.77589775251,0.32783976158998734,-28.295400000000004,,
3,1,87260,3490.4,13.320000000000164,10,17.975121750315797,205.67883429450004,117.42616764417599,2.163955656882057,2326.2850837058254,0.3258102358131407,-28.704899999999995,,
3,1,87261,3490.44,13.360000000000127,10,17.99401600574524,206.45173005659996,117.33288195841597,2.163955656882057,2312.148148435801,0.32383027289016814,-29.11335,,
3,1,87262,3490.48,13.400000000000091,10,18.013126686514617,207.22991090602505,117.24282211840003,2.163955656882057,2298.1964696810815,0.3218762562578545,-29.522850000000002,0.347897587225536,0.6133232631787908
3,1,87263,3490.52,13.440000000000055,10,18.03146752847757,208.00956825652506,117.124252974016,2.163955656882057,2284.4235148837874,0.3199472709921271,-29.931299999999997,,
3,1,87264,3490.56,13.480000000000018,10,18.049713741587038,208.82524475609998,116.96692139713598,2.163955656882057,2270.9621222080013,0.3180619218778713,-30.339750000000006,,
3,1,87265,3490.6,13.519999999999982,10,18.068192124978083,209.6522906436,116.80727602151998,2.163955656882057,2257.5939223309697,0.3161896249763262,-30.749250000000007,,
3,1,87266,3490.64,13.559999999999945,10,18.085586455230143,210.47172654690002,116.616710882704,2.163955656882057,2244.5491483481705,0.3143626258190716,-31.157700000000002,,
3,1,87267,3490.68,13.599999999999909,10,18.103907308003677,211.30137932872498,116.450080488064,2.163955656882057,2231.7906957355735,0.31257572769405795,-31.567200000000003,0.3397004426931549,0.5945795432216495
3,1,87268,3490.72,13.639999999999873,10,18.121633258991007,212.169410786025,116.22418118734399,2.302585092994046,2218.436697540731,0.31070541982363176,-31.975649999999998,,
3,1,87269,3490.76,13.680000000000291,10,18.142042765443506,213.07504648972503,116.05866921345599,2.302585092994046,2206.0070216893764,0.3089645688640583,-32.385149999999996,,
3,1,87270,3490.8,13.720000000000255,10,18.16244084699799,213.988579753725,115.885677766976,2.302585092994046,2194.3569889456085,0.307332911617032,-32.793600000000005,,
3,1,87271,3490.84,13.760000000000218,10,18.183276687036937,214.923786403725,115.707764673616,2.302585092994046,2183.458084440336,0.30580645440340837,-33.20309999999999,,
3,1,87272,3490.88,13.800000000000182,10,18.203434715681023,215.869997062125,115.495038385936,2.163955656882057,2172.94466869967,0.3043339872128389,-33.61155,0.33303307308443825,0.5771558817754696
3,1,87273,3490.92,13.840000000000146,10,18.22459533573034,216.85479300449998,115.281082146624,2.163955656882057,2163.0445127947323,0.3029474107555648,-34.02105,,
3,1,87274,3490.96,13.88000000000011,10,18.2451291086647,217.83025695689997,115.05447923494398,2.163955656882057,2153.2963216616026,0.3015821178797763,-34.4295,,
3,1,87275,3491.0,13.920000000000073,10,18.26619034036022,218.82684579052503,114.82686375974401,2.163955656882057,2143.7545191526,0.30024573097375346,-34.839,,
3,1,87276,3491.04,13.960000000000036,10,18.28832566973721,219.85686942502497,114.60598637734401,2.302585092994046,2135.065214717396,0.2990287415570583,-35.24745000000001,,
3,1,87277,3491.08,14.0,10,18.311354686814653,220.900268633625,114.40544183270399,2.302585092994046,2127.2070912513,0.2979281640407983,-35.656949999999995,0.3283179606660828,0.5604072880996787
3,1,87278,3491.12,14.039999999999964,10,18.334573272258726,221.95716031440003,114.199416761424,2.302585092994046,2119.738446593752,0.29688213537727626,-36.065400000000004,,
3,1,87279,3491.16,14.079999999999927,10,18.358521111152744,223.047178085025,113.98811930361603,2.302585092994046,2113.3926997837066,0.29599337531984693,-36.474900000000005,,
3,1,87280,3491.2,14.11999999999989,10,18.382842243314418,224.13319482802507,113.79569411455998,2.302585092994046,2107.068266570212,0.2951076003599737,-36.88335,,
3,1,87281,3491.24,14.159999999999854,10,18.40803520243983,225.2579346234,113.597825390864,2.302585092994046,2100.958218728166,0.2942518513624882,-37.29285,,
3,1,87282,3491.28,14.200000000000273,10,18.43281937961754,226.38240661049994,113.38642367110401,2.302585092994046,2094.3928704397586,0.29333233479548443,-37.7013,0.32462296434564747,0.5451986887291698
3,1,87283,3491.32,14.240000000000236,10,18.457478272067394,227.51155407959996,113.16695008424001,2.302585092994046,2087.5556359561706,0.29237473892943566,-38.1108,,
3,1,87284,3491.36,14.2800000000002,10,18.482930833016418,228.650737573125,112.96799460494398,2.302585092994046,2081.2558730269757,0.2914924191914532,-38.51925,,
3,1,87285,3491.4,14.320000000000164,10,18.50788375498779,229.764664147725,112.777096940416,2.302585092994046,2075.4085855979483,0.2906734713722617,-38.92875,,
3,1,87286,3491.44,14.360000000000127,10,18.532425118472243,230.85261247072498,112.59816830105599,2.302585092994046,2069.908075098989,0.2899030917505587,-39.337199999999996,,
3,1,87287,3491.48,14.400000000000091,10,18.554507094880854,231.91788248999995,112.351851043984,2.302585092994046,2063.3651591003063,0.28898671696082723,-39.7467,0.3211445440131922,0.531930115774767
3,1,87288,3491.52,14.440000000000055,10,18.577549330948795,232.99818144750003,112.12715769633598,2.302585092994046,2057.163392588329,0.2881181222112505,-40.155150000000006,,
3,1,87289,3491.56,14.480000000000018,10,18.603291769880432,234.10313968072495,111.97932499457602,2.302585092994046,2050.914870904917,0.28724297911833563,-40.56464999999999,,
3,1,87290,3491.6,14.519999999999982,10,18.627235104244242,235.188262516725,111.78562511206398,2.302585092994046,2044.491837869225,0.2863433946595553,-40.9731,,
3,1,87291,3491.64,14.559999999999945,10,18.651837155517416,236.28494183489997,111.60608744104002,2.302585092994046,2038.4985680325824,0.28550400112501156,-41.382600000000004,,
3,1,87292,3491.68,14.599999999999909,10,18.6758000314949,237.367585865025,111.41792095136,2.302585092994046,2032.4461271075877,0.28465632032319155,-41.79105,0.31774859801335054,0.5191584431839987
3,1,87293,3491.72,14.639999999999873,10,18.699544292041583,238.453225112025,111.219731618,2.302585092994046,2026.6117212394179,0.2838391766441762,-42.20055,,
3,1,87294,3491.76,14.680000000000291,10,18.721602882460036,239.51629987739997,110.98211461113598,2.302585092994046,2020.8180024358924,0.2830277314335984,-42.609,0.30141346676021397,0.46991149512745795
